campaign_id,campaign_name,source_trend_id,source_trend,season,target_segment,campaign_goal,budget_zar,primary_channel,secondary_channels,campaign_message,kpi_focus,target_roi_pct,forecasted_revenue_zar_m,risk_and_mitigation,business_value_summary
CAMP-0001,Denim Revival 001,TREND-0029,Summer Crochet Edit,Autumn,Conscious shoppers,drive in-store traffic,693886,Paid social,"Instagram Stories, In-store displays, Campus activations",Fresh fits for everyday confidence,engagement rate,123,7.43,low conversion: add creator styling guides,Converts Summer Crochet Edit into a measurable campaign opportunity linked to margin protection.
CAMP-0002,Active Street Drop 002,TREND-0117,Resort Neutrals,Graduation/Occasionwear,Sneaker culture audience,test new trend,291741,Website homepage,"Instagram Reels, Email, WhatsApp",Style that moves with your life,new customer acquisition,213,7.02,pricing concern: add entry-level items,Converts Resort Neutrals into a measurable campaign opportunity linked to customer acquisition.
CAMP-0003,Coastal Summer Linen 003,TREND-0024,Oversized Knitwear,Heritage Month,Conscious shoppers,test new trend,551228,Creator events,"WhatsApp, Instagram Reels, Paid social","Local style, real value",new customer acquisition,221,13.23,brand fit concern: use local creators,Converts Oversized Knitwear into a measurable campaign opportunity linked to better campaign ROI.
CAMP-0004,Denim Revival 004,TREND-0157,Sustainable Denim Capsule,Heritage Month,Sneaker culture audience,improve brand relevance,657079,In-store displays,"TikTok, Instagram Stories, WhatsApp",Trend-led fashion made accessible,new customer acquisition,230,5.56,low conversion: add creator styling guides,Converts Sustainable Denim Capsule into a measurable campaign opportunity linked to reduced markdown risk.
CAMP-0005,Denim Revival 005,TREND-0042,Relaxed Cargo Denim,Heritage Month,Holiday shoppers,launch new collection,826635,TikTok,"In-store displays, Email, Campus activations","Local style, real value",conversion rate,200,13.68,low conversion: add creator styling guides,Converts Relaxed Cargo Denim into a measurable campaign opportunity linked to reduced markdown risk.
CAMP-0006,Denim Revival 006,TREND-0031,Y2K Streetwear,Summer,Holiday shoppers,launch new collection,83704,Campus activations,"Email, TikTok, Website homepage","Local style, real value",engagement rate,189,11.91,pricing concern: add entry-level items,Converts Y2K Streetwear into a measurable campaign opportunity linked to better campaign ROI.
CAMP-0007,Festival Fits 007,TREND-0156,Campus Sneaker Culture,Back to Campus,Campus shoppers,launch new collection,307408,Campus activations,"Creator events, Website homepage, Campus activations","Local style, real value",engagement rate,130,1.91,brand fit concern: use local creators,Converts Campus Sneaker Culture into a measurable campaign opportunity linked to customer acquisition.
CAMP-0008,Street Utility Edit 008,TREND-0154,Winter Layering Essentials,Winter,Young professionals,launch new collection,653929,Email,"Campus activations, Paid social, YouTube Shorts",Own the season for less,revenue uplift,138,14.91,pricing concern: add entry-level items,Converts Winter Layering Essentials into a measurable campaign opportunity linked to reduced markdown risk.
CAMP-0009,Heritage Style Drop 009,TREND-0168,Winter Layering Essentials,Spring,Sneaker culture audience,increase sales,232436,TikTok,"Creator events, Campus activations, Email",Fresh fits for everyday confidence,ROI,126,3.34,pricing concern: add entry-level items,Converts Winter Layering Essentials into a measurable campaign opportunity linked to better campaign ROI.
CAMP-0010,Denim Revival 010,TREND-0107,Utility Cargo Streetwear,Spring,Holiday shoppers,launch new collection,784737,Email,"Campus activations, Creator events, Paid social",Style that moves with your life,engagement rate,215,4.39,brand fit concern: use local creators,Converts Utility Cargo Streetwear into a measurable campaign opportunity linked to revenue growth.
CAMP-0011,Street Utility Edit 011,TREND-0093,Campus Sneaker Culture,Spring,Young working adults,increase sales,393833,WhatsApp,"WhatsApp, In-store displays, Instagram Reels","Local style, real value",sell-through,128,10.35,trend fatigue: limit campaign duration,Converts Campus Sneaker Culture into a measurable campaign opportunity linked to margin protection.
CAMP-0012,Denim Revival 012,TREND-0121,Winter Layering Essentials,Spring,Budget-conscious families,increase sales,808361,Email,"WhatsApp, Paid social, In-store displays",Trend-led fashion made accessible,revenue uplift,209,14.37,low conversion: add creator styling guides,Converts Winter Layering Essentials into a measurable campaign opportunity linked to improved sell-through.
CAMP-0013,Street Utility Edit 013,TREND-0157,Sustainable Denim Capsule,Heritage Month,Sneaker culture audience,increase sales,679121,Creator events,"Paid social, Instagram Reels, Website homepage",Trend-led fashion made accessible,new customer acquisition,156,5.56,stock risk: pilot by region first,Converts Sustainable Denim Capsule into a measurable campaign opportunity linked to reduced markdown risk.
CAMP-0014,Heritage Style Drop 014,TREND-0156,Campus Sneaker Culture,Back to Campus,Campus shoppers,grow younger audience,630912,Campus activations,"Campus activations, WhatsApp, Instagram Stories",Trend-led fashion made accessible,sell-through,183,1.91,brand fit concern: use local creators,Converts Campus Sneaker Culture into a measurable campaign opportunity linked to customer acquisition.
CAMP-0015,Festival Fits 015,TREND-0187,Tech Utility Jackets,Graduation/Occasionwear,Fashion-forward youth,improve brand relevance,268646,Campus activations,"YouTube Shorts, Email, Creator events",Own the season for less,ROI,123,2.15,stock risk: pilot by region first,Converts Tech Utility Jackets into a measurable campaign opportunity linked to improved sell-through.
CAMP-0016,Coastal Summer Linen 016,TREND-0161,Active Street,Autumn,Holiday shoppers,test new trend,297402,Campus activations,"In-store displays, Creator events, TikTok",Fresh fits for everyday confidence,conversion rate,191,10.51,low conversion: add creator styling guides,Converts Active Street into a measurable campaign opportunity linked to revenue growth.
CAMP-0017,Back to Campus Fits 017,TREND-0003,Elevated Basics,Summer,Campus shoppers,test new trend,375307,Email,"Instagram Reels, Email, Campus activations",Trend-led fashion made accessible,sell-through,161,4.49,pricing concern: add entry-level items,Converts Elevated Basics into a measurable campaign opportunity linked to better campaign ROI.
CAMP-0018,Heritage Style Drop 018,TREND-0030,Y2K Streetwear,Summer,Young working adults,grow younger audience,495287,Campus activations,"Campus activations, TikTok, Instagram Stories",Style that moves with your life,conversion rate,226,12.57,trend fatigue: limit campaign duration,Converts Y2K Streetwear into a measurable campaign opportunity linked to customer acquisition.
CAMP-0019,Festival Fits 019,TREND-0173,Festival Street Style,Black Friday,Conscious shoppers,improve brand relevance,117285,Creator events,"Instagram Stories, Website homepage, Creator events","Local style, real value",sell-through,234,12.69,trend fatigue: limit campaign duration,Converts Festival Street Style into a measurable campaign opportunity linked to better campaign ROI.
CAMP-0020,Campus Sneaker Culture 020,TREND-0119,Tech Utility Jackets,Winter,Campus shoppers,test new trend,138743,Paid social,"Email, Campus activations, WhatsApp",Trend-led fashion made accessible,sell-through,122,3.21,low conversion: add creator styling guides,Converts Tech Utility Jackets into a measurable campaign opportunity linked to improved sell-through.
CAMP-0021,Heritage Style Drop 021,TREND-0148,Y2K Streetwear,Winter,Conscious shoppers,drive in-store traffic,450771,Instagram Reels,"Instagram Stories, Email, TikTok",Fresh fits for everyday confidence,engagement rate,200,9.04,brand fit concern: use local creators,Converts Y2K Streetwear into a measurable campaign opportunity linked to better campaign ROI.
CAMP-0022,Denim Revival 022,TREND-0216,Earth Tone Basics,Back to Campus,Budget-conscious families,clear seasonal inventory,715111,In-store displays,"Instagram Stories, Campus activations, Instagram Reels",Fresh fits for everyday confidence,new customer acquisition,229,2.35,trend fatigue: limit campaign duration,Converts Earth Tone Basics into a measurable campaign opportunity linked to customer acquisition.
CAMP-0023,Street Utility Edit 023,TREND-0182,Relaxed Cargo Denim,Winter,Holiday shoppers,grow younger audience,513973,Instagram Reels,"Website homepage, YouTube Shorts, WhatsApp","Local style, real value",conversion rate,147,14.77,brand fit concern: use local creators,Converts Relaxed Cargo Denim into a measurable campaign opportunity linked to improved sell-through.
CAMP-0024,Denim Revival 024,TREND-0078,Earth Tone Basics,Autumn,Holiday shoppers,increase sales,472393,TikTok,"YouTube Shorts, Instagram Reels, Website homepage",Trend-led fashion made accessible,ROI,222,8.12,stock risk: pilot by region first,Converts Earth Tone Basics into a measurable campaign opportunity linked to revenue growth.
CAMP-0025,Denim Revival 025,TREND-0129,Heritage Style Drop,Autumn,Gen Z students,launch new collection,436637,Website homepage,"Paid social, Email, WhatsApp",Style that moves with your life,ROI,225,8.33,brand fit concern: use local creators,Converts Heritage Style Drop into a measurable campaign opportunity linked to customer acquisition.
CAMP-0026,Denim Revival 026,TREND-0174,Elevated Basics,Heritage Month,Sneaker culture audience,launch new collection,839767,TikTok,"Website homepage, In-store displays, Paid social",Own the season for less,ROI,159,11.64,pricing concern: add entry-level items,Converts Elevated Basics into a measurable campaign opportunity linked to revenue growth.
CAMP-0027,Active Street Drop 027,TREND-0176,Utility Cargo Streetwear,Autumn,Young professionals,drive in-store traffic,171305,WhatsApp,"Website homepage, TikTok, Instagram Reels",Trend-led fashion made accessible,new customer acquisition,215,11.9,trend fatigue: limit campaign duration,Converts Utility Cargo Streetwear into a measurable campaign opportunity linked to customer acquisition.
CAMP-0028,Active Street Drop 028,TREND-0006,Resort Neutrals,Graduation/Occasionwear,Conscious shoppers,drive in-store traffic,407305,Creator events,"YouTube Shorts, WhatsApp, Creator events",Style that moves with your life,conversion rate,155,11.81,brand fit concern: use local creators,Converts Resort Neutrals into a measurable campaign opportunity linked to improved sell-through.
CAMP-0029,Festival Fits 029,TREND-0082,Soft Tailoring Basics,Black Friday,Young working adults,test new trend,203365,Email,"Instagram Stories, Creator events, Email",Own the season for less,ROI,199,6.8,brand fit concern: use local creators,Converts Soft Tailoring Basics into a measurable campaign opportunity linked to revenue growth.
CAMP-0030,Coastal Summer Linen 030,TREND-0132,Denim Revival,Autumn,Campus shoppers,launch new collection,648882,WhatsApp,"Paid social, WhatsApp, Email",Style that moves with your life,new customer acquisition,222,13.24,trend fatigue: limit campaign duration,Converts Denim Revival into a measurable campaign opportunity linked to customer acquisition.
CAMP-0031,Back to Campus Fits 031,TREND-0147,Campus Sneaker Culture,Back to Campus,Budget-conscious families,launch new collection,154703,Email,"Campus activations, WhatsApp, Paid social","Local style, real value",ROI,136,6.6,pricing concern: add entry-level items,Converts Campus Sneaker Culture into a measurable campaign opportunity linked to better campaign ROI.
CAMP-0032,Street Utility Edit 032,TREND-0121,Winter Layering Essentials,Spring,Budget-conscious families,increase sales,482233,TikTok,"Instagram Reels, In-store displays, Campus activations",Style that moves with your life,new customer acquisition,196,14.37,brand fit concern: use local creators,Converts Winter Layering Essentials into a measurable campaign opportunity linked to improved sell-through.
CAMP-0033,Festival Fits 033,TREND-0162,Monochrome Essentials,Winter,Sneaker culture audience,clear seasonal inventory,452899,Email,"WhatsApp, YouTube Shorts, Paid social",Own the season for less,engagement rate,192,13.28,low conversion: add creator styling guides,Converts Monochrome Essentials into a measurable campaign opportunity linked to better campaign ROI.
CAMP-0034,Festival Fits 034,TREND-0024,Oversized Knitwear,Heritage Month,Conscious shoppers,increase sales,557714,Email,"Creator events, Website homepage, Campus activations",Style that moves with your life,revenue uplift,138,13.23,brand fit concern: use local creators,Converts Oversized Knitwear into a measurable campaign opportunity linked to better campaign ROI.
CAMP-0035,Heritage Style Drop 035,TREND-0067,Bold Graphic Tees,Holiday/Festive,Campus shoppers,improve brand relevance,272259,Creator events,"WhatsApp, Creator events, Website homepage","Local style, real value",ROI,128,6.34,stock risk: pilot by region first,Converts Bold Graphic Tees into a measurable campaign opportunity linked to customer acquisition.
CAMP-0036,Heritage Style Drop 036,TREND-0029,Summer Crochet Edit,Autumn,Conscious shoppers,improve brand relevance,563646,Instagram Stories,"Email, WhatsApp, Instagram Stories",Trend-led fashion made accessible,ROI,171,7.43,pricing concern: add entry-level items,Converts Summer Crochet Edit into a measurable campaign opportunity linked to margin protection.
CAMP-0037,Quiet Luxury Basics 037,TREND-0084,Y2K Streetwear,Winter,Young working adults,test new trend,154369,Email,"Paid social, Website homepage, In-store displays",Trend-led fashion made accessible,engagement rate,150,6.02,brand fit concern: use local creators,Converts Y2K Streetwear into a measurable campaign opportunity linked to margin protection.
CAMP-0038,Quiet Luxury Basics 038,TREND-0063,Tech Utility Jackets,Spring,Holiday shoppers,launch new collection,585806,In-store displays,"Instagram Reels, WhatsApp, YouTube Shorts",Trend-led fashion made accessible,engagement rate,220,11.3,stock risk: pilot by region first,Converts Tech Utility Jackets into a measurable campaign opportunity linked to improved sell-through.
CAMP-0039,Heritage Style Drop 039,TREND-0146,Denim Revival,Winter,Sneaker culture audience,clear seasonal inventory,807851,YouTube Shorts,"Instagram Stories, Instagram Reels, Website homepage",Own the season for less,sell-through,196,13.18,stock risk: pilot by region first,Converts Denim Revival into a measurable campaign opportunity linked to revenue growth.
CAMP-0040,Quiet Luxury Basics 040,TREND-0084,Y2K Streetwear,Winter,Young working adults,increase sales,546843,Instagram Stories,"Email, In-store displays, Instagram Reels",Trend-led fashion made accessible,ROI,207,6.02,brand fit concern: use local creators,Converts Y2K Streetwear into a measurable campaign opportunity linked to margin protection.
CAMP-0041,Campus Sneaker Culture 041,TREND-0198,Oversized Knitwear,Black Friday,Young professionals,grow younger audience,598306,Creator events,"Creator events, TikTok, Instagram Reels",Style that moves with your life,revenue uplift,233,9.81,brand fit concern: use local creators,Converts Oversized Knitwear into a measurable campaign opportunity linked to improved sell-through.
CAMP-0042,Street Utility Edit 042,TREND-0194,Relaxed Cargo Denim,Holiday/Festive,Fashion-forward youth,drive in-store traffic,233852,Creator events,"Instagram Stories, Website homepage, Paid social",Fresh fits for everyday confidence,engagement rate,198,1.91,brand fit concern: use local creators,Converts Relaxed Cargo Denim into a measurable campaign opportunity linked to customer acquisition.
CAMP-0043,Back to Campus Fits 043,TREND-0115,Sustainable Denim Capsule,Autumn,Occasionwear shoppers,launch new collection,794622,WhatsApp,"Email, Campus activations, Creator events","Local style, real value",new customer acquisition,237,8.42,trend fatigue: limit campaign duration,Converts Sustainable Denim Capsule into a measurable campaign opportunity linked to customer acquisition.
CAMP-0044,Active Street Drop 044,TREND-0023,Campus Sneaker Culture,Back to Campus,Conscious shoppers,increase sales,721194,Paid social,"In-store displays, Instagram Stories, Email",Own the season for less,conversion rate,235,4.38,brand fit concern: use local creators,Converts Campus Sneaker Culture into a measurable campaign opportunity linked to revenue growth.
CAMP-0045,Street Utility Edit 045,TREND-0014,Tech Utility Jackets,Autumn,Gen Z students,test new trend,667234,WhatsApp,"Instagram Reels, Email, TikTok",Style that moves with your life,engagement rate,209,13.69,brand fit concern: use local creators,Converts Tech Utility Jackets into a measurable campaign opportunity linked to reduced markdown risk.
CAMP-0046,Heritage Style Drop 046,TREND-0101,Denim Revival,Heritage Month,Gen Z students,test new trend,481384,In-store displays,"In-store displays, Creator events, Paid social",Style that moves with your life,new customer acquisition,142,6.69,stock risk: pilot by region first,Converts Denim Revival into a measurable campaign opportunity linked to reduced markdown risk.
CAMP-0047,Back to Campus Fits 047,TREND-0036,Resort Neutrals,Heritage Month,Occasionwear shoppers,clear seasonal inventory,483277,WhatsApp,"In-store displays, Instagram Stories, Email",Style that moves with your life,revenue uplift,121,8.91,pricing concern: add entry-level items,Converts Resort Neutrals into a measurable campaign opportunity linked to reduced markdown risk.
CAMP-0048,Street Utility Edit 048,TREND-0166,Minimalist Basics,Spring,Young professionals,launch new collection,836379,Website homepage,"Creator events, In-store displays, Instagram Stories",Own the season for less,revenue uplift,202,9.94,stock risk: pilot by region first,Converts Minimalist Basics into a measurable campaign opportunity linked to better campaign ROI.
CAMP-0049,Active Street Drop 049,TREND-0117,Resort Neutrals,Graduation/Occasionwear,Sneaker culture audience,improve brand relevance,733523,Instagram Stories,"Website homepage, Paid social, In-store displays",Trend-led fashion made accessible,engagement rate,169,7.02,trend fatigue: limit campaign duration,Converts Resort Neutrals into a measurable campaign opportunity linked to customer acquisition.
CAMP-0050,Denim Revival 050,TREND-0058,Affordable Quiet Luxury,Summer,Occasionwear shoppers,improve brand relevance,713941,TikTok,"Campus activations, Website homepage, YouTube Shorts",Trend-led fashion made accessible,conversion rate,172,8.07,brand fit concern: use local creators,Converts Affordable Quiet Luxury into a measurable campaign opportunity linked to revenue growth.
CAMP-0051,Heritage Style Drop 051,TREND-0148,Y2K Streetwear,Winter,Conscious shoppers,increase sales,119704,Campus activations,"Website homepage, WhatsApp, Instagram Reels",Trend-led fashion made accessible,engagement rate,208,9.04,pricing concern: add entry-level items,Converts Y2K Streetwear into a measurable campaign opportunity linked to better campaign ROI.
CAMP-0052,Quiet Luxury Basics 052,TREND-0037,Festival Street Style,Graduation/Occasionwear,Young professionals,drive in-store traffic,372993,Website homepage,"Paid social, Instagram Reels, Creator events",Trend-led fashion made accessible,ROI,151,15.51,stock risk: pilot by region first,Converts Festival Street Style into a measurable campaign opportunity linked to customer acquisition.
CAMP-0053,Coastal Summer Linen 053,TREND-0162,Monochrome Essentials,Winter,Sneaker culture audience,test new trend,744469,Paid social,"Campus activations, Email, TikTok",Fresh fits for everyday confidence,sell-through,219,13.28,pricing concern: add entry-level items,Converts Monochrome Essentials into a measurable campaign opportunity linked to better campaign ROI.
CAMP-0054,Festival Fits 054,TREND-0121,Winter Layering Essentials,Spring,Budget-conscious families,clear seasonal inventory,572025,Campus activations,"WhatsApp, In-store displays, Creator events",Fresh fits for everyday confidence,conversion rate,141,14.37,pricing concern: add entry-level items,Converts Winter Layering Essentials into a measurable campaign opportunity linked to improved sell-through.
CAMP-0055,Active Street Drop 055,TREND-0178,Summer Crochet Edit,Autumn,Sneaker culture audience,test new trend,398841,Campus activations,"Email, TikTok, Website homepage",Trend-led fashion made accessible,revenue uplift,193,2.42,pricing concern: add entry-level items,Converts Summer Crochet Edit into a measurable campaign opportunity linked to customer acquisition.
CAMP-0056,Sustainable Denim Capsule 056,TREND-0169,Earth Tone Basics,Spring,Gen Z students,drive in-store traffic,734643,TikTok,"Email, Website homepage, Instagram Reels",Style that moves with your life,sell-through,129,12.39,trend fatigue: limit campaign duration,Converts Earth Tone Basics into a measurable campaign opportunity linked to better campaign ROI.
CAMP-0057,Denim Revival 057,TREND-0065,Utility Cargo Streetwear,Heritage Month,Campus shoppers,clear seasonal inventory,374620,Email,"Email, TikTok, Instagram Reels",Trend-led fashion made accessible,revenue uplift,236,2.62,brand fit concern: use local creators,Converts Utility Cargo Streetwear into a measurable campaign opportunity linked to better campaign ROI.
CAMP-0058,Denim Revival 058,TREND-0190,Active Street,Autumn,Young professionals,test new trend,548349,WhatsApp,"Instagram Stories, Email, YouTube Shorts","Local style, real value",revenue uplift,222,12.5,brand fit concern: use local creators,Converts Active Street into a measurable campaign opportunity linked to customer acquisition.
CAMP-0059,Heritage Style Drop 059,TREND-0009,Back to Campus Fits,Holiday/Festive,Conscious shoppers,increase sales,232117,Campus activations,"Instagram Stories, Website homepage, In-store displays","Local style, real value",revenue uplift,204,14.9,stock risk: pilot by region first,Converts Back to Campus Fits into a measurable campaign opportunity linked to customer acquisition.
CAMP-0060,Denim Revival 060,TREND-0186,Workwear Remix,Spring,Gen Z students,launch new collection,685822,WhatsApp,"TikTok, Email, Instagram Reels",Own the season for less,revenue uplift,179,4.85,stock risk: pilot by region first,Converts Workwear Remix into a measurable campaign opportunity linked to improved sell-through.
CAMP-0061,Sustainable Denim Capsule 061,TREND-0122,Campus Sneaker Culture,Heritage Month,Budget-conscious families,improve brand relevance,638388,YouTube Shorts,"In-store displays, Creator events, Website homepage",Fresh fits for everyday confidence,revenue uplift,187,13.82,stock risk: pilot by region first,Converts Campus Sneaker Culture into a measurable campaign opportunity linked to better campaign ROI.
CAMP-0062,Sustainable Denim Capsule 062,TREND-0004,Campus Sneaker Culture,Back to Campus,Budget-conscious families,drive in-store traffic,550622,In-store displays,"Creator events, WhatsApp, Paid social",Own the season for less,ROI,237,9.61,brand fit concern: use local creators,Converts Campus Sneaker Culture into a measurable campaign opportunity linked to margin protection.
CAMP-0063,Heritage Style Drop 063,TREND-0164,Minimalist Basics,Winter,Sneaker culture audience,drive in-store traffic,532760,Campus activations,"Creator events, Email, WhatsApp",Fresh fits for everyday confidence,conversion rate,222,16.77,pricing concern: add entry-level items,Converts Minimalist Basics into a measurable campaign opportunity linked to reduced markdown risk.
CAMP-0064,Active Street Drop 064,TREND-0066,Local Culture Prints,Summer,Budget-conscious families,improve brand relevance,563507,Creator events,"YouTube Shorts, Campus activations, Creator events",Trend-led fashion made accessible,conversion rate,206,15.49,low conversion: add creator styling guides,Converts Local Culture Prints into a measurable campaign opportunity linked to reduced markdown risk.
CAMP-0065,Quiet Luxury Basics 065,TREND-0081,Tech Utility Jackets,Graduation/Occasionwear,Budget-conscious families,increase sales,785483,TikTok,"Instagram Reels, TikTok, In-store displays",Own the season for less,sell-through,133,16.61,stock risk: pilot by region first,Converts Tech Utility Jackets into a measurable campaign opportunity linked to improved sell-through.
CAMP-0066,Back to Campus Fits 066,TREND-0090,Soft Tailoring Basics,Black Friday,Campus shoppers,test new trend,377058,Email,"YouTube Shorts, TikTok, Campus activations",Trend-led fashion made accessible,ROI,127,7.74,brand fit concern: use local creators,Converts Soft Tailoring Basics into a measurable campaign opportunity linked to reduced markdown risk.
CAMP-0067,Back to Campus Fits 067,TREND-0169,Earth Tone Basics,Spring,Gen Z students,clear seasonal inventory,749078,Instagram Reels,"Instagram Reels, Creator events, Instagram Stories","Local style, real value",new customer acquisition,217,12.39,brand fit concern: use local creators,Converts Earth Tone Basics into a measurable campaign opportunity linked to better campaign ROI.
CAMP-0068,Denim Revival 068,TREND-0206,Oversized Knitwear,Back to Campus,Young professionals,increase sales,809445,Instagram Stories,"Email, Creator events, Website homepage",Own the season for less,new customer acquisition,178,9.83,trend fatigue: limit campaign duration,Converts Oversized Knitwear into a measurable campaign opportunity linked to customer acquisition.
CAMP-0069,Campus Sneaker Culture 069,TREND-0197,Relaxed Cargo Denim,Summer,Holiday shoppers,test new trend,780007,WhatsApp,"Email, Instagram Stories, Instagram Reels",Fresh fits for everyday confidence,ROI,168,2.26,stock risk: pilot by region first,Converts Relaxed Cargo Denim into a measurable campaign opportunity linked to revenue growth.
CAMP-0070,Street Utility Edit 070,TREND-0086,Back to Campus Fits,Black Friday,Conscious shoppers,grow younger audience,357521,Instagram Stories,"Website homepage, Instagram Reels, Creator events",Style that moves with your life,sell-through,170,13.75,low conversion: add creator styling guides,Converts Back to Campus Fits into a measurable campaign opportunity linked to better campaign ROI.
CAMP-0071,Festival Fits 071,TREND-0166,Minimalist Basics,Spring,Young professionals,increase sales,230861,Paid social,"In-store displays, YouTube Shorts, Instagram Reels","Local style, real value",new customer acquisition,153,9.94,pricing concern: add entry-level items,Converts Minimalist Basics into a measurable campaign opportunity linked to better campaign ROI.
CAMP-0072,Coastal Summer Linen 072,TREND-0009,Back to Campus Fits,Holiday/Festive,Conscious shoppers,increase sales,679098,Email,"Website homepage, TikTok, Creator events",Style that moves with your life,new customer acquisition,201,14.9,pricing concern: add entry-level items,Converts Back to Campus Fits into a measurable campaign opportunity linked to customer acquisition.
CAMP-0073,Campus Sneaker Culture 073,TREND-0010,Campus Sneaker Culture,Black Friday,Sneaker culture audience,grow younger audience,238971,WhatsApp,"In-store displays, Campus activations, TikTok",Trend-led fashion made accessible,new customer acquisition,240,14.81,stock risk: pilot by region first,Converts Campus Sneaker Culture into a measurable campaign opportunity linked to improved sell-through.
CAMP-0074,Campus Sneaker Culture 074,TREND-0123,Resort Neutrals,Back to Campus,Young professionals,improve brand relevance,843119,Instagram Reels,"Paid social, YouTube Shorts, TikTok","Local style, real value",new customer acquisition,224,6.03,stock risk: pilot by region first,Converts Resort Neutrals into a measurable campaign opportunity linked to improved sell-through.
CAMP-0075,Active Street Drop 075,TREND-0032,Affordable Occasionwear,Holiday/Festive,Young working adults,clear seasonal inventory,456353,WhatsApp,"Creator events, Email, In-store displays",Own the season for less,new customer acquisition,202,6.02,pricing concern: add entry-level items,Converts Affordable Occasionwear into a measurable campaign opportunity linked to margin protection.
CAMP-0076,Quiet Luxury Basics 076,TREND-0094,Workwear Remix,Back to Campus,Budget-conscious families,drive in-store traffic,436581,Instagram Reels,"Website homepage, Email, YouTube Shorts",Style that moves with your life,sell-through,125,3.26,stock risk: pilot by region first,Converts Workwear Remix into a measurable campaign opportunity linked to margin protection.
CAMP-0077,Back to Campus Fits 077,TREND-0170,Monochrome Essentials,Spring,Conscious shoppers,grow younger audience,809685,In-store displays,"Instagram Reels, WhatsApp, Website homepage",Own the season for less,new customer acquisition,176,15.36,low conversion: add creator styling guides,Converts Monochrome Essentials into a measurable campaign opportunity linked to reduced markdown risk.
CAMP-0078,Street Utility Edit 078,TREND-0036,Resort Neutrals,Heritage Month,Occasionwear shoppers,launch new collection,106596,Campus activations,"YouTube Shorts, Website homepage, In-store displays",Own the season for less,sell-through,202,8.91,trend fatigue: limit campaign duration,Converts Resort Neutrals into a measurable campaign opportunity linked to reduced markdown risk.
CAMP-0079,Quiet Luxury Basics 079,TREND-0128,Resort Neutrals,Summer,Young working adults,drive in-store traffic,551132,TikTok,"TikTok, WhatsApp, Creator events",Fresh fits for everyday confidence,new customer acquisition,125,14.23,stock risk: pilot by region first,Converts Resort Neutrals into a measurable campaign opportunity linked to improved sell-through.
CAMP-0080,Back to Campus Fits 080,TREND-0031,Y2K Streetwear,Summer,Holiday shoppers,drive in-store traffic,765611,Creator events,"Paid social, Website homepage, Creator events",Style that moves with your life,new customer acquisition,194,11.91,low conversion: add creator styling guides,Converts Y2K Streetwear into a measurable campaign opportunity linked to better campaign ROI.
CAMP-0081,Street Utility Edit 081,TREND-0019,Affordable Quiet Luxury,Spring,Occasionwear shoppers,test new trend,228468,Website homepage,"Creator events, TikTok, Website homepage",Trend-led fashion made accessible,ROI,151,2.48,low conversion: add creator styling guides,Converts Affordable Quiet Luxury into a measurable campaign opportunity linked to margin protection.
CAMP-0082,Denim Revival 082,TREND-0004,Campus Sneaker Culture,Back to Campus,Budget-conscious families,test new trend,132384,Email,"Instagram Reels, Website homepage, Instagram Stories",Trend-led fashion made accessible,ROI,224,9.61,pricing concern: add entry-level items,Converts Campus Sneaker Culture into a measurable campaign opportunity linked to margin protection.
CAMP-0083,Festival Fits 083,TREND-0030,Y2K Streetwear,Summer,Young working adults,clear seasonal inventory,725533,YouTube Shorts,"Instagram Reels, YouTube Shorts, In-store displays",Fresh fits for everyday confidence,new customer acquisition,206,12.57,stock risk: pilot by region first,Converts Y2K Streetwear into a measurable campaign opportunity linked to customer acquisition.
CAMP-0084,Coastal Summer Linen 084,TREND-0084,Y2K Streetwear,Winter,Young working adults,test new trend,683945,Paid social,"Instagram Stories, WhatsApp, YouTube Shorts",Own the season for less,sell-through,142,6.02,trend fatigue: limit campaign duration,Converts Y2K Streetwear into a measurable campaign opportunity linked to margin protection.
CAMP-0085,Coastal Summer Linen 085,TREND-0017,Bold Graphic Tees,Graduation/Occasionwear,Young professionals,grow younger audience,228097,In-store displays,"Instagram Stories, WhatsApp, Paid social",Style that moves with your life,engagement rate,151,4.6,brand fit concern: use local creators,Converts Bold Graphic Tees into a measurable campaign opportunity linked to improved sell-through.
CAMP-0086,Denim Revival 086,TREND-0011,Tech Utility Jackets,Holiday/Festive,Young professionals,increase sales,742904,Campus activations,"In-store displays, Instagram Stories, TikTok","Local style, real value",ROI,120,5.07,pricing concern: add entry-level items,Converts Tech Utility Jackets into a measurable campaign opportunity linked to margin protection.
CAMP-0087,Coastal Summer Linen 087,TREND-0046,Relaxed Cargo Denim,Summer,Fashion-forward youth,test new trend,763415,Campus activations,"Email, In-store displays, Website homepage",Style that moves with your life,revenue uplift,138,10.89,trend fatigue: limit campaign duration,Converts Relaxed Cargo Denim into a measurable campaign opportunity linked to margin protection.
CAMP-0088,Festival Fits 088,TREND-0134,Weekend Travel Fits,Summer,Campus shoppers,improve brand relevance,330875,Instagram Stories,"Campus activations, TikTok, Instagram Stories","Local style, real value",sell-through,131,16.63,trend fatigue: limit campaign duration,Converts Weekend Travel Fits into a measurable campaign opportunity linked to better campaign ROI.
CAMP-0089,Campus Sneaker Culture 089,TREND-0090,Soft Tailoring Basics,Black Friday,Campus shoppers,increase sales,664801,YouTube Shorts,"YouTube Shorts, Instagram Reels, Paid social",Own the season for less,sell-through,166,7.74,brand fit concern: use local creators,Converts Soft Tailoring Basics into a measurable campaign opportunity linked to reduced markdown risk.
CAMP-0090,Back to Campus Fits 090,TREND-0130,Earth Tone Basics,Winter,Conscious shoppers,improve brand relevance,736895,Creator events,"YouTube Shorts, Email, TikTok",Style that moves with your life,ROI,221,6.7,low conversion: add creator styling guides,Converts Earth Tone Basics into a measurable campaign opportunity linked to improved sell-through.
CAMP-0091,Festival Fits 091,TREND-0176,Utility Cargo Streetwear,Autumn,Young professionals,improve brand relevance,264888,Instagram Stories,"Creator events, TikTok, Campus activations",Fresh fits for everyday confidence,conversion rate,146,11.9,stock risk: pilot by region first,Converts Utility Cargo Streetwear into a measurable campaign opportunity linked to customer acquisition.
CAMP-0092,Heritage Style Drop 092,TREND-0065,Utility Cargo Streetwear,Heritage Month,Campus shoppers,clear seasonal inventory,555159,TikTok,"Instagram Reels, TikTok, Paid social",Style that moves with your life,revenue uplift,220,2.62,pricing concern: add entry-level items,Converts Utility Cargo Streetwear into a measurable campaign opportunity linked to better campaign ROI.
CAMP-0093,Quiet Luxury Basics 093,TREND-0125,Back to Campus Fits,Autumn,Sneaker culture audience,increase sales,154301,YouTube Shorts,"Website homepage, Campus activations, WhatsApp","Local style, real value",revenue uplift,215,13.1,trend fatigue: limit campaign duration,Converts Back to Campus Fits into a measurable campaign opportunity linked to reduced markdown risk.
CAMP-0094,Coastal Summer Linen 094,TREND-0059,Monochrome Essentials,Autumn,Occasionwear shoppers,grow younger audience,318846,Instagram Reels,"YouTube Shorts, In-store displays, Creator events","Local style, real value",revenue uplift,129,3.57,stock risk: pilot by region first,Converts Monochrome Essentials into a measurable campaign opportunity linked to customer acquisition.
CAMP-0095,Festival Fits 095,TREND-0150,Affordable Occasionwear,Summer,Young professionals,increase sales,537037,Instagram Stories,"YouTube Shorts, Campus activations, Website homepage",Style that moves with your life,engagement rate,167,11.21,low conversion: add creator styling guides,Converts Affordable Occasionwear into a measurable campaign opportunity linked to reduced markdown risk.
CAMP-0096,Back to Campus Fits 096,TREND-0118,Street Smart Athleisure,Holiday/Festive,Young working adults,test new trend,456009,Email,"YouTube Shorts, WhatsApp, Instagram Stories",Own the season for less,new customer acquisition,192,11.78,pricing concern: add entry-level items,Converts Street Smart Athleisure into a measurable campaign opportunity linked to revenue growth.
CAMP-0097,Denim Revival 097,TREND-0072,Soft Tailoring Basics,Spring,Occasionwear shoppers,increase sales,568148,Website homepage,"In-store displays, Instagram Stories, WhatsApp",Style that moves with your life,conversion rate,197,14.68,low conversion: add creator styling guides,Converts Soft Tailoring Basics into a measurable campaign opportunity linked to revenue growth.
CAMP-0098,Active Street Drop 098,TREND-0203,Weekend Travel Fits,Graduation/Occasionwear,Occasionwear shoppers,launch new collection,686204,Paid social,"YouTube Shorts, Instagram Reels, In-store displays",Trend-led fashion made accessible,engagement rate,230,15.69,low conversion: add creator styling guides,Converts Weekend Travel Fits into a measurable campaign opportunity linked to better campaign ROI.
CAMP-0099,Festival Fits 099,TREND-0152,Colour Pop Accessories,Holiday/Festive,Holiday shoppers,drive in-store traffic,565242,Email,"TikTok, In-store displays, YouTube Shorts",Style that moves with your life,conversion rate,175,9.23,brand fit concern: use local creators,Converts Colour Pop Accessories into a measurable campaign opportunity linked to improved sell-through.
CAMP-0100,Active Street Drop 100,TREND-0057,Earth Tone Basics,Holiday/Festive,Budget-conscious families,launch new collection,681568,TikTok,"In-store displays, TikTok, Campus activations","Local style, real value",new customer acquisition,218,3.17,brand fit concern: use local creators,Converts Earth Tone Basics into a measurable campaign opportunity linked to margin protection.
CAMP-0101,Campus Sneaker Culture 101,TREND-0009,Back to Campus Fits,Holiday/Festive,Conscious shoppers,clear seasonal inventory,493474,Website homepage,"Instagram Reels, Website homepage, Campus activations",Style that moves with your life,ROI,191,14.9,pricing concern: add entry-level items,Converts Back to Campus Fits into a measurable campaign opportunity linked to customer acquisition.
CAMP-0102,Campus Sneaker Culture 102,TREND-0178,Summer Crochet Edit,Autumn,Sneaker culture audience,launch new collection,219158,WhatsApp,"Email, YouTube Shorts, Instagram Reels",Own the season for less,engagement rate,205,2.42,trend fatigue: limit campaign duration,Converts Summer Crochet Edit into a measurable campaign opportunity linked to customer acquisition.
CAMP-0103,Festival Fits 103,TREND-0042,Relaxed Cargo Denim,Heritage Month,Holiday shoppers,drive in-store traffic,678087,Campus activations,"TikTok, Website homepage, Campus activations",Style that moves with your life,new customer acquisition,171,13.68,low conversion: add creator styling guides,Converts Relaxed Cargo Denim into a measurable campaign opportunity linked to reduced markdown risk.
CAMP-0104,Heritage Style Drop 104,TREND-0203,Weekend Travel Fits,Graduation/Occasionwear,Occasionwear shoppers,test new trend,566849,Creator events,"TikTok, Instagram Reels, In-store displays",Fresh fits for everyday confidence,sell-through,124,15.69,trend fatigue: limit campaign duration,Converts Weekend Travel Fits into a measurable campaign opportunity linked to better campaign ROI.
CAMP-0105,Sustainable Denim Capsule 105,TREND-0110,Active Street,Winter,Occasionwear shoppers,test new trend,722254,Paid social,"Campus activations, YouTube Shorts, Instagram Reels",Trend-led fashion made accessible,conversion rate,214,2.57,pricing concern: add entry-level items,Converts Active Street into a measurable campaign opportunity linked to revenue growth.
CAMP-0106,Heritage Style Drop 106,TREND-0132,Denim Revival,Autumn,Campus shoppers,increase sales,196356,In-store displays,"WhatsApp, Website homepage, TikTok",Fresh fits for everyday confidence,conversion rate,142,13.24,brand fit concern: use local creators,Converts Denim Revival into a measurable campaign opportunity linked to customer acquisition.
CAMP-0107,Coastal Summer Linen 107,TREND-0181,Local Culture Prints,Autumn,Gen Z students,clear seasonal inventory,823793,YouTube Shorts,"Instagram Stories, WhatsApp, YouTube Shorts",Trend-led fashion made accessible,ROI,203,9.64,stock risk: pilot by region first,Converts Local Culture Prints into a measurable campaign opportunity linked to reduced markdown risk.
CAMP-0108,Active Street Drop 108,TREND-0189,Summer Crochet Edit,Winter,Young professionals,drive in-store traffic,816984,YouTube Shorts,"YouTube Shorts, WhatsApp, Campus activations",Fresh fits for everyday confidence,sell-through,207,16.3,stock risk: pilot by region first,Converts Summer Crochet Edit into a measurable campaign opportunity linked to improved sell-through.
CAMP-0109,Street Utility Edit 109,TREND-0071,Affordable Quiet Luxury,Winter,Young professionals,increase sales,470923,WhatsApp,"Website homepage, Creator events, Paid social",Trend-led fashion made accessible,ROI,180,12.2,brand fit concern: use local creators,Converts Affordable Quiet Luxury into a measurable campaign opportunity linked to customer acquisition.
CAMP-0110,Quiet Luxury Basics 110,TREND-0174,Elevated Basics,Heritage Month,Sneaker culture audience,grow younger audience,553933,Campus activations,"WhatsApp, Instagram Reels, YouTube Shorts","Local style, real value",ROI,130,11.64,stock risk: pilot by region first,Converts Elevated Basics into a measurable campaign opportunity linked to revenue growth.
CAMP-0111,Sustainable Denim Capsule 111,TREND-0046,Relaxed Cargo Denim,Summer,Fashion-forward youth,increase sales,194677,Instagram Stories,"Email, Instagram Reels, Instagram Stories","Local style, real value",revenue uplift,231,10.89,low conversion: add creator styling guides,Converts Relaxed Cargo Denim into a measurable campaign opportunity linked to margin protection.
CAMP-0112,Street Utility Edit 112,TREND-0134,Weekend Travel Fits,Summer,Campus shoppers,grow younger audience,516770,Creator events,"Paid social, Instagram Stories, Website homepage",Fresh fits for everyday confidence,engagement rate,176,16.63,pricing concern: add entry-level items,Converts Weekend Travel Fits into a measurable campaign opportunity linked to better campaign ROI.
CAMP-0113,Back to Campus Fits 113,TREND-0075,Soft Tailoring Basics,Winter,Young professionals,increase sales,103107,YouTube Shorts,"Paid social, WhatsApp, In-store displays",Trend-led fashion made accessible,conversion rate,203,16.26,trend fatigue: limit campaign duration,Converts Soft Tailoring Basics into a measurable campaign opportunity linked to reduced markdown risk.
CAMP-0114,Active Street Drop 114,TREND-0125,Back to Campus Fits,Autumn,Sneaker culture audience,test new trend,810714,Paid social,"Paid social, Website homepage, Campus activations",Fresh fits for everyday confidence,sell-through,136,13.1,trend fatigue: limit campaign duration,Converts Back to Campus Fits into a measurable campaign opportunity linked to reduced markdown risk.
CAMP-0115,Sustainable Denim Capsule 115,TREND-0044,Sustainable Denim Capsule,Heritage Month,Budget-conscious families,launch new collection,587765,WhatsApp,"Email, TikTok, Instagram Stories",Fresh fits for everyday confidence,conversion rate,178,5.26,low conversion: add creator styling guides,Converts Sustainable Denim Capsule into a measurable campaign opportunity linked to reduced markdown risk.
CAMP-0116,Denim Revival 116,TREND-0159,Minimalist Basics,Holiday/Festive,Young professionals,test new trend,641320,Email,"Instagram Stories, Creator events, Campus activations",Style that moves with your life,revenue uplift,134,10.66,pricing concern: add entry-level items,Converts Minimalist Basics into a measurable campaign opportunity linked to reduced markdown risk.
CAMP-0117,Active Street Drop 117,TREND-0082,Soft Tailoring Basics,Black Friday,Young working adults,launch new collection,542305,Email,"WhatsApp, Instagram Stories, YouTube Shorts",Trend-led fashion made accessible,new customer acquisition,124,6.8,trend fatigue: limit campaign duration,Converts Soft Tailoring Basics into a measurable campaign opportunity linked to revenue growth.
CAMP-0118,Denim Revival 118,TREND-0089,Back to Campus Fits,Back to Campus,Holiday shoppers,grow younger audience,550211,Paid social,"Instagram Stories, Paid social, Email",Own the season for less,ROI,171,15.96,stock risk: pilot by region first,Converts Back to Campus Fits into a measurable campaign opportunity linked to customer acquisition.
CAMP-0119,Denim Revival 119,TREND-0197,Relaxed Cargo Denim,Summer,Holiday shoppers,improve brand relevance,415772,Instagram Stories,"TikTok, Paid social, Campus activations",Fresh fits for everyday confidence,new customer acquisition,210,2.26,trend fatigue: limit campaign duration,Converts Relaxed Cargo Denim into a measurable campaign opportunity linked to revenue growth.
CAMP-0120,Sustainable Denim Capsule 120,TREND-0122,Campus Sneaker Culture,Heritage Month,Budget-conscious families,drive in-store traffic,681596,Creator events,"Instagram Stories, Campus activations, Website homepage",Fresh fits for everyday confidence,new customer acquisition,134,13.82,stock risk: pilot by region first,Converts Campus Sneaker Culture into a measurable campaign opportunity linked to better campaign ROI.
