performance_id,campaign_id,campaign_name,source_trend,season,target_roi_pct,actual_roi_pct,forecasted_revenue_zar_m,actual_revenue_zar_m,budget_zar,conversion_rate_pct,engagement_rate_pct,click_through_rate_pct,sell_through_pct,average_order_value_zar,gross_margin_indicator_pct,customer_acquisition_count,best_channel,best_creator,kpi_status,analytics_recommendation
PERF-00001,CAMP-0070,Street Utility Edit 070,Back to Campus Fits,Black Friday,170,4257.8,13.75,15.58,357521,1.3,7.7,2.8,40.2,599,32.5,4605,Email,Mpho Daniels,Slightly below target,expand to selected regions
PERF-00002,CAMP-0033,Festival Fits 033,Monochrome Essentials,Winter,192,2779.2,13.28,13.04,452899,7.8,4.9,1.8,29.2,349,40.0,18120,Paid social,Chloe Meyer,Exceeded,scale campaign
PERF-00003,CAMP-0020,Campus Sneaker Culture 020,Tech Utility Jackets,Winter,122,2840.7,3.21,4.08,138743,7.4,2.5,2.2,79.6,349,57.1,4064,Website homepage,Lerato Jacobs,Exceeded,stop low-performing channel
PERF-00004,CAMP-0099,Festival Fits 099,Colour Pop Accessories,Holiday/Festive,175,1934.5,9.23,11.5,565242,5.1,8.6,3.7,67.5,199,41.3,3365,WhatsApp,Leah Daniels,Needs improvement,use insights for next season
PERF-00005,CAMP-0025,Denim Revival 025,Heritage Style Drop,Autumn,225,1929.1,8.33,8.86,436637,3.0,2.7,6.3,81.5,199,57.8,5667,Instagram Stories,Ayesha Molefe,Met,stop low-performing channel
PERF-00006,CAMP-0105,Sustainable Denim Capsule 105,Active Street,Winter,214,311.2,2.57,2.97,722254,2.6,14.4,5.3,48.0,399,54.2,14518,Instagram Reels,Amahle Petersen,Needs improvement,increase creator videos
PERF-00007,CAMP-0022,Denim Revival 022,Earth Tone Basics,Back to Campus,229,175.5,2.35,1.97,715111,5.9,11.8,5.3,27.0,299,53.7,16549,Paid social,Kian Govender,Needs improvement,improve product bundles
PERF-00008,CAMP-0042,Street Utility Edit 042,Relaxed Cargo Denim,Holiday/Festive,198,819.4,1.91,2.15,233852,2.7,3.0,3.5,22.3,399,32.4,22126,WhatsApp,Sanele Jacobs,Slightly below target,improve product bundles
PERF-00009,CAMP-0096,Back to Campus Fits 096,Street Smart Athleisure,Holiday/Festive,192,3123.6,11.78,14.7,456009,8.3,12.8,1.3,84.4,199,47.4,15863,Website homepage,Siba Botha,Slightly below target,scale campaign
PERF-00010,CAMP-0080,Back to Campus Fits 080,Y2K Streetwear,Summer,194,1814.8,11.91,14.66,765611,6.9,10.2,2.3,61.7,499,39.6,3842,TikTok,Tara Adams,Met,expand to selected regions
PERF-00011,CAMP-0034,Festival Fits 034,Oversized Knitwear,Heritage Month,138,2826.2,13.23,16.32,557714,8.5,5.9,5.9,94.6,399,34.0,10455,Email,Amahle Ndlovu,Exceeded,scale campaign
PERF-00012,CAMP-0037,Quiet Luxury Basics 037,Y2K Streetwear,Winter,150,3514.7,6.02,5.58,154369,6.4,12.9,6.4,66.6,199,41.4,3468,Email,Lindiwe Naidoo,Slightly below target,adjust pricing message
PERF-00013,CAMP-0114,Active Street Drop 114,Back to Campus Fits,Autumn,136,1189.0,13.1,10.45,810714,5.4,9.5,1.3,25.6,349,53.9,18379,Paid social,Bongani Molefe,Exceeded,use insights for next season
PERF-00014,CAMP-0092,Heritage Style Drop 092,Utility Cargo Streetwear,Heritage Month,220,402.6,2.62,2.79,555159,5.4,10.8,2.6,62.9,349,34.6,13576,TikTok,Bongani Khumalo,Needs improvement,scale campaign
PERF-00015,CAMP-0085,Coastal Summer Linen 085,Bold Graphic Tees,Graduation/Occasionwear,151,1776.4,4.6,4.28,228097,6.6,4.1,1.4,91.9,149,34.8,15979,TikTok,Lindiwe Mokoena,Slightly below target,improve product bundles
PERF-00016,CAMP-0070,Street Utility Edit 070,Back to Campus Fits,Black Friday,170,2929.2,13.75,10.83,357521,2.4,13.8,6.2,40.3,399,36.4,21599,Campus activations,Siba Jacobs,Exceeded,expand to selected regions
PERF-00017,CAMP-0104,Heritage Style Drop 104,Weekend Travel Fits,Graduation/Occasionwear,124,1921.7,15.69,11.46,566849,2.8,11.0,1.8,92.8,299,57.7,523,Creator events,Leah Dlamini,Slightly below target,stop low-performing channel
PERF-00018,CAMP-0102,Campus Sneaker Culture 102,Summer Crochet Edit,Autumn,205,1205.0,2.42,2.86,219158,7.3,8.4,2.2,53.8,499,37.0,17644,Email,Jaden Ndlovu,Met,improve product bundles
PERF-00019,CAMP-0076,Quiet Luxury Basics 076,Workwear Remix,Back to Campus,125,630.7,3.26,3.19,436581,5.4,5.7,4.5,87.8,499,38.6,20183,Website homepage,Keagan Molefe,Exceeded,improve product bundles
PERF-00020,CAMP-0076,Quiet Luxury Basics 076,Workwear Remix,Back to Campus,125,527.6,3.26,2.74,436581,3.0,4.0,1.9,69.4,199,57.1,8502,Instagram Stories,Busisiwe Mokoena,Exceeded,increase creator videos
PERF-00021,CAMP-0032,Street Utility Edit 032,Winter Layering Essentials,Spring,196,3443.9,14.37,17.09,482233,6.5,10.7,1.6,38.1,199,46.9,21709,YouTube Shorts,Leah Dlamini,Exceeded,use insights for next season
PERF-00022,CAMP-0090,Back to Campus Fits 090,Earth Tone Basics,Winter,221,562.2,6.7,4.88,736895,2.0,5.0,1.7,75.6,199,54.6,11003,In-store displays,Amahle Nkosi,Slightly below target,improve product bundles
PERF-00023,CAMP-0085,Coastal Summer Linen 085,Bold Graphic Tees,Graduation/Occasionwear,151,1609.8,4.6,3.9,228097,5.8,5.0,2.9,86.4,299,44.7,9325,In-store displays,Ayesha Jacobs,Slightly below target,scale campaign
PERF-00024,CAMP-0056,Sustainable Denim Capsule 056,Earth Tone Basics,Spring,129,1607.0,12.39,12.54,734643,1.6,13.2,1.2,55.9,349,37.3,3968,Email,Nia Daniels,Slightly below target,adjust pricing message
PERF-00025,CAMP-0023,Street Utility Edit 023,Relaxed Cargo Denim,Winter,147,2740.6,14.77,14.6,513973,1.3,11.9,4.0,65.4,399,39.9,7700,Website homepage,Lindiwe Khumalo,Slightly below target,use insights for next season
PERF-00026,CAMP-0062,Sustainable Denim Capsule 062,Campus Sneaker Culture,Back to Campus,237,2215.6,9.61,12.75,550622,3.2,8.3,3.4,31.9,299,48.8,12951,YouTube Shorts,Siba Botha,Met,scale campaign
PERF-00027,CAMP-0035,Heritage Style Drop 035,Bold Graphic Tees,Holiday/Festive,128,2636.4,6.34,7.45,272259,5.0,10.8,2.4,70.7,349,51.4,1015,Instagram Reels,Sanele Ndlovu,Exceeded,increase creator videos
PERF-00028,CAMP-0116,Denim Revival 116,Minimalist Basics,Holiday/Festive,134,1392.2,10.66,9.57,641320,7.1,11.6,4.8,63.1,249,48.3,17662,TikTok,Lerato Van Wyk,Exceeded,adjust pricing message
PERF-00029,CAMP-0099,Festival Fits 099,Colour Pop Accessories,Holiday/Festive,175,1785.9,9.23,10.66,565242,5.2,9.3,0.8,36.3,199,51.0,23971,In-store displays,Busisiwe Meyer,Slightly below target,stop low-performing channel
PERF-00030,CAMP-0026,Denim Revival 026,Elevated Basics,Heritage Month,159,1446.9,11.64,12.99,839767,6.1,14.0,4.2,48.4,499,44.3,6781,YouTube Shorts,Tumi Nkosi,Exceeded,use insights for next season
PERF-00031,CAMP-0044,Active Street Drop 044,Campus Sneaker Culture,Back to Campus,235,474.0,4.38,4.14,721194,6.7,8.9,3.8,53.9,149,49.9,3731,Campus activations,Nia Maseko,Met,improve product bundles
PERF-00032,CAMP-0111,Sustainable Denim Capsule 111,Relaxed Cargo Denim,Summer,231,4081.3,10.89,8.14,194677,4.6,8.9,5.2,29.6,599,50.7,7582,YouTube Shorts,Neo Petersen,Slightly below target,scale campaign
PERF-00033,CAMP-0005,Denim Revival 005,Relaxed Cargo Denim,Heritage Month,200,1358.9,13.68,12.06,826635,7.9,7.4,6.7,69.6,599,55.2,3413,WhatsApp,Sanele Botha,Exceeded,scale campaign
PERF-00034,CAMP-0104,Heritage Style Drop 104,Weekend Travel Fits,Graduation/Occasionwear,124,2329.2,15.69,13.77,566849,5.6,11.5,6.4,39.8,599,49.9,18079,Instagram Stories,Mbali Molefe,Exceeded,use insights for next season
PERF-00035,CAMP-0063,Heritage Style Drop 063,Minimalist Basics,Winter,222,3787.3,16.77,20.71,532760,2.8,7.4,2.8,28.6,299,56.0,9448,TikTok,Mbali Ndlovu,Slightly below target,adjust pricing message
PERF-00036,CAMP-0097,Denim Revival 097,Soft Tailoring Basics,Spring,197,2496.2,14.68,14.75,568148,6.3,2.8,1.4,68.4,149,49.3,6659,Instagram Stories,Amahle Maseko,Met,increase creator videos
PERF-00037,CAMP-0095,Festival Fits 095,Affordable Occasionwear,Summer,167,1462.3,11.21,8.39,537037,2.5,12.4,2.0,43.8,149,49.2,7743,Campus activations,Mbali Khumalo,Exceeded,scale campaign
PERF-00038,CAMP-0093,Quiet Luxury Basics 093,Back to Campus Fits,Autumn,215,10891.5,13.1,16.96,154301,2.7,10.0,6.1,44.2,499,36.0,2423,Instagram Stories,Thando Naidoo,Needs improvement,scale campaign
PERF-00039,CAMP-0022,Denim Revival 022,Earth Tone Basics,Back to Campus,229,214.6,2.35,2.25,715111,5.1,10.7,6.2,30.0,249,37.5,5387,In-store displays,Keagan Radebe,Needs improvement,increase creator videos
PERF-00040,CAMP-0090,Back to Campus Fits 090,Earth Tone Basics,Winter,221,1019.6,6.7,8.25,736895,3.1,8.7,4.1,72.1,399,55.0,5507,Campus activations,Mpho Daniels,Met,improve product bundles
PERF-00041,CAMP-0055,Active Street Drop 055,Summer Crochet Edit,Autumn,193,401.5,2.42,2.0,398841,7.3,7.8,2.7,66.9,149,37.1,10034,In-store displays,Kian Govender,Needs improvement,scale campaign
PERF-00042,CAMP-0112,Street Utility Edit 112,Weekend Travel Fits,Summer,176,3394.8,16.63,18.06,516770,7.0,4.0,1.1,76.5,199,46.6,13280,Creator events,Tumi Mokoena,Met,scale campaign
PERF-00043,CAMP-0067,Back to Campus Fits 067,Earth Tone Basics,Spring,217,1277.7,12.39,10.32,749078,7.6,12.1,2.2,25.8,199,38.3,18447,Instagram Reels,Lerato Jacobs,Exceeded,adjust pricing message
PERF-00044,CAMP-0034,Festival Fits 034,Oversized Knitwear,Heritage Month,138,2103.6,13.23,12.29,557714,2.2,4.6,3.4,84.9,299,35.6,7575,Creator events,Tara Govender,Met,stop low-performing channel
PERF-00045,CAMP-0057,Denim Revival 057,Utility Cargo Streetwear,Heritage Month,236,433.9,2.62,2.0,374620,6.5,9.1,5.2,45.8,249,49.7,11415,TikTok,Sanele Van Wyk,Exceeded,use insights for next season
PERF-00046,CAMP-0004,Denim Revival 004,Sustainable Denim Capsule,Heritage Month,230,922.7,5.56,6.72,657079,6.2,12.9,5.1,28.2,249,51.7,21224,Campus activations,Nia Radebe,Exceeded,expand to selected regions
PERF-00047,CAMP-0025,Denim Revival 025,Heritage Style Drop,Autumn,225,1851.3,8.33,8.52,436637,7.1,7.8,6.2,69.9,149,52.5,20170,TikTok,Zanele Jacobs,Met,adjust pricing message
PERF-00048,CAMP-0041,Campus Sneaker Culture 041,Oversized Knitwear,Black Friday,233,1472.8,9.81,9.41,598306,2.0,13.5,4.7,77.7,349,36.1,18233,Instagram Stories,Nia Mabena,Needs improvement,adjust pricing message
PERF-00049,CAMP-0063,Heritage Style Drop 063,Minimalist Basics,Winter,222,3201.7,16.77,17.59,532760,6.8,4.3,5.7,43.4,149,40.2,15714,TikTok,Neo Jacobs,Needs improvement,improve product bundles
PERF-00050,CAMP-0004,Denim Revival 004,Sustainable Denim Capsule,Heritage Month,230,533.1,5.56,4.16,657079,1.6,10.4,6.1,50.0,399,34.3,24070,Paid social,Thando Adams,Met,improve product bundles
PERF-00051,CAMP-0049,Active Street Drop 049,Resort Neutrals,Graduation/Occasionwear,169,927.9,7.02,7.54,733523,2.9,4.3,2.4,38.9,399,41.6,1955,WhatsApp,Bongani Khumalo,Met,use insights for next season
PERF-00052,CAMP-0074,Campus Sneaker Culture 074,Resort Neutrals,Back to Campus,224,584.4,6.03,5.77,843119,1.5,11.1,4.6,25.9,299,38.3,20079,Campus activations,Ayesha Maseko,Needs improvement,stop low-performing channel
PERF-00053,CAMP-0046,Heritage Style Drop 046,Denim Revival,Heritage Month,142,1588.9,6.69,8.13,481384,1.3,10.0,4.6,91.5,249,35.3,2339,Email,Palesa Mokoena,Exceeded,scale campaign
PERF-00054,CAMP-0111,Sustainable Denim Capsule 111,Relaxed Cargo Denim,Summer,231,5309.0,10.89,10.53,194677,7.3,4.0,4.1,61.2,149,38.8,24378,Email,Bongani Molefe,Met,stop low-performing channel
PERF-00055,CAMP-0061,Sustainable Denim Capsule 061,Campus Sneaker Culture,Heritage Month,187,2138.5,13.82,14.29,638388,8.0,8.7,3.1,78.5,199,42.4,8287,Instagram Stories,Kabelo Naidoo,Exceeded,increase creator videos
PERF-00056,CAMP-0090,Back to Campus Fits 090,Earth Tone Basics,Winter,221,783.4,6.7,6.51,736895,6.1,11.2,3.9,69.7,349,42.6,5546,TikTok,Mbali Naidoo,Needs improvement,use insights for next season
PERF-00057,CAMP-0092,Heritage Style Drop 092,Utility Cargo Streetwear,Heritage Month,220,278.3,2.62,2.1,555159,6.5,12.6,3.4,29.7,349,34.1,1686,In-store displays,Ayesha Daniels,Needs improvement,increase creator videos
PERF-00058,CAMP-0046,Heritage Style Drop 046,Denim Revival,Heritage Month,142,1728.1,6.69,8.8,481384,3.9,6.0,6.0,35.8,299,50.7,12442,WhatsApp,Tara Nkosi,Met,adjust pricing message
PERF-00059,CAMP-0025,Denim Revival 025,Heritage Style Drop,Autumn,225,2426.1,8.33,11.03,436637,7.9,2.8,1.3,49.9,499,52.6,9872,Paid social,Bongani Petersen,Exceeded,use insights for next season
PERF-00060,CAMP-0029,Festival Fits 029,Soft Tailoring Basics,Black Friday,199,3848.6,6.8,8.03,203365,3.9,9.2,3.8,35.2,349,40.6,4749,Website homepage,Neo Govender,Exceeded,expand to selected regions
PERF-00061,CAMP-0089,Campus Sneaker Culture 089,Soft Tailoring Basics,Black Friday,166,987.5,7.74,7.23,664801,3.3,10.2,6.8,43.6,299,55.8,7196,WhatsApp,Jaden Molefe,Slightly below target,stop low-performing channel
PERF-00062,CAMP-0041,Campus Sneaker Culture 041,Oversized Knitwear,Black Friday,233,1992.6,9.81,12.52,598306,2.1,11.2,5.6,81.6,199,34.5,20006,Website homepage,Sipho Mokoena,Needs improvement,expand to selected regions
PERF-00063,CAMP-0113,Back to Campus Fits 113,Soft Tailoring Basics,Winter,203,19074.3,16.26,19.77,103107,5.2,9.8,2.0,65.9,299,44.8,4764,In-store displays,Kabelo Petersen,Slightly below target,increase creator videos
PERF-00064,CAMP-0006,Denim Revival 006,Y2K Streetwear,Summer,189,18059.2,11.91,15.2,83704,7.4,11.2,6.5,89.9,599,51.7,11079,In-store displays,Zanele Van Wyk,Needs improvement,stop low-performing channel
PERF-00065,CAMP-0110,Quiet Luxury Basics 110,Elevated Basics,Heritage Month,130,1952.6,11.64,11.37,553933,5.2,12.9,6.2,22.8,249,37.4,1220,TikTok,Zanele Petersen,Exceeded,adjust pricing message
PERF-00066,CAMP-0100,Active Street Drop 100,Earth Tone Basics,Holiday/Festive,218,356.3,3.17,3.11,681568,5.2,12.6,3.9,23.0,499,40.7,21217,Website homepage,Tshepo Mokoena,Slightly below target,use insights for next season
PERF-00067,CAMP-0077,Back to Campus Fits 077,Monochrome Essentials,Spring,176,1409.2,15.36,12.22,809685,6.5,7.5,0.8,68.0,299,42.2,20330,WhatsApp,Mbali Khumalo,Exceeded,scale campaign
PERF-00068,CAMP-0040,Quiet Luxury Basics 040,Y2K Streetwear,Winter,207,1110.6,6.02,6.62,546843,7.1,13.0,4.6,64.6,199,46.0,7750,YouTube Shorts,Karabo Petersen,Needs improvement,adjust pricing message
PERF-00069,CAMP-0108,Active Street Drop 108,Summer Crochet Edit,Winter,207,1370.0,16.3,12.01,816984,2.2,14.5,2.0,82.3,249,56.5,20226,Campus activations,Neo Jacobs,Met,scale campaign
PERF-00070,CAMP-0031,Back to Campus Fits 031,Campus Sneaker Culture,Back to Campus,136,4185.6,6.6,6.63,154703,3.6,7.5,1.4,91.1,349,35.4,17917,In-store displays,Refilwe Mabena,Exceeded,use insights for next season
PERF-00071,CAMP-0047,Back to Campus Fits 047,Resort Neutrals,Heritage Month,121,1958.9,8.91,9.95,483277,6.9,6.5,3.8,51.3,499,57.1,1869,Paid social,Tumi Mahlangu,Exceeded,scale campaign
PERF-00072,CAMP-0096,Back to Campus Fits 096,Street Smart Athleisure,Holiday/Festive,192,1970.1,11.78,9.44,456009,6.9,2.7,1.1,36.3,149,45.5,7007,WhatsApp,Musa Botha,Needs improvement,stop low-performing channel
PERF-00073,CAMP-0012,Denim Revival 012,Winter Layering Essentials,Spring,209,2095.8,14.37,17.75,808361,6.8,7.1,4.9,27.4,299,34.6,6101,YouTube Shorts,Karabo Meyer,Slightly below target,adjust pricing message
PERF-00074,CAMP-0007,Festival Fits 007,Campus Sneaker Culture,Back to Campus,130,667.7,1.91,2.36,307408,4.9,4.7,4.2,57.9,599,43.0,18745,Creator events,Nia Daniels,Met,stop low-performing channel
PERF-00075,CAMP-0107,Coastal Summer Linen 107,Local Culture Prints,Autumn,203,936.7,9.64,8.54,823793,6.7,3.0,2.3,88.3,149,52.6,15011,YouTube Shorts,Ayesha Molefe,Slightly below target,increase creator videos
PERF-00076,CAMP-0062,Sustainable Denim Capsule 062,Campus Sneaker Culture,Back to Campus,237,2104.8,9.61,12.14,550622,7.9,11.3,4.0,52.2,299,38.1,12615,Campus activations,Thando Daniels,Exceeded,scale campaign
PERF-00077,CAMP-0014,Heritage Style Drop 014,Campus Sneaker Culture,Back to Campus,183,245.5,1.91,2.18,630912,4.5,10.8,4.4,25.5,399,57.8,19383,Instagram Reels,Palesa Mokoena,Slightly below target,adjust pricing message
PERF-00078,CAMP-0074,Campus Sneaker Culture 074,Resort Neutrals,Back to Campus,224,496.6,6.03,5.03,843119,1.3,14.4,6.8,65.1,249,42.5,19940,Campus activations,Bongani Mabena,Needs improvement,use insights for next season
PERF-00079,CAMP-0080,Back to Campus Fits 080,Y2K Streetwear,Summer,194,1581.0,11.91,12.87,765611,3.9,11.9,2.6,62.9,599,34.3,17461,Email,Mbali Naidoo,Slightly below target,stop low-performing channel
PERF-00080,CAMP-0050,Denim Revival 050,Affordable Quiet Luxury,Summer,172,1167.6,8.07,9.05,713941,5.4,4.3,4.2,43.8,349,46.8,6721,Instagram Stories,Kabelo Meyer,Exceeded,increase creator videos
PERF-00081,CAMP-0108,Active Street Drop 108,Summer Crochet Edit,Winter,207,2317.4,16.3,19.75,816984,7.2,6.0,1.6,93.7,499,46.7,2144,In-store displays,Bongani Mabena,Exceeded,stop low-performing channel
PERF-00082,CAMP-0061,Sustainable Denim Capsule 061,Campus Sneaker Culture,Heritage Month,187,1670.1,13.82,11.3,638388,5.9,8.0,3.3,88.0,599,36.5,7424,Email,Tara Dlamini,Met,stop low-performing channel
PERF-00083,CAMP-0078,Street Utility Edit 078,Resort Neutrals,Heritage Month,202,7076.6,8.91,7.65,106596,6.1,9.7,3.0,40.1,249,49.1,18737,TikTok,Leah Nkosi,Slightly below target,use insights for next season
PERF-00084,CAMP-0001,Denim Revival 001,Summer Crochet Edit,Autumn,123,1276.3,7.43,9.55,693886,8.2,13.1,1.5,32.5,499,40.9,18347,Instagram Stories,Palesa Adams,Slightly below target,stop low-performing channel
PERF-00085,CAMP-0087,Coastal Summer Linen 087,Relaxed Cargo Denim,Summer,138,1059.3,10.89,8.85,763415,6.0,3.6,4.1,64.4,399,42.6,2735,YouTube Shorts,Mpho Jacobs,Needs improvement,use insights for next season
PERF-00086,CAMP-0055,Active Street Drop 055,Summer Crochet Edit,Autumn,193,373.9,2.42,1.89,398841,7.3,13.1,5.4,81.7,399,46.9,4288,Email,Sipho Botha,Met,use insights for next season
PERF-00087,CAMP-0035,Heritage Style Drop 035,Bold Graphic Tees,Holiday/Festive,128,2162.6,6.34,6.16,272259,2.3,9.6,5.4,84.9,349,48.3,1679,TikTok,Kabelo Naidoo,Met,improve product bundles
PERF-00088,CAMP-0097,Denim Revival 097,Soft Tailoring Basics,Spring,197,2124.8,14.68,12.64,568148,1.2,12.7,3.4,50.9,499,33.6,2157,Instagram Reels,Kabelo Naidoo,Needs improvement,stop low-performing channel
PERF-00089,CAMP-0026,Denim Revival 026,Elevated Basics,Heritage Month,159,963.4,11.64,8.93,839767,6.1,12.3,2.8,93.7,149,33.2,2519,In-store displays,Musa Govender,Exceeded,stop low-performing channel
PERF-00090,CAMP-0083,Festival Fits 083,Y2K Streetwear,Summer,206,1452.0,12.57,11.26,725533,3.3,9.8,5.9,45.8,599,42.6,6156,Creator events,Leah Dlamini,Met,use insights for next season
PERF-00091,CAMP-0075,Active Street Drop 075,Affordable Occasionwear,Holiday/Festive,202,1639.9,6.02,7.94,456353,5.9,10.0,1.1,49.3,349,39.0,16578,Website homepage,Mpho Adams,Slightly below target,improve product bundles
PERF-00092,CAMP-0021,Heritage Style Drop 021,Y2K Streetwear,Winter,200,1417.4,9.04,6.84,450771,8.1,13.1,5.2,78.5,499,49.5,19889,Instagram Stories,Jaden Ndlovu,Exceeded,stop low-performing channel
PERF-00093,CAMP-0103,Festival Fits 103,Relaxed Cargo Denim,Heritage Month,171,1469.1,13.68,10.64,678087,7.6,11.2,5.8,90.3,149,57.5,18877,Campus activations,Ayesha Petersen,Slightly below target,scale campaign
PERF-00094,CAMP-0051,Heritage Style Drop 051,Y2K Streetwear,Winter,208,9791.1,9.04,11.84,119704,6.1,5.7,6.6,36.7,599,38.0,4697,WhatsApp,Chloe Mokoena,Met,increase creator videos
PERF-00095,CAMP-0045,Street Utility Edit 045,Tech Utility Jackets,Autumn,209,2561.7,13.69,17.76,667234,4.1,8.1,6.4,56.4,299,54.1,5732,Creator events,Mpho Mokoena,Exceeded,stop low-performing channel
PERF-00096,CAMP-0021,Heritage Style Drop 021,Y2K Streetwear,Winter,200,1344.2,9.04,6.51,450771,2.0,11.5,2.2,60.0,399,35.4,16594,Paid social,Busisiwe Mthembu,Slightly below target,improve product bundles
PERF-00097,CAMP-0016,Coastal Summer Linen 016,Active Street,Autumn,191,2869.0,10.51,8.83,297402,4.5,13.2,4.1,44.7,149,50.9,5877,Campus activations,Kabelo Dlamini,Exceeded,increase creator videos
PERF-00098,CAMP-0111,Sustainable Denim Capsule 111,Relaxed Cargo Denim,Summer,231,5319.2,10.89,10.55,194677,4.9,14.2,1.4,42.4,149,38.1,7063,Creator events,Busisiwe Meyer,Exceeded,improve product bundles
PERF-00099,CAMP-0061,Sustainable Denim Capsule 061,Campus Sneaker Culture,Heritage Month,187,2187.0,13.82,14.6,638388,8.0,13.4,5.2,59.0,249,55.8,2813,TikTok,Kabelo Naidoo,Met,expand to selected regions
PERF-00100,CAMP-0012,Denim Revival 012,Winter Layering Essentials,Spring,209,2163.8,14.37,18.3,808361,7.7,9.6,5.8,29.6,299,38.8,14108,Instagram Stories,Busisiwe Mthembu,Slightly below target,expand to selected regions
PERF-00101,CAMP-0107,Coastal Summer Linen 107,Local Culture Prints,Autumn,203,1104.2,9.64,9.92,823793,6.5,9.8,2.2,53.5,299,54.7,18023,YouTube Shorts,Keagan Govender,Met,stop low-performing channel
PERF-00102,CAMP-0088,Festival Fits 088,Weekend Travel Fits,Summer,131,6673.0,16.63,22.41,330875,4.2,6.6,4.2,55.3,149,44.8,23379,Campus activations,Tara Nkosi,Needs improvement,improve product bundles
PERF-00103,CAMP-0088,Festival Fits 088,Weekend Travel Fits,Summer,131,6455.3,16.63,21.69,330875,2.1,8.2,1.2,85.7,599,38.1,13623,Paid social,Leah Khumalo,Met,use insights for next season
PERF-00104,CAMP-0102,Campus Sneaker Culture 102,Summer Crochet Edit,Autumn,205,707.6,2.42,1.77,219158,6.8,7.0,1.7,70.8,249,36.7,20966,WhatsApp,Tumi Nkosi,Met,scale campaign
PERF-00105,CAMP-0051,Heritage Style Drop 051,Y2K Streetwear,Winter,208,8563.0,9.04,10.37,119704,6.0,2.7,2.8,95.2,199,49.9,13618,Campus activations,Lerato Van Wyk,Exceeded,stop low-performing channel
PERF-00106,CAMP-0084,Coastal Summer Linen 084,Y2K Streetwear,Winter,142,961.5,6.02,7.26,683945,2.5,14.3,1.6,64.0,599,51.6,1642,Paid social,Musa Jacobs,Slightly below target,increase creator videos
PERF-00107,CAMP-0056,Sustainable Denim Capsule 056,Earth Tone Basics,Spring,129,1777.1,12.39,13.79,734643,5.2,11.9,6.0,92.5,249,55.2,1588,WhatsApp,Mpho Mahlangu,Exceeded,stop low-performing channel
PERF-00108,CAMP-0089,Campus Sneaker Culture 089,Soft Tailoring Basics,Black Friday,166,1273.3,7.74,9.13,664801,6.0,9.0,6.7,66.3,349,45.2,9913,Creator events,Chloe Naidoo,Slightly below target,stop low-performing channel
PERF-00109,CAMP-0044,Active Street Drop 044,Campus Sneaker Culture,Back to Campus,235,661.2,4.38,5.49,721194,5.7,9.1,1.2,28.2,399,43.7,18231,Paid social,Tara Van Wyk,Exceeded,expand to selected regions
PERF-00110,CAMP-0084,Coastal Summer Linen 084,Y2K Streetwear,Winter,142,778.7,6.02,6.01,683945,3.8,4.6,6.2,51.7,499,44.4,18020,Creator events,Sanele Petersen,Exceeded,stop low-performing channel
PERF-00111,CAMP-0058,Denim Revival 058,Active Street,Autumn,222,1935.2,12.5,11.16,548349,6.9,14.1,1.2,68.5,599,44.9,17789,Website homepage,Tumi Jacobs,Met,use insights for next season
PERF-00112,CAMP-0080,Back to Campus Fits 080,Y2K Streetwear,Summer,194,1583.6,11.91,12.89,765611,4.4,8.5,5.9,83.9,249,40.3,19250,YouTube Shorts,Kian Daniels,Exceeded,use insights for next season
PERF-00113,CAMP-0083,Festival Fits 083,Y2K Streetwear,Summer,206,1727.6,12.57,13.26,725533,6.2,2.5,4.7,72.5,299,41.6,23140,Email,Ayesha Mthembu,Slightly below target,use insights for next season
PERF-00114,CAMP-0050,Denim Revival 050,Affordable Quiet Luxury,Summer,172,985.5,8.07,7.75,713941,5.7,10.7,4.2,24.3,199,36.4,18102,Instagram Stories,Leah Khumalo,Slightly below target,use insights for next season
PERF-00115,CAMP-0048,Street Utility Edit 048,Minimalist Basics,Spring,202,956.9,9.94,8.84,836379,2.5,8.8,3.6,51.2,249,41.2,20383,Email,Sanele Petersen,Met,expand to selected regions
PERF-00116,CAMP-0018,Heritage Style Drop 018,Y2K Streetwear,Summer,226,2819.5,12.57,14.46,495287,6.6,12.7,5.5,83.4,299,54.5,6725,Paid social,Busisiwe Mthembu,Exceeded,adjust pricing message
PERF-00117,CAMP-0052,Quiet Luxury Basics 052,Festival Street Style,Graduation/Occasionwear,151,3323.7,15.51,12.77,372993,1.8,10.7,2.8,61.4,399,50.8,16186,Instagram Stories,Ayesha Molefe,Needs improvement,increase creator videos
PERF-00118,CAMP-0074,Campus Sneaker Culture 074,Resort Neutrals,Back to Campus,224,491.9,6.03,4.99,843119,8.1,5.2,5.0,47.4,399,34.7,16880,Instagram Reels,Tara Dlamini,Needs improvement,adjust pricing message
PERF-00119,CAMP-0047,Back to Campus Fits 047,Resort Neutrals,Heritage Month,121,1257.4,8.91,6.56,483277,5.9,8.7,6.5,92.3,399,32.4,10850,Website homepage,Kian Govender,Slightly below target,use insights for next season
PERF-00120,CAMP-0034,Festival Fits 034,Oversized Knitwear,Heritage Month,138,1942.3,13.23,11.39,557714,2.6,10.0,1.5,72.0,199,56.1,4059,Website homepage,Nia Mabena,Needs improvement,increase creator videos
PERF-00121,CAMP-0007,Festival Fits 007,Campus Sneaker Culture,Back to Campus,130,423.7,1.91,1.61,307408,7.3,6.5,2.2,80.7,199,53.8,7237,In-store displays,Jaden Adams,Exceeded,adjust pricing message
PERF-00122,CAMP-0038,Quiet Luxury Basics 038,Tech Utility Jackets,Spring,220,1840.9,11.3,11.37,585806,3.6,6.4,1.4,75.9,399,48.1,7377,In-store displays,Thando Naidoo,Exceeded,increase creator videos
PERF-00123,CAMP-0103,Festival Fits 103,Relaxed Cargo Denim,Heritage Month,171,1893.8,13.68,13.52,678087,7.4,3.0,6.6,41.7,249,50.1,21430,Instagram Reels,Sanele Maseko,Exceeded,scale campaign
PERF-00124,CAMP-0100,Active Street Drop 100,Earth Tone Basics,Holiday/Festive,218,338.7,3.17,2.99,681568,4.5,9.9,6.5,31.0,599,46.6,20176,Instagram Stories,Karabo Nkosi,Needs improvement,scale campaign
PERF-00125,CAMP-0035,Heritage Style Drop 035,Bold Graphic Tees,Holiday/Festive,128,2107.5,6.34,6.01,272259,2.9,8.7,4.1,78.8,499,36.2,4834,WhatsApp,Ayesha Maseko,Needs improvement,improve product bundles
PERF-00126,CAMP-0008,Street Utility Edit 008,Winter Layering Essentials,Winter,138,2914.1,14.91,19.71,653929,7.5,9.5,3.3,77.8,599,39.3,5841,Instagram Stories,Kian Daniels,Slightly below target,stop low-performing channel
PERF-00127,CAMP-0044,Active Street Drop 044,Campus Sneaker Culture,Back to Campus,235,713.9,4.38,5.87,721194,7.7,5.9,4.6,76.2,499,57.1,10748,Campus activations,Anele Naidoo,Met,stop low-performing channel
PERF-00128,CAMP-0017,Back to Campus Fits 017,Elevated Basics,Summer,161,989.8,4.49,4.09,375307,5.7,3.9,1.3,73.3,399,32.7,555,TikTok,Refilwe Meyer,Met,use insights for next season
PERF-00129,CAMP-0040,Quiet Luxury Basics 040,Y2K Streetwear,Winter,207,951.5,6.02,5.75,546843,2.9,10.3,2.2,92.9,249,48.7,4142,WhatsApp,Bongani Botha,Exceeded,increase creator videos
PERF-00130,CAMP-0001,Denim Revival 001,Summer Crochet Edit,Autumn,123,890.1,7.43,6.87,693886,4.7,8.8,4.6,53.5,249,49.7,9653,Email,Sanele Maseko,Needs improvement,improve product bundles
PERF-00131,CAMP-0076,Quiet Luxury Basics 076,Workwear Remix,Back to Campus,125,729.2,3.26,3.62,436581,6.4,4.2,6.6,73.1,299,43.0,21233,Website homepage,Zanele Jacobs,Slightly below target,expand to selected regions
PERF-00132,CAMP-0053,Coastal Summer Linen 053,Monochrome Essentials,Winter,219,1352.0,13.28,10.81,744469,1.2,6.9,3.9,76.7,249,55.9,9784,YouTube Shorts,Ayesha Petersen,Met,use insights for next season
PERF-00133,CAMP-0105,Sustainable Denim Capsule 105,Active Street,Winter,214,194.9,2.57,2.13,722254,5.2,12.3,5.2,36.1,199,35.3,20226,Instagram Stories,Sipho Botha,Exceeded,expand to selected regions
PERF-00134,CAMP-0040,Quiet Luxury Basics 040,Y2K Streetwear,Winter,207,1125.2,6.02,6.7,546843,1.6,11.4,6.1,60.4,499,38.8,5597,YouTube Shorts,Leah Dlamini,Needs improvement,adjust pricing message
PERF-00135,CAMP-0004,Denim Revival 004,Sustainable Denim Capsule,Heritage Month,230,793.3,5.56,5.87,657079,6.8,7.3,5.0,71.2,249,52.5,11821,Website homepage,Mbali Molefe,Slightly below target,adjust pricing message
PERF-00136,CAMP-0096,Back to Campus Fits 096,Street Smart Athleisure,Holiday/Festive,192,3342.9,11.78,15.7,456009,5.3,5.7,1.6,33.5,149,40.5,20620,Instagram Reels,Keagan Naidoo,Needs improvement,improve product bundles
PERF-00137,CAMP-0116,Denim Revival 116,Minimalist Basics,Holiday/Festive,134,1785.2,10.66,12.09,641320,3.0,3.7,1.1,86.3,599,57.0,21499,Website homepage,Mpho Radebe,Exceeded,improve product bundles
PERF-00138,CAMP-0088,Festival Fits 088,Weekend Travel Fits,Summer,131,4200.7,16.63,14.23,330875,4.4,11.1,2.1,63.8,249,56.9,1309,WhatsApp,Palesa Radebe,Met,increase creator videos
PERF-00139,CAMP-0074,Campus Sneaker Culture 074,Resort Neutrals,Back to Campus,224,845.3,6.03,7.97,843119,7.8,5.1,3.3,34.7,199,51.1,11063,Creator events,Kabelo Mabena,Exceeded,expand to selected regions
PERF-00140,CAMP-0039,Heritage Style Drop 039,Denim Revival,Winter,196,1317.3,13.18,11.45,807851,5.2,5.3,1.8,70.3,299,52.5,18050,YouTube Shorts,Bongani Botha,Slightly below target,adjust pricing message
PERF-00141,CAMP-0054,Festival Fits 054,Winter Layering Essentials,Spring,141,1901.7,14.37,11.45,572025,6.5,8.1,5.3,58.5,249,53.0,9847,YouTube Shorts,Zanele Jacobs,Slightly below target,adjust pricing message
PERF-00142,CAMP-0111,Sustainable Denim Capsule 111,Relaxed Cargo Denim,Summer,231,4821.0,10.89,9.58,194677,7.1,11.8,4.5,75.7,249,55.2,20129,Campus activations,Anele Jacobs,Exceeded,increase creator videos
PERF-00143,CAMP-0074,Campus Sneaker Culture 074,Resort Neutrals,Back to Campus,224,493.0,6.03,5.0,843119,1.7,3.2,2.3,88.7,599,51.8,16658,Instagram Reels,Tshepo Radebe,Needs improvement,expand to selected regions
PERF-00144,CAMP-0115,Sustainable Denim Capsule 115,Sustainable Denim Capsule,Heritage Month,178,1005.9,5.26,6.5,587765,2.2,13.9,6.5,60.4,249,35.9,22475,Instagram Reels,Mbali Khumalo,Slightly below target,improve product bundles
PERF-00145,CAMP-0094,Coastal Summer Linen 094,Monochrome Essentials,Autumn,129,1264.3,3.57,4.35,318846,7.5,9.1,1.8,87.4,349,51.8,16371,Campus activations,Anele Van Wyk,Needs improvement,stop low-performing channel
PERF-00146,CAMP-0065,Quiet Luxury Basics 065,Tech Utility Jackets,Graduation/Occasionwear,133,2096.1,16.61,17.25,785483,5.4,6.7,2.1,76.8,399,49.4,12060,Instagram Stories,Sanele Botha,Needs improvement,scale campaign
PERF-00147,CAMP-0103,Festival Fits 103,Relaxed Cargo Denim,Heritage Month,171,2417.4,13.68,17.07,678087,6.7,14.5,5.4,36.9,349,57.4,8092,In-store displays,Tumi Daniels,Exceeded,use insights for next season
PERF-00148,CAMP-0074,Campus Sneaker Culture 074,Resort Neutrals,Back to Campus,224,800.2,6.03,7.59,843119,5.4,3.8,1.2,83.8,249,56.8,24203,Campus activations,Lindiwe Molefe,Exceeded,use insights for next season
PERF-00149,CAMP-0020,Campus Sneaker Culture 020,Tech Utility Jackets,Winter,122,2501.9,3.21,3.61,138743,2.4,13.6,6.5,77.4,149,34.4,6865,Website homepage,Thando Adams,Met,scale campaign
PERF-00150,CAMP-0079,Quiet Luxury Basics 079,Resort Neutrals,Summer,125,3098.9,14.23,17.63,551132,7.9,9.4,6.8,28.1,599,34.4,4123,Instagram Stories,Karabo Petersen,Exceeded,expand to selected regions
PERF-00151,CAMP-0020,Campus Sneaker Culture 020,Tech Utility Jackets,Winter,122,2631.7,3.21,3.79,138743,2.0,4.4,6.0,90.4,599,42.7,21982,Instagram Stories,Mpho Mahlangu,Exceeded,stop low-performing channel
PERF-00152,CAMP-0099,Festival Fits 099,Colour Pop Accessories,Holiday/Festive,175,1842.5,9.23,10.98,565242,1.9,3.9,3.2,31.6,249,33.1,20584,TikTok,Naledi Daniels,Met,expand to selected regions
PERF-00153,CAMP-0044,Active Street Drop 044,Campus Sneaker Culture,Back to Campus,235,590.5,4.38,4.98,721194,8.0,11.6,6.4,36.6,299,33.0,19089,YouTube Shorts,Refilwe Molefe,Needs improvement,adjust pricing message
PERF-00154,CAMP-0027,Active Street Drop 027,Utility Cargo Streetwear,Autumn,215,7249.5,11.9,12.59,171305,6.0,8.0,6.1,82.0,199,35.9,9592,Instagram Stories,Sanele Maseko,Exceeded,adjust pricing message
PERF-00155,CAMP-0003,Coastal Summer Linen 003,Oversized Knitwear,Heritage Month,221,2822.6,13.23,16.11,551228,6.2,10.0,1.6,46.9,149,47.0,11053,Instagram Stories,Lerato Van Wyk,Slightly below target,improve product bundles
PERF-00156,CAMP-0017,Back to Campus Fits 017,Elevated Basics,Summer,161,774.0,4.49,3.28,375307,7.2,4.8,5.9,95.6,399,50.8,2513,Creator events,Keagan Molefe,Met,expand to selected regions
PERF-00157,CAMP-0086,Denim Revival 086,Tech Utility Jackets,Holiday/Festive,120,636.3,5.07,5.47,742904,3.7,11.9,4.3,82.9,199,38.0,15217,Instagram Reels,Nia Daniels,Slightly below target,increase creator videos
PERF-00158,CAMP-0055,Active Street Drop 055,Summer Crochet Edit,Autumn,193,694.8,2.42,3.17,398841,5.2,9.0,3.1,78.4,249,37.5,1236,Email,Kian Daniels,Met,scale campaign
PERF-00159,CAMP-0019,Festival Fits 019,Festival Street Style,Black Friday,234,14437.2,12.69,17.05,117285,8.0,7.6,3.0,34.0,299,46.5,9457,TikTok,Karabo Govender,Exceeded,improve product bundles
PERF-00160,CAMP-0093,Quiet Luxury Basics 093,Back to Campus Fits,Autumn,215,9874.0,13.1,15.39,154301,1.8,7.6,4.3,52.5,249,35.3,9570,Paid social,Sanele Jacobs,Exceeded,adjust pricing message
PERF-00161,CAMP-0041,Campus Sneaker Culture 041,Oversized Knitwear,Black Friday,233,1350.8,9.81,8.68,598306,7.5,12.4,4.9,69.5,299,50.2,9703,TikTok,Mbali Jacobs,Exceeded,scale campaign
PERF-00162,CAMP-0003,Coastal Summer Linen 003,Oversized Knitwear,Heritage Month,221,2559.5,13.23,14.66,551228,7.8,7.4,3.8,89.7,599,41.6,10451,Campus activations,Sanele Jacobs,Slightly below target,improve product bundles
PERF-00163,CAMP-0076,Quiet Luxury Basics 076,Workwear Remix,Back to Campus,125,756.7,3.26,3.74,436581,8.5,7.0,3.4,34.8,299,38.5,3837,Instagram Stories,Leah Nkosi,Slightly below target,improve product bundles
PERF-00164,CAMP-0056,Sustainable Denim Capsule 056,Earth Tone Basics,Spring,129,1116.9,12.39,8.94,734643,1.5,3.2,1.5,80.0,199,33.0,1223,In-store displays,Siba Botha,Met,scale campaign
PERF-00165,CAMP-0058,Denim Revival 058,Active Street,Autumn,222,2113.9,12.5,12.14,548349,6.8,3.6,1.8,60.2,149,45.4,24164,Creator events,Ayesha Ndlovu,Needs improvement,scale campaign
PERF-00166,CAMP-0019,Festival Fits 019,Festival Street Style,Black Friday,234,11734.4,12.69,13.88,117285,7.5,3.8,2.9,26.5,199,37.1,1741,In-store displays,Mbali Mabena,Exceeded,increase creator videos
PERF-00167,CAMP-0007,Festival Fits 007,Campus Sneaker Culture,Back to Campus,130,527.8,1.91,1.93,307408,2.9,3.5,1.1,86.4,399,57.2,9379,Website homepage,Tara Adams,Met,use insights for next season
PERF-00168,CAMP-0052,Quiet Luxury Basics 052,Festival Street Style,Graduation/Occasionwear,151,3353.1,15.51,12.88,372993,6.3,2.8,4.2,35.4,399,43.6,23399,In-store displays,Chloe Mabena,Slightly below target,improve product bundles
PERF-00169,CAMP-0004,Denim Revival 004,Sustainable Denim Capsule,Heritage Month,230,618.3,5.56,4.72,657079,5.3,6.5,6.8,81.5,299,47.8,5480,Website homepage,Karabo Meyer,Needs improvement,improve product bundles
PERF-00170,CAMP-0056,Sustainable Denim Capsule 056,Earth Tone Basics,Spring,129,1989.5,12.39,15.35,734643,1.8,9.5,3.9,83.5,599,32.5,2236,Email,Palesa Adams,Needs improvement,improve product bundles
PERF-00171,CAMP-0013,Street Utility Edit 013,Sustainable Denim Capsule,Heritage Month,156,649.5,5.56,5.09,679121,3.6,9.6,5.3,80.8,149,43.6,16263,Creator events,Kabelo Molefe,Exceeded,adjust pricing message
PERF-00172,CAMP-0005,Denim Revival 005,Relaxed Cargo Denim,Heritage Month,200,1112.1,13.68,10.02,826635,6.0,9.5,4.1,91.7,199,53.3,18795,Creator events,Kian Radebe,Slightly below target,stop low-performing channel
PERF-00173,CAMP-0001,Denim Revival 001,Summer Crochet Edit,Autumn,123,882.9,7.43,6.82,693886,6.1,11.0,2.7,34.7,349,47.9,16794,TikTok,Amahle Petersen,Slightly below target,expand to selected regions
PERF-00174,CAMP-0107,Coastal Summer Linen 107,Local Culture Prints,Autumn,203,1183.1,9.64,10.57,823793,4.8,13.5,5.5,61.2,599,48.6,21584,Instagram Reels,Sipho Adams,Needs improvement,stop low-performing channel
PERF-00175,CAMP-0057,Denim Revival 057,Utility Cargo Streetwear,Heritage Month,236,706.2,2.62,3.02,374620,7.1,7.1,4.1,43.7,499,55.6,3612,Instagram Stories,Neo Petersen,Needs improvement,adjust pricing message
PERF-00176,CAMP-0007,Festival Fits 007,Campus Sneaker Culture,Back to Campus,130,537.6,1.91,1.96,307408,5.4,5.5,5.8,78.4,499,36.8,24498,Paid social,Zanele Dlamini,Slightly below target,stop low-performing channel
PERF-00177,CAMP-0073,Campus Sneaker Culture 073,Campus Sneaker Culture,Black Friday,240,7921.9,14.81,19.17,238971,8.5,7.9,0.9,74.7,349,36.3,14466,Creator events,Nia Maseko,Exceeded,increase creator videos
PERF-00178,CAMP-0060,Denim Revival 060,Workwear Remix,Spring,179,432.2,4.85,3.65,685822,4.6,13.3,5.9,29.8,499,33.4,5539,Creator events,Karabo Nkosi,Exceeded,expand to selected regions
PERF-00179,CAMP-0103,Festival Fits 103,Relaxed Cargo Denim,Heritage Month,171,2191.7,13.68,15.54,678087,3.1,12.7,6.2,62.4,199,38.1,22774,Campus activations,Busisiwe Mthembu,Needs improvement,increase creator videos
PERF-00180,CAMP-0115,Sustainable Denim Capsule 115,Sustainable Denim Capsule,Heritage Month,178,607.8,5.26,4.16,587765,8.3,14.1,5.2,61.8,349,56.1,17003,TikTok,Siba Van Wyk,Exceeded,stop low-performing channel
