collaborator_id,name,role,location,style_niche,audience_segment,platform_strength,estimated_followers,engagement_rate_pct,brand_alignment_score,trend_relevance_score,affordability_band,collaboration_readiness,best_campaign_fit,fit_reason,risk_notes
COLL-0001,Keagan Molefe,Stylist,Cape Town,Sustainable fashion,Budget-conscious families,Design portfolio,249318,8.9,60,56,Mid,Available,Heritage Style Drop 021,Profile aligns with Sustainable fashion and can support Mr Price campaign goals through visual storytelling.,Pricing may need negotiation
COLL-0002,Bongani Maseko,Stylist,Gqeberha,Occasionwear,Young professionals,Photography portfolio,34069,8.9,89,90,Premium,Needs onboarding,Denim Revival 012,Profile aligns with Occasionwear and can support Mr Price campaign goals through visual storytelling.,Limited retail experience
COLL-0003,Kian Adams,Community creator,Kimberley,Sneaker culture,Campus shoppers,Pinterest,240394,9.5,79,91,Premium,Needs onboarding,Heritage Style Drop 104,Profile aligns with Sneaker culture and can support Mr Price campaign goals through local relevance.,Limited retail experience
COLL-0004,Mpho Jacobs,Photographer,Pretoria,Sneaker culture,Young working adults,YouTube,195938,8.1,67,97,Entry,Limited availability,Back to Campus Fits 017,Profile aligns with Sneaker culture and can support Mr Price campaign goals through visual storytelling.,Pricing may need negotiation
COLL-0005,Tara Mokoena,Photographer,Johannesburg,Active lifestyle,Sneaker culture audience,Instagram,223867,6.0,82,70,Mid,Available in 2 weeks,Back to Campus Fits 067,Profile aligns with Active lifestyle and can support Mr Price campaign goals through product styling.,Strong creative fit but lower reach
COLL-0006,Zanele Jacobs,Model,Johannesburg,Local culture fashion,Young professionals,YouTube,39732,10.5,73,64,Mid,Needs onboarding,Festival Fits 019,Profile aligns with Local culture fashion and can support Mr Price campaign goals through product styling.,Audience quality requires review
COLL-0007,Nia Naidoo,Illustrator,Bloemfontein,Editorial fashion,Sneaker culture audience,Photography portfolio,34165,4.7,91,80,Premium,Available in 2 weeks,Active Street Drop 064,Profile aligns with Editorial fashion and can support Mr Price campaign goals through visual storytelling.,Pricing may need negotiation
COLL-0008,Ayesha Mthembu,Designer,Cape Town,Youth culture,Fashion-forward youth,Photography portfolio,194666,2.4,66,81,Premium,Needs onboarding,Heritage Style Drop 039,Profile aligns with Youth culture and can support Mr Price campaign goals through local relevance.,No major risk
COLL-0009,Sanele Van Wyk,Videographer,Polokwane,Occasionwear,Young professionals,YouTube,200430,6.0,59,83,Premium,Limited availability,Quiet Luxury Basics 037,Profile aligns with Occasionwear and can support Mr Price campaign goals through local relevance.,Strong creative fit but lower reach
COLL-0010,Tumi Jacobs,Designer,Bloemfontein,Festival fashion,Occasionwear shoppers,Design portfolio,212844,2.4,74,79,Premium,Available in 2 weeks,Campus Sneaker Culture 074,Profile aligns with Festival fashion and can support Mr Price campaign goals through local relevance.,Pricing may need negotiation
COLL-0011,Refilwe Meyer,Photographer,Durban,Sustainable fashion,Fashion-forward youth,Design portfolio,197983,3.9,96,50,Mid,Available,Coastal Summer Linen 087,Profile aligns with Sustainable fashion and can support Mr Price campaign goals through local relevance.,Pricing may need negotiation
COLL-0012,Karabo Khumalo,Influencer,Pretoria,Campus fashion,Young professionals,Instagram,249542,2.4,87,91,Mid,Needs onboarding,Campus Sneaker Culture 020,Profile aligns with Campus fashion and can support Mr Price campaign goals through youth engagement.,Limited retail experience
COLL-0013,Ayesha Jacobs,Stylist,Polokwane,Denim styling,Conscious shoppers,Photography portfolio,158078,12.0,96,97,Mid,Available,Active Street Drop 100,Profile aligns with Denim styling and can support Mr Price campaign goals through youth engagement.,Pricing may need negotiation
COLL-0014,Mpho Mahlangu,Videographer,Johannesburg,Sneaker culture,Young working adults,TikTok,33795,7.0,97,82,Entry,Available,Quiet Luxury Basics 076,Profile aligns with Sneaker culture and can support Mr Price campaign goals through product styling.,Strong creative fit but lower reach
COLL-0015,Jaden Maseko,Campus ambassador,Pretoria,Festival fashion,Occasionwear shoppers,Instagram,102452,7.0,96,94,Mid,Limited availability,Campus Sneaker Culture 074,Profile aligns with Festival fashion and can support Mr Price campaign goals through local relevance.,No major risk
COLL-0016,Leah Dlamini,Campus ambassador,East London,Summer lifestyle,Holiday shoppers,Design portfolio,185495,2.0,90,84,Premium,Needs onboarding,Heritage Style Drop 009,Profile aligns with Summer lifestyle and can support Mr Price campaign goals through product styling.,Strong creative fit but lower reach
COLL-0017,Sanele Jacobs,Community creator,Cape Town,Occasionwear,Young working adults,Instagram,227769,8.2,66,50,Premium,Needs onboarding,Festival Fits 103,Profile aligns with Occasionwear and can support Mr Price campaign goals through visual storytelling.,No major risk
COLL-0018,Ayesha Petersen,Illustrator,Cape Town,Occasionwear,Budget-conscious families,TikTok,149255,4.5,57,55,Entry,Limited availability,Back to Campus Fits 047,Profile aligns with Occasionwear and can support Mr Price campaign goals through product styling.,Limited retail experience
COLL-0019,Karabo Mokoena,Stylist,Gqeberha,Urban streetwear,Sneaker culture audience,Design portfolio,78712,8.9,83,58,Premium,Needs onboarding,Campus Sneaker Culture 089,Profile aligns with Urban streetwear and can support Mr Price campaign goals through visual storytelling.,Strong creative fit but lower reach
COLL-0020,Kian Daniels,Illustrator,East London,Local culture fashion,Fashion-forward youth,Photography portfolio,27754,8.9,57,65,Entry,Available in 2 weeks,Festival Fits 019,Profile aligns with Local culture fashion and can support Mr Price campaign goals through visual storytelling.,Limited retail experience
COLL-0021,Nia Radebe,Content creator,Cape Town,Active lifestyle,Campus shoppers,YouTube,35483,9.6,82,54,Premium,Limited availability,Festival Fits 034,Profile aligns with Active lifestyle and can support Mr Price campaign goals through youth engagement.,Limited retail experience
COLL-0022,Tumi Mahlangu,Micro-influencer,Gqeberha,Occasionwear,Holiday shoppers,Photography portfolio,39350,7.5,59,90,Premium,Limited availability,Denim Revival 082,Profile aligns with Occasionwear and can support Mr Price campaign goals through local relevance.,Audience quality requires review
COLL-0023,Tara Govender,Illustrator,Durban,Affordable styling,Budget-conscious families,YouTube,208312,6.4,56,88,Entry,Available,Heritage Style Drop 035,Profile aligns with Affordable styling and can support Mr Price campaign goals through creator-led content.,Strong creative fit but lower reach
COLL-0024,Lindiwe Molefe,Model,Pretoria,Campus fashion,Young working adults,YouTube,240153,5.4,72,59,Entry,Limited availability,Active Street Drop 002,Profile aligns with Campus fashion and can support Mr Price campaign goals through creator-led content.,Pricing may need negotiation
COLL-0025,Zanele Van Wyk,Micro-influencer,Pretoria,Summer lifestyle,Sneaker culture audience,Photography portfolio,231310,5.1,86,56,Premium,Limited availability,Back to Campus Fits 090,Profile aligns with Summer lifestyle and can support Mr Price campaign goals through product styling.,Audience quality requires review
COLL-0026,Sanele Maseko,Illustrator,Pretoria,Urban streetwear,Budget-conscious families,YouTube,249921,9.8,66,72,Premium,Needs onboarding,Sustainable Denim Capsule 062,Profile aligns with Urban streetwear and can support Mr Price campaign goals through product styling.,Limited retail experience
COLL-0027,Mpho Mokoena,Creative director,East London,Minimalist basics,Budget-conscious families,Photography portfolio,34926,3.3,91,97,Mid,Available,Denim Revival 118,Profile aligns with Minimalist basics and can support Mr Price campaign goals through visual storytelling.,Limited retail experience
COLL-0028,Keagan Radebe,Model,Mbombela,Summer lifestyle,Young professionals,YouTube,211113,6.8,73,67,Mid,Available in 2 weeks,Quiet Luxury Basics 040,Profile aligns with Summer lifestyle and can support Mr Price campaign goals through creator-led content.,Audience quality requires review
COLL-0029,Karabo Mthembu,Micro-influencer,Pretoria,Sneaker culture,Fashion-forward youth,TikTok,45083,8.0,60,97,Mid,Needs onboarding,Heritage Style Drop 104,Profile aligns with Sneaker culture and can support Mr Price campaign goals through creator-led content.,Pricing may need negotiation
COLL-0030,Keagan Govender,Campus ambassador,Durban,Denim styling,Young professionals,Campus network,181400,12.5,89,94,Entry,Needs onboarding,Active Street Drop 002,Profile aligns with Denim styling and can support Mr Price campaign goals through product styling.,Limited retail experience
COLL-0031,Kian Mokoena,Campus ambassador,Polokwane,Minimalist basics,Sneaker culture audience,Photography portfolio,92255,4.4,97,83,Premium,Available,Street Utility Edit 078,Profile aligns with Minimalist basics and can support Mr Price campaign goals through youth engagement.,Limited retail experience
COLL-0032,Keagan Govender,Stylist,Durban,Sneaker culture,Campus shoppers,Design portfolio,36748,7.3,58,77,Mid,Needs onboarding,Denim Revival 022,Profile aligns with Sneaker culture and can support Mr Price campaign goals through visual storytelling.,No major risk
COLL-0033,Leah Mabena,Content creator,Pretoria,Editorial fashion,Conscious shoppers,Pinterest,78751,4.6,55,97,Premium,Needs onboarding,Active Street Drop 028,Profile aligns with Editorial fashion and can support Mr Price campaign goals through visual storytelling.,Strong creative fit but lower reach
COLL-0034,Chloe Naidoo,Fashion student,Kimberley,Youth culture,Young professionals,TikTok,95056,1.9,84,71,Mid,Limited availability,Heritage Style Drop 014,Profile aligns with Youth culture and can support Mr Price campaign goals through creator-led content.,Audience quality requires review
COLL-0035,Mbali Khumalo,Model,Bloemfontein,Urban streetwear,Young working adults,Pinterest,130786,3.9,88,82,Entry,Needs onboarding,Coastal Summer Linen 016,Profile aligns with Urban streetwear and can support Mr Price campaign goals through youth engagement.,No major risk
COLL-0036,Nia Maseko,Stylist,Mbombela,Affordable styling,Campus shoppers,YouTube,97350,6.4,66,84,Mid,Available,Denim Revival 057,Profile aligns with Affordable styling and can support Mr Price campaign goals through youth engagement.,Limited retail experience
COLL-0037,Nia Daniels,Campus ambassador,Polokwane,Urban streetwear,Campus shoppers,Design portfolio,187717,3.9,67,68,Entry,Available in 2 weeks,Heritage Style Drop 051,Profile aligns with Urban streetwear and can support Mr Price campaign goals through youth engagement.,Audience quality requires review
COLL-0038,Mbali Naidoo,Designer,Cape Town,Denim styling,Conscious shoppers,TikTok,112187,7.0,86,93,Premium,Available in 2 weeks,Street Utility Edit 042,Profile aligns with Denim styling and can support Mr Price campaign goals through youth engagement.,Strong creative fit but lower reach
COLL-0039,Lerato Van Wyk,Designer,Pretoria,Sneaker culture,Gen Z students,Instagram,42574,5.5,55,99,Premium,Available in 2 weeks,Festival Fits 007,Profile aligns with Sneaker culture and can support Mr Price campaign goals through visual storytelling.,Pricing may need negotiation
COLL-0040,Anele Mokoena,Model,Mbombela,Editorial fashion,Conscious shoppers,Pinterest,23456,9.9,70,89,Entry,Available in 2 weeks,Street Utility Edit 032,Profile aligns with Editorial fashion and can support Mr Price campaign goals through visual storytelling.,No major risk
COLL-0041,Tshepo Maseko,Campus ambassador,Cape Town,Occasionwear,Holiday shoppers,Instagram,126028,9.4,61,94,Premium,Available in 2 weeks,Denim Revival 025,Profile aligns with Occasionwear and can support Mr Price campaign goals through product styling.,Limited retail experience
COLL-0042,Zanele Jacobs,Designer,Polokwane,Urban streetwear,Conscious shoppers,Instagram,245357,3.4,56,89,Entry,Available,Sustainable Denim Capsule 111,Profile aligns with Urban streetwear and can support Mr Price campaign goals through creator-led content.,Pricing may need negotiation
COLL-0043,Karabo Govender,Photographer,Cape Town,Sustainable fashion,Campus shoppers,Pinterest,127418,2.5,82,91,Entry,Limited availability,Festival Fits 015,Profile aligns with Sustainable fashion and can support Mr Price campaign goals through visual storytelling.,Audience quality requires review
COLL-0044,Mpho Daniels,Campus ambassador,Polokwane,Sustainable fashion,Campus shoppers,TikTok,49445,2.2,58,92,Premium,Limited availability,Active Street Drop 028,Profile aligns with Sustainable fashion and can support Mr Price campaign goals through visual storytelling.,Pricing may need negotiation
COLL-0045,Mpho Radebe,Micro-influencer,Polokwane,Summer lifestyle,Conscious shoppers,Pinterest,97110,5.4,62,56,Premium,Available,Festival Fits 088,Profile aligns with Summer lifestyle and can support Mr Price campaign goals through product styling.,Limited retail experience
COLL-0046,Leah Daniels,Campus ambassador,Bloemfontein,Minimalist basics,Occasionwear shoppers,Campus network,160322,5.8,96,67,Entry,Needs onboarding,Denim Revival 012,Profile aligns with Minimalist basics and can support Mr Price campaign goals through creator-led content.,Limited retail experience
COLL-0047,Palesa Radebe,Micro-influencer,Johannesburg,Active lifestyle,Fashion-forward youth,Instagram,186522,6.6,61,54,Premium,Limited availability,Heritage Style Drop 039,Profile aligns with Active lifestyle and can support Mr Price campaign goals through youth engagement.,Limited retail experience
COLL-0048,Sanele Petersen,Influencer,Durban,Sustainable fashion,Holiday shoppers,Campus network,188342,4.5,90,72,Mid,Needs onboarding,Street Utility Edit 081,Profile aligns with Sustainable fashion and can support Mr Price campaign goals through creator-led content.,Pricing may need negotiation
COLL-0049,Kabelo Meyer,Model,East London,Local culture fashion,Gen Z students,Instagram,158864,4.7,63,68,Entry,Available,Campus Sneaker Culture 102,Profile aligns with Local culture fashion and can support Mr Price campaign goals through local relevance.,Pricing may need negotiation
COLL-0050,Jaden Molefe,Content creator,Pretoria,Summer lifestyle,Young professionals,Design portfolio,135304,5.9,79,75,Premium,Limited availability,Active Street Drop 027,Profile aligns with Summer lifestyle and can support Mr Price campaign goals through local relevance.,No major risk
COLL-0051,Sipho Adams,Stylist,Kimberley,Minimalist basics,Gen Z students,Design portfolio,136226,6.7,88,66,Mid,Available in 2 weeks,Quiet Luxury Basics 038,Profile aligns with Minimalist basics and can support Mr Price campaign goals through visual storytelling.,Strong creative fit but lower reach
COLL-0052,Lindiwe Khumalo,Stylist,Johannesburg,Local culture fashion,Fashion-forward youth,YouTube,12047,8.6,72,58,Mid,Available,Festival Fits 083,Profile aligns with Local culture fashion and can support Mr Price campaign goals through local relevance.,Limited retail experience
COLL-0053,Sanele Jacobs,Influencer,Bloemfontein,Occasionwear,Occasionwear shoppers,YouTube,86881,2.7,90,66,Premium,Available in 2 weeks,Coastal Summer Linen 053,Profile aligns with Occasionwear and can support Mr Price campaign goals through product styling.,Audience quality requires review
COLL-0054,Leah Naidoo,Creative director,Johannesburg,Youth culture,Campus shoppers,Instagram,193290,12.1,66,66,Entry,Available,Quiet Luxury Basics 093,Profile aligns with Youth culture and can support Mr Price campaign goals through youth engagement.,Audience quality requires review
COLL-0055,Tshepo Radebe,Content creator,Cape Town,Youth culture,Young professionals,Instagram,86803,4.7,92,90,Mid,Available in 2 weeks,Denim Revival 058,Profile aligns with Youth culture and can support Mr Price campaign goals through local relevance.,Pricing may need negotiation
COLL-0056,Neo Petersen,Fashion student,Pretoria,Denim styling,Budget-conscious families,Pinterest,50303,10.5,66,62,Premium,Needs onboarding,Coastal Summer Linen 094,Profile aligns with Denim styling and can support Mr Price campaign goals through local relevance.,Audience quality requires review
COLL-0057,Thando Botha,Designer,Durban,Youth culture,Holiday shoppers,Photography portfolio,161136,3.8,64,54,Mid,Available in 2 weeks,Heritage Style Drop 059,Profile aligns with Youth culture and can support Mr Price campaign goals through youth engagement.,No major risk
COLL-0058,Lerato Govender,Designer,Johannesburg,Active lifestyle,Young working adults,Pinterest,102460,2.0,55,98,Premium,Available,Back to Campus Fits 017,Profile aligns with Active lifestyle and can support Mr Price campaign goals through local relevance.,No major risk
COLL-0059,Mpho Petersen,Creative director,Kimberley,Urban streetwear,Gen Z students,Design portfolio,29676,7.6,76,95,Entry,Available in 2 weeks,Heritage Style Drop 018,Profile aligns with Urban streetwear and can support Mr Price campaign goals through youth engagement.,Strong creative fit but lower reach
COLL-0060,Mbali Mahlangu,Designer,Gqeberha,Campus fashion,Young professionals,Instagram,65713,2.4,72,90,Premium,Available,Coastal Summer Linen 003,Profile aligns with Campus fashion and can support Mr Price campaign goals through creator-led content.,No major risk
COLL-0061,Sanele Botha,Micro-influencer,East London,Youth culture,Holiday shoppers,Instagram,2117,11.6,56,64,Mid,Needs onboarding,Festival Fits 019,Profile aligns with Youth culture and can support Mr Price campaign goals through visual storytelling.,Audience quality requires review
COLL-0062,Zanele Van Wyk,Creative director,Pretoria,Denim styling,Budget-conscious families,TikTok,60657,2.9,73,72,Entry,Limited availability,Coastal Summer Linen 016,Profile aligns with Denim styling and can support Mr Price campaign goals through visual storytelling.,No major risk
COLL-0063,Mbali Naidoo,Illustrator,Durban,Summer lifestyle,Holiday shoppers,Campus network,89577,8.2,98,77,Entry,Limited availability,Back to Campus Fits 080,Profile aligns with Summer lifestyle and can support Mr Price campaign goals through visual storytelling.,Audience quality requires review
COLL-0064,Mbali Jacobs,Photographer,Mbombela,Occasionwear,Campus shoppers,YouTube,214325,11.5,59,50,Entry,Available in 2 weeks,Campus Sneaker Culture 041,Profile aligns with Occasionwear and can support Mr Price campaign goals through local relevance.,Pricing may need negotiation
COLL-0065,Busisiwe Meyer,Micro-influencer,Pretoria,Active lifestyle,Holiday shoppers,Photography portfolio,74800,3.3,75,58,Entry,Needs onboarding,Heritage Style Drop 046,Profile aligns with Active lifestyle and can support Mr Price campaign goals through visual storytelling.,Pricing may need negotiation
COLL-0066,Karabo Meyer,Campus ambassador,Polokwane,Active lifestyle,Campus shoppers,Instagram,212076,11.9,70,74,Mid,Needs onboarding,Campus Sneaker Culture 069,Profile aligns with Active lifestyle and can support Mr Price campaign goals through product styling.,Pricing may need negotiation
COLL-0067,Sanele Molefe,Stylist,Polokwane,Sneaker culture,Occasionwear shoppers,Photography portfolio,112383,7.4,69,94,Entry,Available in 2 weeks,Back to Campus Fits 047,Profile aligns with Sneaker culture and can support Mr Price campaign goals through creator-led content.,Limited retail experience
COLL-0068,Tshepo Mokoena,Videographer,East London,Denim styling,Budget-conscious families,TikTok,17417,11.6,78,99,Entry,Limited availability,Heritage Style Drop 059,Profile aligns with Denim styling and can support Mr Price campaign goals through local relevance.,Strong creative fit but lower reach
COLL-0069,Kian Nkosi,Stylist,Cape Town,Youth culture,Fashion-forward youth,TikTok,197620,3.3,64,74,Premium,Available,Back to Campus Fits 090,Profile aligns with Youth culture and can support Mr Price campaign goals through youth engagement.,Audience quality requires review
COLL-0070,Ayesha Jacobs,Creative director,Kimberley,Sneaker culture,Young professionals,Design portfolio,157494,11.1,56,59,Mid,Available in 2 weeks,Street Utility Edit 011,Profile aligns with Sneaker culture and can support Mr Price campaign goals through local relevance.,No major risk
COLL-0071,Thando Adams,Model,Durban,Festival fashion,Budget-conscious families,Pinterest,196719,3.3,88,94,Mid,Needs onboarding,Coastal Summer Linen 053,Profile aligns with Festival fashion and can support Mr Price campaign goals through visual storytelling.,Pricing may need negotiation
COLL-0072,Siba Mokoena,Photographer,Pretoria,Summer lifestyle,Gen Z students,Photography portfolio,10219,8.3,66,82,Entry,Available,Heritage Style Drop 051,Profile aligns with Summer lifestyle and can support Mr Price campaign goals through youth engagement.,Pricing may need negotiation
COLL-0073,Sanele Maseko,Illustrator,East London,Editorial fashion,Fashion-forward youth,Pinterest,245974,3.5,60,83,Mid,Available in 2 weeks,Back to Campus Fits 096,Profile aligns with Editorial fashion and can support Mr Price campaign goals through local relevance.,Pricing may need negotiation
COLL-0074,Anele Naidoo,Stylist,Polokwane,Summer lifestyle,Sneaker culture audience,Campus network,222450,2.6,84,80,Mid,Needs onboarding,Heritage Style Drop 106,Profile aligns with Summer lifestyle and can support Mr Price campaign goals through youth engagement.,Limited retail experience
COLL-0075,Ayesha Daniels,Creative director,Polokwane,Sustainable fashion,Conscious shoppers,TikTok,29167,2.6,93,99,Mid,Available,Back to Campus Fits 031,Profile aligns with Sustainable fashion and can support Mr Price campaign goals through visual storytelling.,Limited retail experience
COLL-0076,Sanele Jacobs,Micro-influencer,Cape Town,Active lifestyle,Gen Z students,Design portfolio,240268,5.1,90,62,Premium,Available,Back to Campus Fits 031,Profile aligns with Active lifestyle and can support Mr Price campaign goals through visual storytelling.,No major risk
COLL-0077,Tara Adams,Influencer,Kimberley,Festival fashion,Young professionals,TikTok,14395,5.2,74,50,Mid,Limited availability,Heritage Style Drop 051,Profile aligns with Festival fashion and can support Mr Price campaign goals through product styling.,Limited retail experience
COLL-0078,Leah Van Wyk,Campus ambassador,Bloemfontein,Summer lifestyle,Young working adults,YouTube,108567,11.4,87,56,Premium,Available in 2 weeks,Denim Revival 004,Profile aligns with Summer lifestyle and can support Mr Price campaign goals through product styling.,Pricing may need negotiation
COLL-0079,Jaden Adams,Influencer,Gqeberha,Summer lifestyle,Budget-conscious families,Photography portfolio,123200,2.6,95,55,Premium,Available in 2 weeks,Active Street Drop 114,Profile aligns with Summer lifestyle and can support Mr Price campaign goals through local relevance.,Limited retail experience
COLL-0080,Bongani Khumalo,Content creator,East London,Minimalist basics,Occasionwear shoppers,Photography portfolio,138976,11.8,76,78,Entry,Limited availability,Quiet Luxury Basics 038,Profile aligns with Minimalist basics and can support Mr Price campaign goals through visual storytelling.,Strong creative fit but lower reach
COLL-0081,Tshepo Nkosi,Influencer,Polokwane,Sustainable fashion,Fashion-forward youth,Campus network,160889,2.6,64,86,Premium,Needs onboarding,Street Utility Edit 013,Profile aligns with Sustainable fashion and can support Mr Price campaign goals through creator-led content.,Limited retail experience
COLL-0082,Bongani Botha,Content creator,Pretoria,Denim styling,Young working adults,Pinterest,84039,3.6,73,60,Entry,Limited availability,Campus Sneaker Culture 074,Profile aligns with Denim styling and can support Mr Price campaign goals through visual storytelling.,Audience quality requires review
COLL-0083,Kabelo Dlamini,Designer,Mbombela,Editorial fashion,Young professionals,YouTube,201854,11.2,96,58,Entry,Needs onboarding,Denim Revival 006,Profile aligns with Editorial fashion and can support Mr Price campaign goals through visual storytelling.,Audience quality requires review
COLL-0084,Tumi Nkosi,Illustrator,Durban,Denim styling,Campus shoppers,Campus network,223268,8.5,75,73,Entry,Needs onboarding,Quiet Luxury Basics 065,Profile aligns with Denim styling and can support Mr Price campaign goals through youth engagement.,Audience quality requires review
COLL-0085,Mbali Naidoo,Illustrator,Johannesburg,Minimalist basics,Fashion-forward youth,Photography portfolio,217081,7.8,64,56,Mid,Needs onboarding,Heritage Style Drop 021,Profile aligns with Minimalist basics and can support Mr Price campaign goals through product styling.,Pricing may need negotiation
COLL-0086,Tshepo Dlamini,Stylist,Polokwane,Youth culture,Young professionals,Photography portfolio,26311,5.5,84,91,Premium,Needs onboarding,Heritage Style Drop 014,Profile aligns with Youth culture and can support Mr Price campaign goals through creator-led content.,Limited retail experience
COLL-0087,Lerato Jacobs,Model,Polokwane,Sustainable fashion,Holiday shoppers,YouTube,18700,5.2,93,81,Entry,Needs onboarding,Festival Fits 015,Profile aligns with Sustainable fashion and can support Mr Price campaign goals through visual storytelling.,Pricing may need negotiation
COLL-0088,Ayesha Molefe,Designer,Mbombela,Summer lifestyle,Fashion-forward youth,YouTube,150751,2.1,93,99,Mid,Available,Sustainable Denim Capsule 120,Profile aligns with Summer lifestyle and can support Mr Price campaign goals through visual storytelling.,Pricing may need negotiation
COLL-0089,Jaden Ndlovu,Influencer,Cape Town,Youth culture,Gen Z students,Design portfolio,181020,6.3,71,90,Entry,Available,Festival Fits 019,Profile aligns with Youth culture and can support Mr Price campaign goals through creator-led content.,Audience quality requires review
COLL-0090,Tumi Dlamini,Photographer,Mbombela,Youth culture,Holiday shoppers,Campus network,57926,9.0,71,61,Entry,Available,Sustainable Denim Capsule 115,Profile aligns with Youth culture and can support Mr Price campaign goals through youth engagement.,Audience quality requires review
COLL-0091,Bongani Botha,Designer,Cape Town,Campus fashion,Holiday shoppers,Pinterest,126449,7.5,65,94,Mid,Limited availability,Active Street Drop 117,Profile aligns with Campus fashion and can support Mr Price campaign goals through product styling.,Pricing may need negotiation
COLL-0092,Chloe Mokoena,Content creator,Kimberley,Sustainable fashion,Young working adults,Photography portfolio,176902,8.0,64,70,Premium,Limited availability,Active Street Drop 002,Profile aligns with Sustainable fashion and can support Mr Price campaign goals through local relevance.,Pricing may need negotiation
COLL-0093,Kian Petersen,Fashion student,Bloemfontein,Sneaker culture,Holiday shoppers,YouTube,138296,9.5,83,58,Premium,Needs onboarding,Denim Revival 082,Profile aligns with Sneaker culture and can support Mr Price campaign goals through product styling.,No major risk
COLL-0094,Ayesha Ndlovu,Campus ambassador,Cape Town,Affordable styling,Sneaker culture audience,Design portfolio,45342,8.2,68,72,Entry,Available in 2 weeks,Coastal Summer Linen 087,Profile aligns with Affordable styling and can support Mr Price campaign goals through product styling.,No major risk
COLL-0095,Neo Daniels,Influencer,Gqeberha,Editorial fashion,Sneaker culture audience,Design portfolio,229277,3.1,86,91,Mid,Needs onboarding,Coastal Summer Linen 053,Profile aligns with Editorial fashion and can support Mr Price campaign goals through visual storytelling.,Audience quality requires review
COLL-0096,Chloe Molefe,Model,East London,Festival fashion,Campus shoppers,TikTok,244636,3.7,82,73,Entry,Available in 2 weeks,Street Utility Edit 070,Profile aligns with Festival fashion and can support Mr Price campaign goals through youth engagement.,Pricing may need negotiation
COLL-0097,Amahle Nkosi,Creative director,Gqeberha,Minimalist basics,Occasionwear shoppers,Design portfolio,27811,12.5,61,55,Premium,Available,Quiet Luxury Basics 079,Profile aligns with Minimalist basics and can support Mr Price campaign goals through youth engagement.,No major risk
COLL-0098,Jaden Radebe,Content creator,Pretoria,Occasionwear,Young professionals,Campus network,154166,10.4,97,68,Mid,Available in 2 weeks,Festival Fits 029,Profile aligns with Occasionwear and can support Mr Price campaign goals through youth engagement.,Strong creative fit but lower reach
COLL-0099,Tumi Jacobs,Stylist,Mbombela,Sneaker culture,Campus shoppers,Design portfolio,241407,6.8,96,95,Premium,Needs onboarding,Denim Revival 001,Profile aligns with Sneaker culture and can support Mr Price campaign goals through visual storytelling.,Limited retail experience
COLL-0100,Musa Botha,Photographer,Gqeberha,Editorial fashion,Holiday shoppers,Photography portfolio,65122,1.8,81,52,Entry,Available,Campus Sneaker Culture 020,Profile aligns with Editorial fashion and can support Mr Price campaign goals through visual storytelling.,Strong creative fit but lower reach
COLL-0101,Chloe Radebe,Videographer,Bloemfontein,Summer lifestyle,Occasionwear shoppers,Pinterest,65194,7.7,80,62,Premium,Needs onboarding,Coastal Summer Linen 107,Profile aligns with Summer lifestyle and can support Mr Price campaign goals through creator-led content.,Strong creative fit but lower reach
COLL-0102,Karabo Petersen,Creative director,Polokwane,Minimalist basics,Budget-conscious families,Pinterest,238823,5.2,65,77,Entry,Available,Festival Fits 091,Profile aligns with Minimalist basics and can support Mr Price campaign goals through local relevance.,Strong creative fit but lower reach
COLL-0103,Lindiwe Adams,Community creator,Polokwane,Youth culture,Conscious shoppers,Design portfolio,146740,3.5,75,63,Entry,Available,Denim Revival 004,Profile aligns with Youth culture and can support Mr Price campaign goals through youth engagement.,No major risk
COLL-0104,Palesa Adams,Designer,Johannesburg,Active lifestyle,Sneaker culture audience,TikTok,151692,5.9,63,79,Premium,Limited availability,Denim Revival 024,Profile aligns with Active lifestyle and can support Mr Price campaign goals through local relevance.,Limited retail experience
COLL-0105,Amahle Ndlovu,Content creator,Cape Town,Minimalist basics,Holiday shoppers,Design portfolio,70083,8.9,72,55,Entry,Available,Denim Revival 082,Profile aligns with Minimalist basics and can support Mr Price campaign goals through product styling.,No major risk
COLL-0106,Lindiwe Mahlangu,Illustrator,Pretoria,Sneaker culture,Budget-conscious families,YouTube,70480,11.4,60,54,Mid,Limited availability,Active Street Drop 117,Profile aligns with Sneaker culture and can support Mr Price campaign goals through local relevance.,Pricing may need negotiation
COLL-0107,Lindiwe Meyer,Community creator,Johannesburg,Affordable styling,Young working adults,Pinterest,253253,8.5,68,93,Mid,Needs onboarding,Active Street Drop 114,Profile aligns with Affordable styling and can support Mr Price campaign goals through visual storytelling.,Pricing may need negotiation
COLL-0108,Siba Khumalo,Designer,Gqeberha,Urban streetwear,Budget-conscious families,Photography portfolio,150512,8.6,57,57,Mid,Limited availability,Sustainable Denim Capsule 062,Profile aligns with Urban streetwear and can support Mr Price campaign goals through product styling.,Strong creative fit but lower reach
COLL-0109,Sanele Mokoena,Designer,East London,Minimalist basics,Conscious shoppers,TikTok,52353,8.3,89,51,Premium,Available in 2 weeks,Active Street Drop 028,Profile aligns with Minimalist basics and can support Mr Price campaign goals through visual storytelling.,No major risk
COLL-0110,Mbali Ndlovu,Influencer,Bloemfontein,Summer lifestyle,Fashion-forward youth,TikTok,192573,9.2,63,67,Mid,Needs onboarding,Denim Revival 026,Profile aligns with Summer lifestyle and can support Mr Price campaign goals through creator-led content.,Audience quality requires review
COLL-0111,Refilwe Molefe,Creative director,Gqeberha,Denim styling,Young professionals,Pinterest,136189,11.9,67,66,Entry,Available in 2 weeks,Festival Fits 088,Profile aligns with Denim styling and can support Mr Price campaign goals through visual storytelling.,Pricing may need negotiation
COLL-0112,Lindiwe Adams,Community creator,Kimberley,Editorial fashion,Budget-conscious families,Design portfolio,55757,12.0,86,77,Mid,Needs onboarding,Back to Campus Fits 077,Profile aligns with Editorial fashion and can support Mr Price campaign goals through visual storytelling.,Audience quality requires review
COLL-0113,Anele Jacobs,Illustrator,Polokwane,Affordable styling,Fashion-forward youth,Campus network,94314,5.8,95,54,Mid,Available in 2 weeks,Active Street Drop 114,Profile aligns with Affordable styling and can support Mr Price campaign goals through creator-led content.,Strong creative fit but lower reach
COLL-0114,Mpho Adams,Model,Gqeberha,Active lifestyle,Sneaker culture audience,YouTube,106213,2.1,66,70,Mid,Available in 2 weeks,Heritage Style Drop 046,Profile aligns with Active lifestyle and can support Mr Price campaign goals through local relevance.,No major risk
COLL-0115,Naledi Daniels,Videographer,Durban,Festival fashion,Campus shoppers,TikTok,4325,5.2,55,95,Mid,Available in 2 weeks,Denim Revival 060,Profile aligns with Festival fashion and can support Mr Price campaign goals through product styling.,Audience quality requires review
COLL-0116,Mbali Mabena,Content creator,Pretoria,Affordable styling,Conscious shoppers,Campus network,57420,7.4,61,85,Mid,Available,Campus Sneaker Culture 074,Profile aligns with Affordable styling and can support Mr Price campaign goals through youth engagement.,Pricing may need negotiation
COLL-0117,Leah Mthembu,Stylist,Cape Town,Urban streetwear,Young professionals,Pinterest,14066,12.4,81,57,Entry,Needs onboarding,Denim Revival 022,Profile aligns with Urban streetwear and can support Mr Price campaign goals through product styling.,Audience quality requires review
COLL-0118,Tara Van Wyk,Stylist,Kimberley,Urban streetwear,Conscious shoppers,TikTok,170533,10.2,91,50,Mid,Limited availability,Back to Campus Fits 017,Profile aligns with Urban streetwear and can support Mr Price campaign goals through youth engagement.,No major risk
COLL-0119,Mbali Molefe,Content creator,Johannesburg,Campus fashion,Gen Z students,TikTok,124979,2.8,81,96,Mid,Limited availability,Campus Sneaker Culture 041,Profile aligns with Campus fashion and can support Mr Price campaign goals through visual storytelling.,Pricing may need negotiation
COLL-0120,Kabelo Molefe,Community creator,Bloemfontein,Denim styling,Occasionwear shoppers,TikTok,104908,5.0,84,81,Premium,Available,Active Street Drop 108,Profile aligns with Denim styling and can support Mr Price campaign goals through visual storytelling.,Strong creative fit but lower reach
COLL-0121,Lindiwe Mokoena,Stylist,Johannesburg,Youth culture,Gen Z students,Instagram,29360,12.4,82,64,Entry,Available,Denim Revival 025,Profile aligns with Youth culture and can support Mr Price campaign goals through visual storytelling.,Strong creative fit but lower reach
COLL-0122,Thando Naidoo,Photographer,Johannesburg,Sneaker culture,Gen Z students,YouTube,21471,4.6,94,74,Mid,Available in 2 weeks,Denim Revival 119,Profile aligns with Sneaker culture and can support Mr Price campaign goals through local relevance.,Strong creative fit but lower reach
COLL-0123,Busisiwe Jacobs,Designer,Bloemfontein,Youth culture,Budget-conscious families,Design portfolio,154926,11.3,81,90,Mid,Available,Back to Campus Fits 067,Profile aligns with Youth culture and can support Mr Price campaign goals through product styling.,Limited retail experience
COLL-0124,Tara Meyer,Creative director,Mbombela,Editorial fashion,Campus shoppers,Design portfolio,193391,7.0,60,66,Mid,Available,Heritage Style Drop 046,Profile aligns with Editorial fashion and can support Mr Price campaign goals through product styling.,Limited retail experience
COLL-0125,Keagan Ndlovu,Campus ambassador,Pretoria,Sneaker culture,Young professionals,TikTok,57499,1.9,68,79,Mid,Available in 2 weeks,Heritage Style Drop 063,Profile aligns with Sneaker culture and can support Mr Price campaign goals through creator-led content.,Audience quality requires review
COLL-0126,Naledi Adams,Community creator,East London,Local culture fashion,Campus shoppers,Design portfolio,249363,5.1,84,91,Entry,Available,Denim Revival 118,Profile aligns with Local culture fashion and can support Mr Price campaign goals through local relevance.,Limited retail experience
COLL-0127,Kian Daniels,Model,Mbombela,Youth culture,Occasionwear shoppers,Campus network,55020,10.1,67,54,Mid,Needs onboarding,Denim Revival 022,Profile aligns with Youth culture and can support Mr Price campaign goals through visual storytelling.,Strong creative fit but lower reach
COLL-0128,Palesa Jacobs,Designer,Mbombela,Sneaker culture,Young working adults,Instagram,6148,11.4,66,67,Entry,Needs onboarding,Coastal Summer Linen 085,Profile aligns with Sneaker culture and can support Mr Price campaign goals through product styling.,Pricing may need negotiation
COLL-0129,Neo Maseko,Micro-influencer,East London,Sneaker culture,Campus shoppers,Pinterest,57391,3.4,87,77,Premium,Limited availability,Festival Fits 007,Profile aligns with Sneaker culture and can support Mr Price campaign goals through youth engagement.,Audience quality requires review
COLL-0130,Neo Jacobs,Influencer,Polokwane,Minimalist basics,Holiday shoppers,Instagram,78871,3.8,66,88,Mid,Needs onboarding,Back to Campus Fits 067,Profile aligns with Minimalist basics and can support Mr Price campaign goals through youth engagement.,No major risk
COLL-0131,Keagan Naidoo,Creative director,Cape Town,Sneaker culture,Fashion-forward youth,TikTok,15729,11.4,91,67,Entry,Available,Campus Sneaker Culture 069,Profile aligns with Sneaker culture and can support Mr Price campaign goals through creator-led content.,Audience quality requires review
COLL-0132,Zanele Radebe,Campus ambassador,Polokwane,Affordable styling,Holiday shoppers,TikTok,59442,9.7,72,81,Entry,Available in 2 weeks,Campus Sneaker Culture 101,Profile aligns with Affordable styling and can support Mr Price campaign goals through local relevance.,Audience quality requires review
COLL-0133,Palesa Botha,Campus ambassador,Kimberley,Editorial fashion,Gen Z students,TikTok,50317,7.2,94,80,Premium,Limited availability,Quiet Luxury Basics 110,Profile aligns with Editorial fashion and can support Mr Price campaign goals through local relevance.,Limited retail experience
COLL-0134,Leah Dlamini,Designer,Durban,Campus fashion,Young professionals,Instagram,254046,1.9,85,77,Mid,Available,Street Utility Edit 023,Profile aligns with Campus fashion and can support Mr Price campaign goals through visual storytelling.,No major risk
COLL-0135,Sipho Mokoena,Illustrator,Bloemfontein,Denim styling,Occasionwear shoppers,TikTok,129806,11.1,85,57,Entry,Available,Campus Sneaker Culture 073,Profile aligns with Denim styling and can support Mr Price campaign goals through visual storytelling.,Limited retail experience
COLL-0136,Musa Govender,Designer,Durban,Festival fashion,Young working adults,TikTok,81649,10.4,76,78,Mid,Limited availability,Street Utility Edit 070,Profile aligns with Festival fashion and can support Mr Price campaign goals through visual storytelling.,Pricing may need negotiation
COLL-0137,Mpho Daniels,Fashion student,Johannesburg,Youth culture,Campus shoppers,YouTube,187963,5.4,88,99,Premium,Needs onboarding,Festival Fits 015,Profile aligns with Youth culture and can support Mr Price campaign goals through visual storytelling.,Strong creative fit but lower reach
COLL-0138,Lerato Mokoena,Designer,Polokwane,Youth culture,Fashion-forward youth,Photography portfolio,38928,5.6,56,65,Premium,Needs onboarding,Back to Campus Fits 047,Profile aligns with Youth culture and can support Mr Price campaign goals through local relevance.,No major risk
COLL-0139,Naledi Van Wyk,Creative director,Pretoria,Editorial fashion,Sneaker culture audience,Pinterest,253014,11.2,66,66,Premium,Limited availability,Active Street Drop 114,Profile aligns with Editorial fashion and can support Mr Price campaign goals through visual storytelling.,Pricing may need negotiation
COLL-0140,Tara Nkosi,Photographer,Gqeberha,Sustainable fashion,Gen Z students,Campus network,138135,9.3,94,57,Mid,Needs onboarding,Campus Sneaker Culture 073,Profile aligns with Sustainable fashion and can support Mr Price campaign goals through visual storytelling.,Audience quality requires review
COLL-0141,Lindiwe Mokoena,Fashion student,Durban,Denim styling,Budget-conscious families,Campus network,255207,4.9,90,92,Entry,Limited availability,Heritage Style Drop 063,Profile aligns with Denim styling and can support Mr Price campaign goals through visual storytelling.,No major risk
COLL-0142,Siba Botha,Influencer,Mbombela,Urban streetwear,Fashion-forward youth,YouTube,218192,8.1,58,81,Mid,Available,Sustainable Denim Capsule 056,Profile aligns with Urban streetwear and can support Mr Price campaign goals through visual storytelling.,No major risk
COLL-0143,Ayesha Maseko,Designer,Bloemfontein,Editorial fashion,Sneaker culture audience,Photography portfolio,253071,10.0,64,55,Premium,Limited availability,Festival Fits 019,Profile aligns with Editorial fashion and can support Mr Price campaign goals through local relevance.,Pricing may need negotiation
COLL-0144,Tara Dlamini,Photographer,Cape Town,Urban streetwear,Young professionals,YouTube,67002,10.5,95,74,Mid,Needs onboarding,Denim Revival 116,Profile aligns with Urban streetwear and can support Mr Price campaign goals through creator-led content.,Audience quality requires review
COLL-0145,Kian Botha,Illustrator,Gqeberha,Summer lifestyle,Occasionwear shoppers,Pinterest,179775,11.2,92,58,Premium,Available in 2 weeks,Festival Fits 033,Profile aligns with Summer lifestyle and can support Mr Price campaign goals through local relevance.,Pricing may need negotiation
COLL-0146,Sanele Ndlovu,Photographer,Gqeberha,Sneaker culture,Conscious shoppers,Campus network,244838,8.5,89,61,Mid,Needs onboarding,Street Utility Edit 013,Profile aligns with Sneaker culture and can support Mr Price campaign goals through local relevance.,Strong creative fit but lower reach
COLL-0147,Busisiwe Mthembu,Content creator,Bloemfontein,Denim styling,Campus shoppers,Pinterest,124103,6.3,81,79,Entry,Available,Festival Fits 099,Profile aligns with Denim styling and can support Mr Price campaign goals through youth engagement.,No major risk
COLL-0148,Bongani Petersen,Illustrator,Gqeberha,Festival fashion,Fashion-forward youth,Campus network,136071,5.8,94,84,Premium,Limited availability,Festival Fits 007,Profile aligns with Festival fashion and can support Mr Price campaign goals through youth engagement.,Limited retail experience
COLL-0149,Tumi Mokoena,Fashion student,East London,Denim styling,Gen Z students,TikTok,16137,4.7,96,56,Mid,Available,Heritage Style Drop 106,Profile aligns with Denim styling and can support Mr Price campaign goals through visual storytelling.,Strong creative fit but lower reach
COLL-0150,Jaden Mthembu,Influencer,Pretoria,Minimalist basics,Occasionwear shoppers,Photography portfolio,135708,9.7,58,94,Entry,Available in 2 weeks,Coastal Summer Linen 072,Profile aligns with Minimalist basics and can support Mr Price campaign goals through youth engagement.,Limited retail experience
COLL-0151,Zanele Petersen,Photographer,Gqeberha,Minimalist basics,Gen Z students,Design portfolio,128928,8.5,67,57,Entry,Available,Campus Sneaker Culture 020,Profile aligns with Minimalist basics and can support Mr Price campaign goals through product styling.,No major risk
COLL-0152,Musa Jacobs,Stylist,Cape Town,Sneaker culture,Young professionals,TikTok,220094,7.2,80,53,Entry,Limited availability,Quiet Luxury Basics 052,Profile aligns with Sneaker culture and can support Mr Price campaign goals through youth engagement.,Limited retail experience
COLL-0153,Chloe Mabena,Content creator,Gqeberha,Youth culture,Occasionwear shoppers,Photography portfolio,116915,11.0,94,57,Mid,Available in 2 weeks,Denim Revival 082,Profile aligns with Youth culture and can support Mr Price campaign goals through creator-led content.,Limited retail experience
COLL-0154,Nia Mabena,Designer,East London,Minimalist basics,Sneaker culture audience,Instagram,126622,6.9,73,92,Entry,Needs onboarding,Street Utility Edit 048,Profile aligns with Minimalist basics and can support Mr Price campaign goals through visual storytelling.,Pricing may need negotiation
COLL-0155,Tumi Jacobs,Fashion student,Polokwane,Youth culture,Holiday shoppers,Instagram,9132,4.8,62,86,Mid,Available,Active Street Drop 075,Profile aligns with Youth culture and can support Mr Price campaign goals through visual storytelling.,No major risk
COLL-0156,Palesa Radebe,Fashion student,Johannesburg,Campus fashion,Budget-conscious families,Pinterest,233122,9.5,72,50,Entry,Limited availability,Quiet Luxury Basics 065,Profile aligns with Campus fashion and can support Mr Price campaign goals through product styling.,Limited retail experience
COLL-0157,Neo Govender,Model,East London,Sneaker culture,Budget-conscious families,Photography portfolio,41489,5.6,91,71,Mid,Available in 2 weeks,Heritage Style Drop 036,Profile aligns with Sneaker culture and can support Mr Price campaign goals through visual storytelling.,Pricing may need negotiation
COLL-0158,Kabelo Meyer,Model,Mbombela,Active lifestyle,Budget-conscious families,Campus network,187529,11.7,97,83,Mid,Available in 2 weeks,Back to Campus Fits 090,Profile aligns with Active lifestyle and can support Mr Price campaign goals through visual storytelling.,Strong creative fit but lower reach
COLL-0159,Tara Daniels,Illustrator,Kimberley,Youth culture,Holiday shoppers,TikTok,13577,2.1,65,64,Entry,Available,Active Street Drop 064,Profile aligns with Youth culture and can support Mr Price campaign goals through youth engagement.,Audience quality requires review
COLL-0160,Bongani Mabena,Community creator,Cape Town,Sneaker culture,Budget-conscious families,Photography portfolio,235756,5.9,81,54,Entry,Limited availability,Festival Fits 015,Profile aligns with Sneaker culture and can support Mr Price campaign goals through creator-led content.,No major risk
COLL-0161,Busisiwe Daniels,Illustrator,Johannesburg,Summer lifestyle,Campus shoppers,TikTok,184966,6.6,63,90,Premium,Available in 2 weeks,Denim Revival 026,Profile aligns with Summer lifestyle and can support Mr Price campaign goals through visual storytelling.,Pricing may need negotiation
COLL-0162,Busisiwe Botha,Stylist,Cape Town,Minimalist basics,Budget-conscious families,Pinterest,215142,7.5,67,55,Premium,Available,Street Utility Edit 081,Profile aligns with Minimalist basics and can support Mr Price campaign goals through creator-led content.,Limited retail experience
COLL-0163,Ayesha Petersen,Influencer,Bloemfontein,Festival fashion,Holiday shoppers,Campus network,145082,11.1,76,61,Premium,Needs onboarding,Denim Revival 025,Profile aligns with Festival fashion and can support Mr Price campaign goals through local relevance.,Strong creative fit but lower reach
COLL-0164,Chloe Meyer,Content creator,Bloemfontein,Campus fashion,Occasionwear shoppers,Campus network,225519,3.3,59,78,Mid,Needs onboarding,Street Utility Edit 112,Profile aligns with Campus fashion and can support Mr Price campaign goals through creator-led content.,Strong creative fit but lower reach
COLL-0165,Kabelo Petersen,Community creator,East London,Editorial fashion,Young working adults,TikTok,132534,4.3,93,84,Mid,Available,Festival Fits 029,Profile aligns with Editorial fashion and can support Mr Price campaign goals through visual storytelling.,Audience quality requires review
COLL-0166,Tumi Daniels,Micro-influencer,Durban,Editorial fashion,Young working adults,Campus network,152626,4.4,88,89,Premium,Limited availability,Quiet Luxury Basics 052,Profile aligns with Editorial fashion and can support Mr Price campaign goals through product styling.,No major risk
COLL-0167,Sanele Jacobs,Illustrator,Mbombela,Editorial fashion,Gen Z students,TikTok,90416,6.3,67,71,Entry,Available in 2 weeks,Active Street Drop 027,Profile aligns with Editorial fashion and can support Mr Price campaign goals through product styling.,Audience quality requires review
COLL-0168,Kian Naidoo,Stylist,Mbombela,Sneaker culture,Occasionwear shoppers,Campus network,186111,10.7,57,72,Entry,Needs onboarding,Back to Campus Fits 077,Profile aligns with Sneaker culture and can support Mr Price campaign goals through product styling.,No major risk
COLL-0169,Mbali Molefe,Fashion student,Durban,Editorial fashion,Gen Z students,TikTok,11132,7.1,69,91,Mid,Needs onboarding,Sustainable Denim Capsule 062,Profile aligns with Editorial fashion and can support Mr Price campaign goals through visual storytelling.,Limited retail experience
COLL-0170,Thando Naidoo,Influencer,Cape Town,Local culture fashion,Occasionwear shoppers,Design portfolio,101254,9.1,56,85,Mid,Available,Denim Revival 050,Profile aligns with Local culture fashion and can support Mr Price campaign goals through youth engagement.,Limited retail experience
COLL-0171,Karabo Nkosi,Content creator,Durban,Sneaker culture,Young professionals,TikTok,236981,8.4,78,72,Entry,Limited availability,Sustainable Denim Capsule 056,Profile aligns with Sneaker culture and can support Mr Price campaign goals through creator-led content.,Limited retail experience
COLL-0172,Zanele Dlamini,Illustrator,Johannesburg,Sustainable fashion,Holiday shoppers,Photography portfolio,199081,11.3,89,86,Entry,Available,Street Utility Edit 112,Profile aligns with Sustainable fashion and can support Mr Price campaign goals through local relevance.,No major risk
COLL-0173,Kabelo Naidoo,Designer,Mbombela,Summer lifestyle,Conscious shoppers,TikTok,84146,5.5,96,65,Mid,Available in 2 weeks,Street Utility Edit 078,Profile aligns with Summer lifestyle and can support Mr Price campaign goals through youth engagement.,Pricing may need negotiation
COLL-0174,Keagan Jacobs,Creative director,Pretoria,Sneaker culture,Conscious shoppers,Campus network,55765,7.1,77,64,Mid,Limited availability,Back to Campus Fits 047,Profile aligns with Sneaker culture and can support Mr Price campaign goals through product styling.,Audience quality requires review
COLL-0175,Tshepo Mabena,Content creator,Gqeberha,Campus fashion,Sneaker culture audience,Campus network,29162,2.4,81,95,Premium,Needs onboarding,Heritage Style Drop 036,Profile aligns with Campus fashion and can support Mr Price campaign goals through creator-led content.,Limited retail experience
COLL-0176,Kian Petersen,Content creator,Cape Town,Editorial fashion,Sneaker culture audience,Instagram,33977,5.8,64,52,Entry,Needs onboarding,Coastal Summer Linen 084,Profile aligns with Editorial fashion and can support Mr Price campaign goals through youth engagement.,No major risk
COLL-0177,Thando Meyer,Influencer,Gqeberha,Editorial fashion,Occasionwear shoppers,Pinterest,80551,10.7,60,53,Mid,Needs onboarding,Active Street Drop 064,Profile aligns with Editorial fashion and can support Mr Price campaign goals through creator-led content.,Pricing may need negotiation
COLL-0178,Tumi Mahlangu,Influencer,Cape Town,Sustainable fashion,Holiday shoppers,Instagram,174795,6.4,58,92,Mid,Available,Street Utility Edit 070,Profile aligns with Sustainable fashion and can support Mr Price campaign goals through visual storytelling.,No major risk
COLL-0179,Kian Radebe,Community creator,Bloemfontein,Youth culture,Conscious shoppers,Design portfolio,199277,8.1,56,71,Premium,Needs onboarding,Sustainable Denim Capsule 111,Profile aligns with Youth culture and can support Mr Price campaign goals through youth engagement.,No major risk
COLL-0180,Siba Jacobs,Content creator,Polokwane,Minimalist basics,Conscious shoppers,Design portfolio,247684,7.5,82,86,Premium,Limited availability,Heritage Style Drop 021,Profile aligns with Minimalist basics and can support Mr Price campaign goals through youth engagement.,Pricing may need negotiation
COLL-0181,Lerato Mabena,Designer,Johannesburg,Editorial fashion,Conscious shoppers,TikTok,67318,10.1,73,71,Premium,Needs onboarding,Denim Revival 005,Profile aligns with Editorial fashion and can support Mr Price campaign goals through product styling.,Audience quality requires review
COLL-0182,Neo Maseko,Creative director,Gqeberha,Festival fashion,Occasionwear shoppers,TikTok,34386,5.1,97,70,Mid,Available in 2 weeks,Denim Revival 057,Profile aligns with Festival fashion and can support Mr Price campaign goals through youth engagement.,No major risk
COLL-0183,Busisiwe Mokoena,Fashion student,Johannesburg,Campus fashion,Young professionals,Photography portfolio,223134,7.8,81,53,Premium,Available,Heritage Style Drop 036,Profile aligns with Campus fashion and can support Mr Price campaign goals through product styling.,Strong creative fit but lower reach
COLL-0184,Leah Dlamini,Fashion student,Durban,Editorial fashion,Conscious shoppers,YouTube,229617,7.1,69,90,Entry,Available in 2 weeks,Street Utility Edit 112,Profile aligns with Editorial fashion and can support Mr Price campaign goals through product styling.,No major risk
COLL-0185,Zanele Jacobs,Creative director,Johannesburg,Summer lifestyle,Sneaker culture audience,Design portfolio,117224,8.0,57,85,Premium,Available in 2 weeks,Street Utility Edit 008,Profile aligns with Summer lifestyle and can support Mr Price campaign goals through visual storytelling.,Audience quality requires review
COLL-0186,Thando Daniels,Content creator,Johannesburg,Active lifestyle,Fashion-forward youth,YouTube,30416,2.6,83,57,Premium,Available,Back to Campus Fits 031,Profile aligns with Active lifestyle and can support Mr Price campaign goals through local relevance.,Audience quality requires review
COLL-0187,Tara Daniels,Creative director,Polokwane,Sneaker culture,Holiday shoppers,YouTube,39307,2.1,93,73,Mid,Needs onboarding,Sustainable Denim Capsule 115,Profile aligns with Sneaker culture and can support Mr Price campaign goals through visual storytelling.,Pricing may need negotiation
COLL-0188,Amahle Radebe,Influencer,Durban,Campus fashion,Gen Z students,YouTube,245674,3.4,92,51,Entry,Available in 2 weeks,Heritage Style Drop 104,Profile aligns with Campus fashion and can support Mr Price campaign goals through visual storytelling.,Strong creative fit but lower reach
COLL-0189,Refilwe Govender,Community creator,Kimberley,Minimalist basics,Campus shoppers,Instagram,101110,10.7,57,92,Premium,Available in 2 weeks,Active Street Drop 049,Profile aligns with Minimalist basics and can support Mr Price campaign goals through creator-led content.,No major risk
COLL-0190,Kian Mabena,Illustrator,East London,Active lifestyle,Sneaker culture audience,Photography portfolio,111397,7.6,62,83,Entry,Needs onboarding,Coastal Summer Linen 085,Profile aligns with Active lifestyle and can support Mr Price campaign goals through product styling.,Strong creative fit but lower reach
COLL-0191,Busisiwe Mthembu,Photographer,Cape Town,Youth culture,Occasionwear shoppers,YouTube,240631,4.4,70,99,Mid,Available in 2 weeks,Heritage Style Drop 059,Profile aligns with Youth culture and can support Mr Price campaign goals through visual storytelling.,No major risk
COLL-0192,Refilwe Mabena,Fashion student,Polokwane,Campus fashion,Young working adults,YouTube,148720,7.2,78,91,Mid,Available in 2 weeks,Denim Revival 058,Profile aligns with Campus fashion and can support Mr Price campaign goals through youth engagement.,Limited retail experience
COLL-0193,Tara Petersen,Content creator,Cape Town,Festival fashion,Holiday shoppers,Photography portfolio,155090,8.9,93,66,Mid,Limited availability,Campus Sneaker Culture 041,Profile aligns with Festival fashion and can support Mr Price campaign goals through creator-led content.,No major risk
COLL-0194,Karabo Nkosi,Content creator,Durban,Active lifestyle,Young professionals,Photography portfolio,232864,10.1,66,79,Entry,Available in 2 weeks,Coastal Summer Linen 016,Profile aligns with Active lifestyle and can support Mr Price campaign goals through youth engagement.,Audience quality requires review
COLL-0195,Bongani Molefe,Campus ambassador,Mbombela,Minimalist basics,Young working adults,Instagram,229723,2.2,82,51,Premium,Available in 2 weeks,Denim Revival 010,Profile aligns with Minimalist basics and can support Mr Price campaign goals through local relevance.,Strong creative fit but lower reach
COLL-0196,Tshepo Govender,Model,Polokwane,Campus fashion,Budget-conscious families,Pinterest,184495,7.8,73,57,Mid,Limited availability,Quiet Luxury Basics 076,Profile aligns with Campus fashion and can support Mr Price campaign goals through product styling.,Strong creative fit but lower reach
COLL-0197,Lindiwe Naidoo,Micro-influencer,Bloemfontein,Denim styling,Holiday shoppers,Photography portfolio,119700,9.7,82,68,Mid,Available in 2 weeks,Coastal Summer Linen 094,Profile aligns with Denim styling and can support Mr Price campaign goals through local relevance.,Strong creative fit but lower reach
COLL-0198,Kian Govender,Micro-influencer,Durban,Urban streetwear,Occasionwear shoppers,Campus network,98760,9.0,84,74,Mid,Needs onboarding,Street Utility Edit 023,Profile aligns with Urban streetwear and can support Mr Price campaign goals through product styling.,Strong creative fit but lower reach
COLL-0199,Mpho Jacobs,Stylist,Gqeberha,Denim styling,Campus shoppers,TikTok,149683,7.3,88,87,Premium,Needs onboarding,Quiet Luxury Basics 037,Profile aligns with Denim styling and can support Mr Price campaign goals through visual storytelling.,Pricing may need negotiation
COLL-0200,Leah Khumalo,Designer,Johannesburg,Youth culture,Fashion-forward youth,Pinterest,137888,4.8,94,70,Entry,Limited availability,Quiet Luxury Basics 037,Profile aligns with Youth culture and can support Mr Price campaign goals through local relevance.,No major risk
COLL-0201,Amahle Maseko,Fashion student,Mbombela,Sustainable fashion,Budget-conscious families,YouTube,248006,11.6,93,98,Entry,Available in 2 weeks,Denim Revival 086,Profile aligns with Sustainable fashion and can support Mr Price campaign goals through visual storytelling.,Limited retail experience
COLL-0202,Lindiwe Ndlovu,Content creator,East London,Festival fashion,Budget-conscious families,TikTok,158664,11.5,89,84,Entry,Available,Heritage Style Drop 063,Profile aligns with Festival fashion and can support Mr Price campaign goals through creator-led content.,Audience quality requires review
COLL-0203,Naledi Botha,Illustrator,Polokwane,Minimalist basics,Young professionals,Campus network,34876,10.7,73,57,Premium,Available,Denim Revival 057,Profile aligns with Minimalist basics and can support Mr Price campaign goals through youth engagement.,Pricing may need negotiation
COLL-0204,Mpho Dlamini,Designer,Gqeberha,Minimalist basics,Young working adults,YouTube,212469,2.6,69,96,Entry,Limited availability,Heritage Style Drop 021,Profile aligns with Minimalist basics and can support Mr Price campaign goals through product styling.,Audience quality requires review
COLL-0205,Mpho Mahlangu,Creative director,East London,Occasionwear,Young working adults,Photography portfolio,182138,5.2,57,77,Entry,Limited availability,Denim Revival 025,Profile aligns with Occasionwear and can support Mr Price campaign goals through product styling.,No major risk
COLL-0206,Palesa Mokoena,Stylist,Durban,Active lifestyle,Holiday shoppers,Design portfolio,249044,4.2,67,66,Mid,Available in 2 weeks,Heritage Style Drop 063,Profile aligns with Active lifestyle and can support Mr Price campaign goals through local relevance.,Pricing may need negotiation
COLL-0207,Amahle Petersen,Stylist,Pretoria,Local culture fashion,Fashion-forward youth,TikTok,115654,2.5,90,89,Entry,Available in 2 weeks,Denim Revival 005,Profile aligns with Local culture fashion and can support Mr Price campaign goals through youth engagement.,Audience quality requires review
COLL-0208,Anele Van Wyk,Creative director,Kimberley,Sustainable fashion,Campus shoppers,Pinterest,140857,8.8,66,69,Entry,Limited availability,Denim Revival 086,Profile aligns with Sustainable fashion and can support Mr Price campaign goals through youth engagement.,Pricing may need negotiation
COLL-0209,Siba Van Wyk,Illustrator,Bloemfontein,Local culture fashion,Young professionals,YouTube,27105,4.1,73,76,Mid,Limited availability,Street Utility Edit 032,Profile aligns with Local culture fashion and can support Mr Price campaign goals through youth engagement.,No major risk
COLL-0210,Sipho Mahlangu,Videographer,Pretoria,Campus fashion,Holiday shoppers,Photography portfolio,35369,10.1,85,81,Premium,Needs onboarding,Festival Fits 088,Profile aligns with Campus fashion and can support Mr Price campaign goals through local relevance.,No major risk
COLL-0211,Amahle Maseko,Content creator,Cape Town,Youth culture,Holiday shoppers,TikTok,149192,10.1,71,93,Mid,Needs onboarding,Heritage Style Drop 051,Profile aligns with Youth culture and can support Mr Price campaign goals through youth engagement.,Pricing may need negotiation
COLL-0212,Tumi Maseko,Influencer,Gqeberha,Denim styling,Fashion-forward youth,YouTube,168593,10.6,74,78,Mid,Available in 2 weeks,Campus Sneaker Culture 074,Profile aligns with Denim styling and can support Mr Price campaign goals through local relevance.,Strong creative fit but lower reach
COLL-0213,Naledi Jacobs,Illustrator,Kimberley,Campus fashion,Budget-conscious families,Campus network,143296,2.0,56,74,Entry,Limited availability,Active Street Drop 117,Profile aligns with Campus fashion and can support Mr Price campaign goals through visual storytelling.,Strong creative fit but lower reach
COLL-0214,Kabelo Naidoo,Content creator,Cape Town,Campus fashion,Sneaker culture audience,Instagram,42954,10.8,80,95,Entry,Limited availability,Festival Fits 103,Profile aligns with Campus fashion and can support Mr Price campaign goals through local relevance.,Audience quality requires review
COLL-0215,Leah Nkosi,Stylist,East London,Minimalist basics,Fashion-forward youth,TikTok,11256,10.8,88,56,Premium,Needs onboarding,Campus Sneaker Culture 102,Profile aligns with Minimalist basics and can support Mr Price campaign goals through youth engagement.,No major risk
COLL-0216,Sipho Botha,Photographer,Johannesburg,Sustainable fashion,Fashion-forward youth,TikTok,73223,9.8,79,91,Mid,Available in 2 weeks,Sustainable Denim Capsule 105,Profile aligns with Sustainable fashion and can support Mr Price campaign goals through visual storytelling.,No major risk
COLL-0217,Kabelo Dlamini,Content creator,Polokwane,Urban streetwear,Gen Z students,Photography portfolio,219445,7.6,64,56,Premium,Needs onboarding,Denim Revival 025,Profile aligns with Urban streetwear and can support Mr Price campaign goals through product styling.,Audience quality requires review
COLL-0218,Siba Mthembu,Model,East London,Minimalist basics,Gen Z students,YouTube,73640,6.7,61,66,Premium,Needs onboarding,Active Street Drop 049,Profile aligns with Minimalist basics and can support Mr Price campaign goals through visual storytelling.,Pricing may need negotiation
COLL-0219,Kabelo Mabena,Model,East London,Editorial fashion,Young professionals,YouTube,239739,9.3,87,65,Mid,Available,Active Street Drop 064,Profile aligns with Editorial fashion and can support Mr Price campaign goals through youth engagement.,Audience quality requires review
COLL-0220,Bongani Molefe,Campus ambassador,Pretoria,Denim styling,Fashion-forward youth,Campus network,257440,2.1,69,78,Mid,Needs onboarding,Campus Sneaker Culture 073,Profile aligns with Denim styling and can support Mr Price campaign goals through creator-led content.,Audience quality requires review
