match_id,campaign_id,campaign_name,collaborator_id,collaborator_name,role,match_score,match_reason,suggested_campaign_role,expected_value_contribution
MATCH-0001,CAMP-0019,Festival Fits 019,COLL-0086,Tshepo Dlamini,Stylist,65,Tshepo Dlamini is suited to Festival Fits 019 because of Youth culture relevance and audience fit.,lead creator,support brand trust
MATCH-0002,CAMP-0027,Active Street Drop 027,COLL-0044,Mpho Daniels,Campus ambassador,91,Mpho Daniels is suited to Active Street Drop 027 because of Sustainable fashion relevance and audience fit.,campus ambassador,improve conversion
MATCH-0003,CAMP-0019,Festival Fits 019,COLL-0022,Tumi Mahlangu,Micro-influencer,85,Tumi Mahlangu is suited to Festival Fits 019 because of Occasionwear relevance and audience fit.,campus ambassador,generate styling content
MATCH-0004,CAMP-0093,Quiet Luxury Basics 093,COLL-0134,Leah Dlamini,Designer,96,Leah Dlamini is suited to Quiet Luxury Basics 093 because of Campus fashion relevance and audience fit.,design collaborator,improve conversion
MATCH-0005,CAMP-0099,Festival Fits 099,COLL-0016,Leah Dlamini,Campus ambassador,91,Leah Dlamini is suited to Festival Fits 099 because of Summer lifestyle relevance and audience fit.,stylist,generate styling content
MATCH-0006,CAMP-0095,Festival Fits 095,COLL-0080,Bongani Khumalo,Content creator,81,Bongani Khumalo is suited to Festival Fits 095 because of Minimalist basics relevance and audience fit.,design collaborator,improve conversion
MATCH-0007,CAMP-0042,Street Utility Edit 042,COLL-0010,Tumi Jacobs,Designer,96,Tumi Jacobs is suited to Street Utility Edit 042 because of Festival fashion relevance and audience fit.,campus ambassador,generate styling content
MATCH-0008,CAMP-0035,Heritage Style Drop 035,COLL-0002,Bongani Maseko,Stylist,73,Bongani Maseko is suited to Heritage Style Drop 035 because of Occasionwear relevance and audience fit.,design collaborator,support brand trust
MATCH-0009,CAMP-0063,Heritage Style Drop 063,COLL-0204,Mpho Dlamini,Designer,94,Mpho Dlamini is suited to Heritage Style Drop 063 because of Minimalist basics relevance and audience fit.,shoot photographer,strengthen local relevance
MATCH-0010,CAMP-0031,Back to Campus Fits 031,COLL-0167,Sanele Jacobs,Illustrator,80,Sanele Jacobs is suited to Back to Campus Fits 031 because of Editorial fashion relevance and audience fit.,shoot photographer,generate styling content
MATCH-0011,CAMP-0072,Coastal Summer Linen 072,COLL-0132,Zanele Radebe,Campus ambassador,65,Zanele Radebe is suited to Coastal Summer Linen 072 because of Affordable styling relevance and audience fit.,lead creator,generate styling content
MATCH-0012,CAMP-0010,Denim Revival 010,COLL-0180,Siba Jacobs,Content creator,84,Siba Jacobs is suited to Denim Revival 010 because of Minimalist basics relevance and audience fit.,supporting creator,increase engagement
MATCH-0013,CAMP-0067,Back to Campus Fits 067,COLL-0042,Zanele Jacobs,Designer,67,Zanele Jacobs is suited to Back to Campus Fits 067 because of Urban streetwear relevance and audience fit.,supporting creator,improve conversion
MATCH-0014,CAMP-0112,Street Utility Edit 112,COLL-0113,Anele Jacobs,Illustrator,67,Anele Jacobs is suited to Street Utility Edit 112 because of Affordable styling relevance and audience fit.,lead creator,generate styling content
MATCH-0015,CAMP-0022,Denim Revival 022,COLL-0127,Kian Daniels,Model,93,Kian Daniels is suited to Denim Revival 022 because of Youth culture relevance and audience fit.,shoot photographer,improve conversion
MATCH-0016,CAMP-0112,Street Utility Edit 112,COLL-0192,Refilwe Mabena,Fashion student,95,Refilwe Mabena is suited to Street Utility Edit 112 because of Campus fashion relevance and audience fit.,shoot photographer,generate styling content
MATCH-0017,CAMP-0038,Quiet Luxury Basics 038,COLL-0003,Kian Adams,Community creator,67,Kian Adams is suited to Quiet Luxury Basics 038 because of Sneaker culture relevance and audience fit.,shoot photographer,strengthen local relevance
MATCH-0018,CAMP-0119,Denim Revival 119,COLL-0185,Zanele Jacobs,Creative director,77,Zanele Jacobs is suited to Denim Revival 119 because of Summer lifestyle relevance and audience fit.,campus ambassador,strengthen local relevance
MATCH-0019,CAMP-0114,Active Street Drop 114,COLL-0158,Kabelo Meyer,Model,83,Kabelo Meyer is suited to Active Street Drop 114 because of Active lifestyle relevance and audience fit.,campus ambassador,improve conversion
MATCH-0020,CAMP-0038,Quiet Luxury Basics 038,COLL-0037,Nia Daniels,Campus ambassador,93,Nia Daniels is suited to Quiet Luxury Basics 038 because of Urban streetwear relevance and audience fit.,content producer,improve conversion
MATCH-0021,CAMP-0079,Quiet Luxury Basics 079,COLL-0206,Palesa Mokoena,Stylist,83,Palesa Mokoena is suited to Quiet Luxury Basics 079 because of Active lifestyle relevance and audience fit.,campus ambassador,support brand trust
MATCH-0022,CAMP-0061,Sustainable Denim Capsule 061,COLL-0065,Busisiwe Meyer,Micro-influencer,89,Busisiwe Meyer is suited to Sustainable Denim Capsule 061 because of Active lifestyle relevance and audience fit.,supporting creator,strengthen local relevance
MATCH-0023,CAMP-0093,Quiet Luxury Basics 093,COLL-0192,Refilwe Mabena,Fashion student,68,Refilwe Mabena is suited to Quiet Luxury Basics 093 because of Campus fashion relevance and audience fit.,supporting creator,support brand trust
MATCH-0024,CAMP-0107,Coastal Summer Linen 107,COLL-0184,Leah Dlamini,Fashion student,90,Leah Dlamini is suited to Coastal Summer Linen 107 because of Editorial fashion relevance and audience fit.,lead creator,strengthen local relevance
MATCH-0025,CAMP-0023,Street Utility Edit 023,COLL-0107,Lindiwe Meyer,Community creator,69,Lindiwe Meyer is suited to Street Utility Edit 023 because of Affordable styling relevance and audience fit.,shoot photographer,increase engagement
MATCH-0026,CAMP-0040,Quiet Luxury Basics 040,COLL-0002,Bongani Maseko,Stylist,72,Bongani Maseko is suited to Quiet Luxury Basics 040 because of Occasionwear relevance and audience fit.,supporting creator,increase engagement
MATCH-0027,CAMP-0059,Heritage Style Drop 059,COLL-0138,Lerato Mokoena,Designer,81,Lerato Mokoena is suited to Heritage Style Drop 059 because of Youth culture relevance and audience fit.,lead creator,increase engagement
MATCH-0028,CAMP-0060,Denim Revival 060,COLL-0160,Bongani Mabena,Community creator,98,Bongani Mabena is suited to Denim Revival 060 because of Sneaker culture relevance and audience fit.,supporting creator,increase engagement
MATCH-0029,CAMP-0082,Denim Revival 082,COLL-0090,Tumi Dlamini,Photographer,95,Tumi Dlamini is suited to Denim Revival 082 because of Youth culture relevance and audience fit.,supporting creator,strengthen local relevance
MATCH-0030,CAMP-0002,Active Street Drop 002,COLL-0161,Busisiwe Daniels,Illustrator,72,Busisiwe Daniels is suited to Active Street Drop 002 because of Summer lifestyle relevance and audience fit.,stylist,strengthen local relevance
MATCH-0031,CAMP-0117,Active Street Drop 117,COLL-0211,Amahle Maseko,Content creator,87,Amahle Maseko is suited to Active Street Drop 117 because of Youth culture relevance and audience fit.,campus ambassador,strengthen local relevance
MATCH-0032,CAMP-0080,Back to Campus Fits 080,COLL-0095,Neo Daniels,Influencer,85,Neo Daniels is suited to Back to Campus Fits 080 because of Editorial fashion relevance and audience fit.,stylist,support brand trust
MATCH-0033,CAMP-0083,Festival Fits 083,COLL-0139,Naledi Van Wyk,Creative director,72,Naledi Van Wyk is suited to Festival Fits 083 because of Editorial fashion relevance and audience fit.,lead creator,support brand trust
MATCH-0034,CAMP-0014,Heritage Style Drop 014,COLL-0040,Anele Mokoena,Model,73,Anele Mokoena is suited to Heritage Style Drop 014 because of Editorial fashion relevance and audience fit.,stylist,improve conversion
MATCH-0035,CAMP-0073,Campus Sneaker Culture 073,COLL-0068,Tshepo Mokoena,Videographer,66,Tshepo Mokoena is suited to Campus Sneaker Culture 073 because of Denim styling relevance and audience fit.,supporting creator,support brand trust
MATCH-0036,CAMP-0083,Festival Fits 083,COLL-0151,Zanele Petersen,Photographer,84,Zanele Petersen is suited to Festival Fits 083 because of Minimalist basics relevance and audience fit.,stylist,support brand trust
MATCH-0037,CAMP-0110,Quiet Luxury Basics 110,COLL-0198,Kian Govender,Micro-influencer,97,Kian Govender is suited to Quiet Luxury Basics 110 because of Urban streetwear relevance and audience fit.,campus ambassador,strengthen local relevance
MATCH-0038,CAMP-0095,Festival Fits 095,COLL-0207,Amahle Petersen,Stylist,99,Amahle Petersen is suited to Festival Fits 095 because of Local culture fashion relevance and audience fit.,content producer,generate styling content
MATCH-0039,CAMP-0022,Denim Revival 022,COLL-0054,Leah Naidoo,Creative director,60,Leah Naidoo is suited to Denim Revival 022 because of Youth culture relevance and audience fit.,design collaborator,improve conversion
MATCH-0040,CAMP-0012,Denim Revival 012,COLL-0056,Neo Petersen,Fashion student,99,Neo Petersen is suited to Denim Revival 012 because of Denim styling relevance and audience fit.,supporting creator,improve conversion
MATCH-0041,CAMP-0061,Sustainable Denim Capsule 061,COLL-0043,Karabo Govender,Photographer,60,Karabo Govender is suited to Sustainable Denim Capsule 061 because of Sustainable fashion relevance and audience fit.,stylist,increase engagement
MATCH-0042,CAMP-0018,Heritage Style Drop 018,COLL-0014,Mpho Mahlangu,Videographer,92,Mpho Mahlangu is suited to Heritage Style Drop 018 because of Sneaker culture relevance and audience fit.,design collaborator,generate styling content
MATCH-0043,CAMP-0086,Denim Revival 086,COLL-0109,Sanele Mokoena,Designer,90,Sanele Mokoena is suited to Denim Revival 086 because of Minimalist basics relevance and audience fit.,stylist,strengthen local relevance
MATCH-0044,CAMP-0098,Active Street Drop 098,COLL-0129,Neo Maseko,Micro-influencer,67,Neo Maseko is suited to Active Street Drop 098 because of Sneaker culture relevance and audience fit.,supporting creator,support brand trust
MATCH-0045,CAMP-0049,Active Street Drop 049,COLL-0101,Chloe Radebe,Videographer,84,Chloe Radebe is suited to Active Street Drop 049 because of Summer lifestyle relevance and audience fit.,content producer,generate styling content
MATCH-0046,CAMP-0040,Quiet Luxury Basics 040,COLL-0091,Bongani Botha,Designer,93,Bongani Botha is suited to Quiet Luxury Basics 040 because of Campus fashion relevance and audience fit.,stylist,support brand trust
MATCH-0047,CAMP-0114,Active Street Drop 114,COLL-0021,Nia Radebe,Content creator,98,Nia Radebe is suited to Active Street Drop 114 because of Active lifestyle relevance and audience fit.,design collaborator,improve conversion
MATCH-0048,CAMP-0082,Denim Revival 082,COLL-0043,Karabo Govender,Photographer,77,Karabo Govender is suited to Denim Revival 082 because of Sustainable fashion relevance and audience fit.,content producer,improve conversion
MATCH-0049,CAMP-0056,Sustainable Denim Capsule 056,COLL-0216,Sipho Botha,Photographer,95,Sipho Botha is suited to Sustainable Denim Capsule 056 because of Sustainable fashion relevance and audience fit.,shoot photographer,generate styling content
MATCH-0050,CAMP-0101,Campus Sneaker Culture 101,COLL-0178,Tumi Mahlangu,Influencer,76,Tumi Mahlangu is suited to Campus Sneaker Culture 101 because of Sustainable fashion relevance and audience fit.,content producer,increase engagement
MATCH-0051,CAMP-0116,Denim Revival 116,COLL-0143,Ayesha Maseko,Designer,87,Ayesha Maseko is suited to Denim Revival 116 because of Editorial fashion relevance and audience fit.,content producer,strengthen local relevance
MATCH-0052,CAMP-0004,Denim Revival 004,COLL-0046,Leah Daniels,Campus ambassador,83,Leah Daniels is suited to Denim Revival 004 because of Minimalist basics relevance and audience fit.,design collaborator,generate styling content
MATCH-0053,CAMP-0086,Denim Revival 086,COLL-0198,Kian Govender,Micro-influencer,82,Kian Govender is suited to Denim Revival 086 because of Urban streetwear relevance and audience fit.,content producer,generate styling content
MATCH-0054,CAMP-0079,Quiet Luxury Basics 079,COLL-0055,Tshepo Radebe,Content creator,95,Tshepo Radebe is suited to Quiet Luxury Basics 079 because of Youth culture relevance and audience fit.,supporting creator,generate styling content
MATCH-0055,CAMP-0023,Street Utility Edit 023,COLL-0096,Chloe Molefe,Model,60,Chloe Molefe is suited to Street Utility Edit 023 because of Festival fashion relevance and audience fit.,supporting creator,generate styling content
MATCH-0056,CAMP-0068,Denim Revival 068,COLL-0093,Kian Petersen,Fashion student,72,Kian Petersen is suited to Denim Revival 068 because of Sneaker culture relevance and audience fit.,lead creator,support brand trust
MATCH-0057,CAMP-0043,Back to Campus Fits 043,COLL-0080,Bongani Khumalo,Content creator,66,Bongani Khumalo is suited to Back to Campus Fits 043 because of Minimalist basics relevance and audience fit.,stylist,strengthen local relevance
MATCH-0058,CAMP-0118,Denim Revival 118,COLL-0129,Neo Maseko,Micro-influencer,60,Neo Maseko is suited to Denim Revival 118 because of Sneaker culture relevance and audience fit.,campus ambassador,strengthen local relevance
MATCH-0059,CAMP-0083,Festival Fits 083,COLL-0009,Sanele Van Wyk,Videographer,77,Sanele Van Wyk is suited to Festival Fits 083 because of Occasionwear relevance and audience fit.,content producer,generate styling content
MATCH-0060,CAMP-0006,Denim Revival 006,COLL-0102,Karabo Petersen,Creative director,76,Karabo Petersen is suited to Denim Revival 006 because of Minimalist basics relevance and audience fit.,stylist,increase engagement
MATCH-0061,CAMP-0106,Heritage Style Drop 106,COLL-0147,Busisiwe Mthembu,Content creator,61,Busisiwe Mthembu is suited to Heritage Style Drop 106 because of Denim styling relevance and audience fit.,design collaborator,generate styling content
MATCH-0062,CAMP-0081,Street Utility Edit 081,COLL-0156,Palesa Radebe,Fashion student,89,Palesa Radebe is suited to Street Utility Edit 081 because of Campus fashion relevance and audience fit.,shoot photographer,improve conversion
MATCH-0063,CAMP-0096,Back to Campus Fits 096,COLL-0122,Thando Naidoo,Photographer,94,Thando Naidoo is suited to Back to Campus Fits 096 because of Sneaker culture relevance and audience fit.,design collaborator,increase engagement
MATCH-0064,CAMP-0048,Street Utility Edit 048,COLL-0010,Tumi Jacobs,Designer,61,Tumi Jacobs is suited to Street Utility Edit 048 because of Festival fashion relevance and audience fit.,campus ambassador,improve conversion
MATCH-0065,CAMP-0095,Festival Fits 095,COLL-0181,Lerato Mabena,Designer,71,Lerato Mabena is suited to Festival Fits 095 because of Editorial fashion relevance and audience fit.,design collaborator,improve conversion
MATCH-0066,CAMP-0054,Festival Fits 054,COLL-0022,Tumi Mahlangu,Micro-influencer,67,Tumi Mahlangu is suited to Festival Fits 054 because of Occasionwear relevance and audience fit.,lead creator,generate styling content
MATCH-0067,CAMP-0091,Festival Fits 091,COLL-0164,Chloe Meyer,Content creator,63,Chloe Meyer is suited to Festival Fits 091 because of Campus fashion relevance and audience fit.,stylist,increase engagement
MATCH-0068,CAMP-0070,Street Utility Edit 070,COLL-0220,Bongani Molefe,Campus ambassador,77,Bongani Molefe is suited to Street Utility Edit 070 because of Denim styling relevance and audience fit.,design collaborator,improve conversion
MATCH-0069,CAMP-0079,Quiet Luxury Basics 079,COLL-0168,Kian Naidoo,Stylist,61,Kian Naidoo is suited to Quiet Luxury Basics 079 because of Sneaker culture relevance and audience fit.,stylist,strengthen local relevance
MATCH-0070,CAMP-0022,Denim Revival 022,COLL-0182,Neo Maseko,Creative director,97,Neo Maseko is suited to Denim Revival 022 because of Festival fashion relevance and audience fit.,content producer,strengthen local relevance
MATCH-0071,CAMP-0002,Active Street Drop 002,COLL-0133,Palesa Botha,Campus ambassador,85,Palesa Botha is suited to Active Street Drop 002 because of Editorial fashion relevance and audience fit.,shoot photographer,increase engagement
MATCH-0072,CAMP-0025,Denim Revival 025,COLL-0017,Sanele Jacobs,Community creator,92,Sanele Jacobs is suited to Denim Revival 025 because of Occasionwear relevance and audience fit.,supporting creator,strengthen local relevance
MATCH-0073,CAMP-0023,Street Utility Edit 023,COLL-0022,Tumi Mahlangu,Micro-influencer,88,Tumi Mahlangu is suited to Street Utility Edit 023 because of Occasionwear relevance and audience fit.,lead creator,strengthen local relevance
MATCH-0074,CAMP-0026,Denim Revival 026,COLL-0156,Palesa Radebe,Fashion student,92,Palesa Radebe is suited to Denim Revival 026 because of Campus fashion relevance and audience fit.,shoot photographer,improve conversion
MATCH-0075,CAMP-0096,Back to Campus Fits 096,COLL-0163,Ayesha Petersen,Influencer,60,Ayesha Petersen is suited to Back to Campus Fits 096 because of Festival fashion relevance and audience fit.,stylist,strengthen local relevance
MATCH-0076,CAMP-0045,Street Utility Edit 045,COLL-0144,Tara Dlamini,Photographer,67,Tara Dlamini is suited to Street Utility Edit 045 because of Urban streetwear relevance and audience fit.,stylist,generate styling content
MATCH-0077,CAMP-0108,Active Street Drop 108,COLL-0146,Sanele Ndlovu,Photographer,65,Sanele Ndlovu is suited to Active Street Drop 108 because of Sneaker culture relevance and audience fit.,campus ambassador,generate styling content
MATCH-0078,CAMP-0015,Festival Fits 015,COLL-0023,Tara Govender,Illustrator,65,Tara Govender is suited to Festival Fits 015 because of Affordable styling relevance and audience fit.,supporting creator,increase engagement
MATCH-0079,CAMP-0041,Campus Sneaker Culture 041,COLL-0048,Sanele Petersen,Influencer,97,Sanele Petersen is suited to Campus Sneaker Culture 041 because of Sustainable fashion relevance and audience fit.,content producer,increase engagement
MATCH-0080,CAMP-0022,Denim Revival 022,COLL-0197,Lindiwe Naidoo,Micro-influencer,60,Lindiwe Naidoo is suited to Denim Revival 022 because of Denim styling relevance and audience fit.,supporting creator,strengthen local relevance
MATCH-0081,CAMP-0011,Street Utility Edit 011,COLL-0118,Tara Van Wyk,Stylist,75,Tara Van Wyk is suited to Street Utility Edit 011 because of Urban streetwear relevance and audience fit.,stylist,improve conversion
MATCH-0082,CAMP-0097,Denim Revival 097,COLL-0192,Refilwe Mabena,Fashion student,68,Refilwe Mabena is suited to Denim Revival 097 because of Campus fashion relevance and audience fit.,stylist,increase engagement
MATCH-0083,CAMP-0091,Festival Fits 091,COLL-0098,Jaden Radebe,Content creator,78,Jaden Radebe is suited to Festival Fits 091 because of Occasionwear relevance and audience fit.,supporting creator,strengthen local relevance
MATCH-0084,CAMP-0073,Campus Sneaker Culture 073,COLL-0036,Nia Maseko,Stylist,80,Nia Maseko is suited to Campus Sneaker Culture 073 because of Affordable styling relevance and audience fit.,shoot photographer,improve conversion
MATCH-0085,CAMP-0025,Denim Revival 025,COLL-0214,Kabelo Naidoo,Content creator,77,Kabelo Naidoo is suited to Denim Revival 025 because of Campus fashion relevance and audience fit.,supporting creator,improve conversion
MATCH-0086,CAMP-0034,Festival Fits 034,COLL-0076,Sanele Jacobs,Micro-influencer,88,Sanele Jacobs is suited to Festival Fits 034 because of Active lifestyle relevance and audience fit.,stylist,increase engagement
MATCH-0087,CAMP-0046,Heritage Style Drop 046,COLL-0126,Naledi Adams,Community creator,97,Naledi Adams is suited to Heritage Style Drop 046 because of Local culture fashion relevance and audience fit.,stylist,strengthen local relevance
MATCH-0088,CAMP-0083,Festival Fits 083,COLL-0198,Kian Govender,Micro-influencer,93,Kian Govender is suited to Festival Fits 083 because of Urban streetwear relevance and audience fit.,shoot photographer,improve conversion
MATCH-0089,CAMP-0107,Coastal Summer Linen 107,COLL-0010,Tumi Jacobs,Designer,97,Tumi Jacobs is suited to Coastal Summer Linen 107 because of Festival fashion relevance and audience fit.,shoot photographer,improve conversion
MATCH-0090,CAMP-0073,Campus Sneaker Culture 073,COLL-0138,Lerato Mokoena,Designer,73,Lerato Mokoena is suited to Campus Sneaker Culture 073 because of Youth culture relevance and audience fit.,content producer,generate styling content
MATCH-0091,CAMP-0083,Festival Fits 083,COLL-0089,Jaden Ndlovu,Influencer,78,Jaden Ndlovu is suited to Festival Fits 083 because of Youth culture relevance and audience fit.,supporting creator,strengthen local relevance
MATCH-0092,CAMP-0065,Quiet Luxury Basics 065,COLL-0180,Siba Jacobs,Content creator,95,Siba Jacobs is suited to Quiet Luxury Basics 065 because of Minimalist basics relevance and audience fit.,design collaborator,strengthen local relevance
MATCH-0093,CAMP-0066,Back to Campus Fits 066,COLL-0024,Lindiwe Molefe,Model,73,Lindiwe Molefe is suited to Back to Campus Fits 066 because of Campus fashion relevance and audience fit.,stylist,improve conversion
MATCH-0094,CAMP-0034,Festival Fits 034,COLL-0120,Kabelo Molefe,Community creator,62,Kabelo Molefe is suited to Festival Fits 034 because of Denim styling relevance and audience fit.,lead creator,support brand trust
MATCH-0095,CAMP-0081,Street Utility Edit 081,COLL-0169,Mbali Molefe,Fashion student,71,Mbali Molefe is suited to Street Utility Edit 081 because of Editorial fashion relevance and audience fit.,shoot photographer,improve conversion
MATCH-0096,CAMP-0076,Quiet Luxury Basics 076,COLL-0120,Kabelo Molefe,Community creator,80,Kabelo Molefe is suited to Quiet Luxury Basics 076 because of Denim styling relevance and audience fit.,stylist,support brand trust
MATCH-0097,CAMP-0085,Coastal Summer Linen 085,COLL-0097,Amahle Nkosi,Creative director,97,Amahle Nkosi is suited to Coastal Summer Linen 085 because of Minimalist basics relevance and audience fit.,lead creator,strengthen local relevance
MATCH-0098,CAMP-0014,Heritage Style Drop 014,COLL-0180,Siba Jacobs,Content creator,82,Siba Jacobs is suited to Heritage Style Drop 014 because of Minimalist basics relevance and audience fit.,design collaborator,increase engagement
MATCH-0099,CAMP-0054,Festival Fits 054,COLL-0041,Tshepo Maseko,Campus ambassador,90,Tshepo Maseko is suited to Festival Fits 054 because of Occasionwear relevance and audience fit.,stylist,strengthen local relevance
MATCH-0100,CAMP-0116,Denim Revival 116,COLL-0166,Tumi Daniels,Micro-influencer,66,Tumi Daniels is suited to Denim Revival 116 because of Editorial fashion relevance and audience fit.,supporting creator,strengthen local relevance
MATCH-0101,CAMP-0021,Heritage Style Drop 021,COLL-0079,Jaden Adams,Influencer,89,Jaden Adams is suited to Heritage Style Drop 021 because of Summer lifestyle relevance and audience fit.,campus ambassador,improve conversion
MATCH-0102,CAMP-0003,Coastal Summer Linen 003,COLL-0193,Tara Petersen,Content creator,88,Tara Petersen is suited to Coastal Summer Linen 003 because of Festival fashion relevance and audience fit.,design collaborator,support brand trust
MATCH-0103,CAMP-0076,Quiet Luxury Basics 076,COLL-0117,Leah Mthembu,Stylist,96,Leah Mthembu is suited to Quiet Luxury Basics 076 because of Urban streetwear relevance and audience fit.,content producer,generate styling content
MATCH-0104,CAMP-0052,Quiet Luxury Basics 052,COLL-0188,Amahle Radebe,Influencer,90,Amahle Radebe is suited to Quiet Luxury Basics 052 because of Campus fashion relevance and audience fit.,design collaborator,improve conversion
MATCH-0105,CAMP-0093,Quiet Luxury Basics 093,COLL-0065,Busisiwe Meyer,Micro-influencer,83,Busisiwe Meyer is suited to Quiet Luxury Basics 093 because of Active lifestyle relevance and audience fit.,campus ambassador,strengthen local relevance
MATCH-0106,CAMP-0087,Coastal Summer Linen 087,COLL-0124,Tara Meyer,Creative director,85,Tara Meyer is suited to Coastal Summer Linen 087 because of Editorial fashion relevance and audience fit.,stylist,increase engagement
MATCH-0107,CAMP-0098,Active Street Drop 098,COLL-0060,Mbali Mahlangu,Designer,92,Mbali Mahlangu is suited to Active Street Drop 098 because of Campus fashion relevance and audience fit.,lead creator,generate styling content
MATCH-0108,CAMP-0100,Active Street Drop 100,COLL-0110,Mbali Ndlovu,Influencer,77,Mbali Ndlovu is suited to Active Street Drop 100 because of Summer lifestyle relevance and audience fit.,campus ambassador,generate styling content
MATCH-0109,CAMP-0004,Denim Revival 004,COLL-0152,Musa Jacobs,Stylist,70,Musa Jacobs is suited to Denim Revival 004 because of Sneaker culture relevance and audience fit.,campus ambassador,improve conversion
MATCH-0110,CAMP-0114,Active Street Drop 114,COLL-0077,Tara Adams,Influencer,98,Tara Adams is suited to Active Street Drop 114 because of Festival fashion relevance and audience fit.,content producer,support brand trust
MATCH-0111,CAMP-0073,Campus Sneaker Culture 073,COLL-0051,Sipho Adams,Stylist,68,Sipho Adams is suited to Campus Sneaker Culture 073 because of Minimalist basics relevance and audience fit.,supporting creator,strengthen local relevance
MATCH-0112,CAMP-0007,Festival Fits 007,COLL-0202,Lindiwe Ndlovu,Content creator,65,Lindiwe Ndlovu is suited to Festival Fits 007 because of Festival fashion relevance and audience fit.,stylist,improve conversion
MATCH-0113,CAMP-0045,Street Utility Edit 045,COLL-0206,Palesa Mokoena,Stylist,89,Palesa Mokoena is suited to Street Utility Edit 045 because of Active lifestyle relevance and audience fit.,shoot photographer,improve conversion
MATCH-0114,CAMP-0001,Denim Revival 001,COLL-0118,Tara Van Wyk,Stylist,69,Tara Van Wyk is suited to Denim Revival 001 because of Urban streetwear relevance and audience fit.,supporting creator,improve conversion
MATCH-0115,CAMP-0040,Quiet Luxury Basics 040,COLL-0078,Leah Van Wyk,Campus ambassador,65,Leah Van Wyk is suited to Quiet Luxury Basics 040 because of Summer lifestyle relevance and audience fit.,supporting creator,improve conversion
MATCH-0116,CAMP-0027,Active Street Drop 027,COLL-0220,Bongani Molefe,Campus ambassador,87,Bongani Molefe is suited to Active Street Drop 027 because of Denim styling relevance and audience fit.,lead creator,improve conversion
MATCH-0117,CAMP-0088,Festival Fits 088,COLL-0040,Anele Mokoena,Model,95,Anele Mokoena is suited to Festival Fits 088 because of Editorial fashion relevance and audience fit.,design collaborator,strengthen local relevance
MATCH-0118,CAMP-0062,Sustainable Denim Capsule 062,COLL-0002,Bongani Maseko,Stylist,70,Bongani Maseko is suited to Sustainable Denim Capsule 062 because of Occasionwear relevance and audience fit.,stylist,increase engagement
MATCH-0119,CAMP-0071,Festival Fits 071,COLL-0121,Lindiwe Mokoena,Stylist,85,Lindiwe Mokoena is suited to Festival Fits 071 because of Youth culture relevance and audience fit.,content producer,improve conversion
MATCH-0120,CAMP-0086,Denim Revival 086,COLL-0121,Lindiwe Mokoena,Stylist,84,Lindiwe Mokoena is suited to Denim Revival 086 because of Youth culture relevance and audience fit.,design collaborator,generate styling content
MATCH-0121,CAMP-0032,Street Utility Edit 032,COLL-0181,Lerato Mabena,Designer,66,Lerato Mabena is suited to Street Utility Edit 032 because of Editorial fashion relevance and audience fit.,shoot photographer,improve conversion
MATCH-0122,CAMP-0098,Active Street Drop 098,COLL-0082,Bongani Botha,Content creator,68,Bongani Botha is suited to Active Street Drop 098 because of Denim styling relevance and audience fit.,shoot photographer,strengthen local relevance
MATCH-0123,CAMP-0105,Sustainable Denim Capsule 105,COLL-0073,Sanele Maseko,Illustrator,87,Sanele Maseko is suited to Sustainable Denim Capsule 105 because of Editorial fashion relevance and audience fit.,campus ambassador,generate styling content
MATCH-0124,CAMP-0010,Denim Revival 010,COLL-0137,Mpho Daniels,Fashion student,82,Mpho Daniels is suited to Denim Revival 010 because of Youth culture relevance and audience fit.,shoot photographer,support brand trust
MATCH-0125,CAMP-0029,Festival Fits 029,COLL-0007,Nia Naidoo,Illustrator,98,Nia Naidoo is suited to Festival Fits 029 because of Editorial fashion relevance and audience fit.,supporting creator,improve conversion
MATCH-0126,CAMP-0047,Back to Campus Fits 047,COLL-0095,Neo Daniels,Influencer,81,Neo Daniels is suited to Back to Campus Fits 047 because of Editorial fashion relevance and audience fit.,campus ambassador,increase engagement
MATCH-0127,CAMP-0077,Back to Campus Fits 077,COLL-0157,Neo Govender,Model,85,Neo Govender is suited to Back to Campus Fits 077 because of Sneaker culture relevance and audience fit.,lead creator,improve conversion
MATCH-0128,CAMP-0064,Active Street Drop 064,COLL-0036,Nia Maseko,Stylist,72,Nia Maseko is suited to Active Street Drop 064 because of Affordable styling relevance and audience fit.,lead creator,improve conversion
MATCH-0129,CAMP-0056,Sustainable Denim Capsule 056,COLL-0078,Leah Van Wyk,Campus ambassador,65,Leah Van Wyk is suited to Sustainable Denim Capsule 056 because of Summer lifestyle relevance and audience fit.,stylist,generate styling content
MATCH-0130,CAMP-0024,Denim Revival 024,COLL-0168,Kian Naidoo,Stylist,87,Kian Naidoo is suited to Denim Revival 024 because of Sneaker culture relevance and audience fit.,supporting creator,strengthen local relevance
MATCH-0131,CAMP-0050,Denim Revival 050,COLL-0080,Bongani Khumalo,Content creator,90,Bongani Khumalo is suited to Denim Revival 050 because of Minimalist basics relevance and audience fit.,lead creator,strengthen local relevance
MATCH-0132,CAMP-0023,Street Utility Edit 023,COLL-0108,Siba Khumalo,Designer,70,Siba Khumalo is suited to Street Utility Edit 023 because of Urban streetwear relevance and audience fit.,shoot photographer,support brand trust
MATCH-0133,CAMP-0014,Heritage Style Drop 014,COLL-0214,Kabelo Naidoo,Content creator,89,Kabelo Naidoo is suited to Heritage Style Drop 014 because of Campus fashion relevance and audience fit.,design collaborator,increase engagement
MATCH-0134,CAMP-0088,Festival Fits 088,COLL-0089,Jaden Ndlovu,Influencer,66,Jaden Ndlovu is suited to Festival Fits 088 because of Youth culture relevance and audience fit.,content producer,generate styling content
MATCH-0135,CAMP-0104,Heritage Style Drop 104,COLL-0206,Palesa Mokoena,Stylist,60,Palesa Mokoena is suited to Heritage Style Drop 104 because of Active lifestyle relevance and audience fit.,supporting creator,strengthen local relevance
MATCH-0136,CAMP-0074,Campus Sneaker Culture 074,COLL-0033,Leah Mabena,Content creator,92,Leah Mabena is suited to Campus Sneaker Culture 074 because of Editorial fashion relevance and audience fit.,shoot photographer,generate styling content
MATCH-0137,CAMP-0063,Heritage Style Drop 063,COLL-0003,Kian Adams,Community creator,85,Kian Adams is suited to Heritage Style Drop 063 because of Sneaker culture relevance and audience fit.,shoot photographer,increase engagement
MATCH-0138,CAMP-0055,Active Street Drop 055,COLL-0078,Leah Van Wyk,Campus ambassador,76,Leah Van Wyk is suited to Active Street Drop 055 because of Summer lifestyle relevance and audience fit.,content producer,increase engagement
MATCH-0139,CAMP-0104,Heritage Style Drop 104,COLL-0155,Tumi Jacobs,Fashion student,88,Tumi Jacobs is suited to Heritage Style Drop 104 because of Youth culture relevance and audience fit.,campus ambassador,strengthen local relevance
MATCH-0140,CAMP-0061,Sustainable Denim Capsule 061,COLL-0200,Leah Khumalo,Designer,81,Leah Khumalo is suited to Sustainable Denim Capsule 061 because of Youth culture relevance and audience fit.,design collaborator,support brand trust
MATCH-0141,CAMP-0015,Festival Fits 015,COLL-0094,Ayesha Ndlovu,Campus ambassador,71,Ayesha Ndlovu is suited to Festival Fits 015 because of Affordable styling relevance and audience fit.,shoot photographer,support brand trust
MATCH-0142,CAMP-0050,Denim Revival 050,COLL-0195,Bongani Molefe,Campus ambassador,65,Bongani Molefe is suited to Denim Revival 050 because of Minimalist basics relevance and audience fit.,supporting creator,increase engagement
MATCH-0143,CAMP-0120,Sustainable Denim Capsule 120,COLL-0087,Lerato Jacobs,Model,97,Lerato Jacobs is suited to Sustainable Denim Capsule 120 because of Sustainable fashion relevance and audience fit.,stylist,improve conversion
MATCH-0144,CAMP-0105,Sustainable Denim Capsule 105,COLL-0132,Zanele Radebe,Campus ambassador,99,Zanele Radebe is suited to Sustainable Denim Capsule 105 because of Affordable styling relevance and audience fit.,content producer,generate styling content
MATCH-0145,CAMP-0007,Festival Fits 007,COLL-0112,Lindiwe Adams,Community creator,89,Lindiwe Adams is suited to Festival Fits 007 because of Editorial fashion relevance and audience fit.,stylist,increase engagement
MATCH-0146,CAMP-0112,Street Utility Edit 112,COLL-0032,Keagan Govender,Stylist,91,Keagan Govender is suited to Street Utility Edit 112 because of Sneaker culture relevance and audience fit.,shoot photographer,strengthen local relevance
MATCH-0147,CAMP-0114,Active Street Drop 114,COLL-0013,Ayesha Jacobs,Stylist,98,Ayesha Jacobs is suited to Active Street Drop 114 because of Denim styling relevance and audience fit.,content producer,strengthen local relevance
MATCH-0148,CAMP-0055,Active Street Drop 055,COLL-0065,Busisiwe Meyer,Micro-influencer,81,Busisiwe Meyer is suited to Active Street Drop 055 because of Active lifestyle relevance and audience fit.,content producer,strengthen local relevance
MATCH-0149,CAMP-0105,Sustainable Denim Capsule 105,COLL-0197,Lindiwe Naidoo,Micro-influencer,61,Lindiwe Naidoo is suited to Sustainable Denim Capsule 105 because of Denim styling relevance and audience fit.,campus ambassador,strengthen local relevance
MATCH-0150,CAMP-0038,Quiet Luxury Basics 038,COLL-0046,Leah Daniels,Campus ambassador,82,Leah Daniels is suited to Quiet Luxury Basics 038 because of Minimalist basics relevance and audience fit.,shoot photographer,increase engagement
MATCH-0151,CAMP-0042,Street Utility Edit 042,COLL-0115,Naledi Daniels,Videographer,79,Naledi Daniels is suited to Street Utility Edit 042 because of Festival fashion relevance and audience fit.,content producer,increase engagement
MATCH-0152,CAMP-0015,Festival Fits 015,COLL-0153,Chloe Mabena,Content creator,82,Chloe Mabena is suited to Festival Fits 015 because of Youth culture relevance and audience fit.,content producer,increase engagement
MATCH-0153,CAMP-0095,Festival Fits 095,COLL-0137,Mpho Daniels,Fashion student,85,Mpho Daniels is suited to Festival Fits 095 because of Youth culture relevance and audience fit.,supporting creator,improve conversion
MATCH-0154,CAMP-0069,Campus Sneaker Culture 069,COLL-0022,Tumi Mahlangu,Micro-influencer,66,Tumi Mahlangu is suited to Campus Sneaker Culture 069 because of Occasionwear relevance and audience fit.,supporting creator,improve conversion
MATCH-0155,CAMP-0064,Active Street Drop 064,COLL-0163,Ayesha Petersen,Influencer,87,Ayesha Petersen is suited to Active Street Drop 064 because of Festival fashion relevance and audience fit.,stylist,strengthen local relevance
MATCH-0156,CAMP-0089,Campus Sneaker Culture 089,COLL-0118,Tara Van Wyk,Stylist,99,Tara Van Wyk is suited to Campus Sneaker Culture 089 because of Urban streetwear relevance and audience fit.,supporting creator,support brand trust
MATCH-0157,CAMP-0059,Heritage Style Drop 059,COLL-0146,Sanele Ndlovu,Photographer,62,Sanele Ndlovu is suited to Heritage Style Drop 059 because of Sneaker culture relevance and audience fit.,lead creator,strengthen local relevance
MATCH-0158,CAMP-0005,Denim Revival 005,COLL-0096,Chloe Molefe,Model,69,Chloe Molefe is suited to Denim Revival 005 because of Festival fashion relevance and audience fit.,campus ambassador,increase engagement
MATCH-0159,CAMP-0066,Back to Campus Fits 066,COLL-0098,Jaden Radebe,Content creator,65,Jaden Radebe is suited to Back to Campus Fits 066 because of Occasionwear relevance and audience fit.,stylist,strengthen local relevance
MATCH-0160,CAMP-0052,Quiet Luxury Basics 052,COLL-0109,Sanele Mokoena,Designer,61,Sanele Mokoena is suited to Quiet Luxury Basics 052 because of Minimalist basics relevance and audience fit.,supporting creator,strengthen local relevance
MATCH-0161,CAMP-0084,Coastal Summer Linen 084,COLL-0185,Zanele Jacobs,Creative director,65,Zanele Jacobs is suited to Coastal Summer Linen 084 because of Summer lifestyle relevance and audience fit.,design collaborator,generate styling content
MATCH-0162,CAMP-0102,Campus Sneaker Culture 102,COLL-0030,Keagan Govender,Campus ambassador,72,Keagan Govender is suited to Campus Sneaker Culture 102 because of Denim styling relevance and audience fit.,campus ambassador,strengthen local relevance
MATCH-0163,CAMP-0079,Quiet Luxury Basics 079,COLL-0078,Leah Van Wyk,Campus ambassador,92,Leah Van Wyk is suited to Quiet Luxury Basics 079 because of Summer lifestyle relevance and audience fit.,campus ambassador,improve conversion
MATCH-0164,CAMP-0103,Festival Fits 103,COLL-0178,Tumi Mahlangu,Influencer,63,Tumi Mahlangu is suited to Festival Fits 103 because of Sustainable fashion relevance and audience fit.,stylist,support brand trust
MATCH-0165,CAMP-0028,Active Street Drop 028,COLL-0122,Thando Naidoo,Photographer,87,Thando Naidoo is suited to Active Street Drop 028 because of Sneaker culture relevance and audience fit.,stylist,improve conversion
MATCH-0166,CAMP-0065,Quiet Luxury Basics 065,COLL-0071,Thando Adams,Model,62,Thando Adams is suited to Quiet Luxury Basics 065 because of Festival fashion relevance and audience fit.,campus ambassador,generate styling content
MATCH-0167,CAMP-0087,Coastal Summer Linen 087,COLL-0047,Palesa Radebe,Micro-influencer,78,Palesa Radebe is suited to Coastal Summer Linen 087 because of Active lifestyle relevance and audience fit.,stylist,increase engagement
MATCH-0168,CAMP-0027,Active Street Drop 027,COLL-0105,Amahle Ndlovu,Content creator,61,Amahle Ndlovu is suited to Active Street Drop 027 because of Minimalist basics relevance and audience fit.,design collaborator,generate styling content
MATCH-0169,CAMP-0017,Back to Campus Fits 017,COLL-0169,Mbali Molefe,Fashion student,77,Mbali Molefe is suited to Back to Campus Fits 017 because of Editorial fashion relevance and audience fit.,stylist,generate styling content
MATCH-0170,CAMP-0102,Campus Sneaker Culture 102,COLL-0154,Nia Mabena,Designer,80,Nia Mabena is suited to Campus Sneaker Culture 102 because of Minimalist basics relevance and audience fit.,lead creator,improve conversion
MATCH-0171,CAMP-0003,Coastal Summer Linen 003,COLL-0058,Lerato Govender,Designer,80,Lerato Govender is suited to Coastal Summer Linen 003 because of Active lifestyle relevance and audience fit.,supporting creator,increase engagement
MATCH-0172,CAMP-0037,Quiet Luxury Basics 037,COLL-0157,Neo Govender,Model,98,Neo Govender is suited to Quiet Luxury Basics 037 because of Sneaker culture relevance and audience fit.,design collaborator,generate styling content
MATCH-0173,CAMP-0054,Festival Fits 054,COLL-0151,Zanele Petersen,Photographer,98,Zanele Petersen is suited to Festival Fits 054 because of Minimalist basics relevance and audience fit.,stylist,support brand trust
MATCH-0174,CAMP-0061,Sustainable Denim Capsule 061,COLL-0100,Musa Botha,Photographer,95,Musa Botha is suited to Sustainable Denim Capsule 061 because of Editorial fashion relevance and audience fit.,lead creator,strengthen local relevance
MATCH-0175,CAMP-0041,Campus Sneaker Culture 041,COLL-0088,Ayesha Molefe,Designer,82,Ayesha Molefe is suited to Campus Sneaker Culture 041 because of Summer lifestyle relevance and audience fit.,design collaborator,generate styling content
MATCH-0176,CAMP-0060,Denim Revival 060,COLL-0039,Lerato Van Wyk,Designer,91,Lerato Van Wyk is suited to Denim Revival 060 because of Sneaker culture relevance and audience fit.,supporting creator,support brand trust
MATCH-0177,CAMP-0022,Denim Revival 022,COLL-0179,Kian Radebe,Community creator,84,Kian Radebe is suited to Denim Revival 022 because of Youth culture relevance and audience fit.,stylist,generate styling content
MATCH-0178,CAMP-0085,Coastal Summer Linen 085,COLL-0009,Sanele Van Wyk,Videographer,96,Sanele Van Wyk is suited to Coastal Summer Linen 085 because of Occasionwear relevance and audience fit.,lead creator,generate styling content
MATCH-0179,CAMP-0045,Street Utility Edit 045,COLL-0144,Tara Dlamini,Photographer,65,Tara Dlamini is suited to Street Utility Edit 045 because of Urban streetwear relevance and audience fit.,supporting creator,support brand trust
MATCH-0180,CAMP-0039,Heritage Style Drop 039,COLL-0095,Neo Daniels,Influencer,78,Neo Daniels is suited to Heritage Style Drop 039 because of Editorial fashion relevance and audience fit.,design collaborator,strengthen local relevance
MATCH-0181,CAMP-0087,Coastal Summer Linen 087,COLL-0116,Mbali Mabena,Content creator,89,Mbali Mabena is suited to Coastal Summer Linen 087 because of Affordable styling relevance and audience fit.,lead creator,improve conversion
MATCH-0182,CAMP-0075,Active Street Drop 075,COLL-0160,Bongani Mabena,Community creator,70,Bongani Mabena is suited to Active Street Drop 075 because of Sneaker culture relevance and audience fit.,campus ambassador,strengthen local relevance
MATCH-0183,CAMP-0056,Sustainable Denim Capsule 056,COLL-0145,Kian Botha,Illustrator,86,Kian Botha is suited to Sustainable Denim Capsule 056 because of Summer lifestyle relevance and audience fit.,design collaborator,increase engagement
MATCH-0184,CAMP-0037,Quiet Luxury Basics 037,COLL-0193,Tara Petersen,Content creator,95,Tara Petersen is suited to Quiet Luxury Basics 037 because of Festival fashion relevance and audience fit.,content producer,generate styling content
MATCH-0185,CAMP-0049,Active Street Drop 049,COLL-0061,Sanele Botha,Micro-influencer,94,Sanele Botha is suited to Active Street Drop 049 because of Youth culture relevance and audience fit.,supporting creator,generate styling content
MATCH-0186,CAMP-0109,Street Utility Edit 109,COLL-0156,Palesa Radebe,Fashion student,67,Palesa Radebe is suited to Street Utility Edit 109 because of Campus fashion relevance and audience fit.,lead creator,generate styling content
MATCH-0187,CAMP-0028,Active Street Drop 028,COLL-0056,Neo Petersen,Fashion student,67,Neo Petersen is suited to Active Street Drop 028 because of Denim styling relevance and audience fit.,campus ambassador,strengthen local relevance
MATCH-0188,CAMP-0111,Sustainable Denim Capsule 111,COLL-0046,Leah Daniels,Campus ambassador,70,Leah Daniels is suited to Sustainable Denim Capsule 111 because of Minimalist basics relevance and audience fit.,design collaborator,generate styling content
MATCH-0189,CAMP-0053,Coastal Summer Linen 053,COLL-0141,Lindiwe Mokoena,Fashion student,82,Lindiwe Mokoena is suited to Coastal Summer Linen 053 because of Denim styling relevance and audience fit.,design collaborator,improve conversion
MATCH-0190,CAMP-0116,Denim Revival 116,COLL-0108,Siba Khumalo,Designer,98,Siba Khumalo is suited to Denim Revival 116 because of Urban streetwear relevance and audience fit.,stylist,strengthen local relevance
MATCH-0191,CAMP-0047,Back to Campus Fits 047,COLL-0198,Kian Govender,Micro-influencer,66,Kian Govender is suited to Back to Campus Fits 047 because of Urban streetwear relevance and audience fit.,content producer,strengthen local relevance
MATCH-0192,CAMP-0069,Campus Sneaker Culture 069,COLL-0129,Neo Maseko,Micro-influencer,94,Neo Maseko is suited to Campus Sneaker Culture 069 because of Sneaker culture relevance and audience fit.,shoot photographer,improve conversion
MATCH-0193,CAMP-0052,Quiet Luxury Basics 052,COLL-0220,Bongani Molefe,Campus ambassador,91,Bongani Molefe is suited to Quiet Luxury Basics 052 because of Denim styling relevance and audience fit.,design collaborator,generate styling content
MATCH-0194,CAMP-0106,Heritage Style Drop 106,COLL-0074,Anele Naidoo,Stylist,88,Anele Naidoo is suited to Heritage Style Drop 106 because of Summer lifestyle relevance and audience fit.,supporting creator,improve conversion
MATCH-0195,CAMP-0037,Quiet Luxury Basics 037,COLL-0103,Lindiwe Adams,Community creator,60,Lindiwe Adams is suited to Quiet Luxury Basics 037 because of Youth culture relevance and audience fit.,campus ambassador,strengthen local relevance
MATCH-0196,CAMP-0060,Denim Revival 060,COLL-0196,Tshepo Govender,Model,71,Tshepo Govender is suited to Denim Revival 060 because of Campus fashion relevance and audience fit.,content producer,increase engagement
MATCH-0197,CAMP-0075,Active Street Drop 075,COLL-0099,Tumi Jacobs,Stylist,86,Tumi Jacobs is suited to Active Street Drop 075 because of Sneaker culture relevance and audience fit.,shoot photographer,generate styling content
MATCH-0198,CAMP-0082,Denim Revival 082,COLL-0049,Kabelo Meyer,Model,61,Kabelo Meyer is suited to Denim Revival 082 because of Local culture fashion relevance and audience fit.,campus ambassador,improve conversion
MATCH-0199,CAMP-0079,Quiet Luxury Basics 079,COLL-0036,Nia Maseko,Stylist,99,Nia Maseko is suited to Quiet Luxury Basics 079 because of Affordable styling relevance and audience fit.,campus ambassador,increase engagement
MATCH-0200,CAMP-0074,Campus Sneaker Culture 074,COLL-0154,Nia Mabena,Designer,86,Nia Mabena is suited to Campus Sneaker Culture 074 because of Minimalist basics relevance and audience fit.,lead creator,strengthen local relevance
MATCH-0201,CAMP-0032,Street Utility Edit 032,COLL-0157,Neo Govender,Model,70,Neo Govender is suited to Street Utility Edit 032 because of Sneaker culture relevance and audience fit.,campus ambassador,generate styling content
MATCH-0202,CAMP-0012,Denim Revival 012,COLL-0176,Kian Petersen,Content creator,83,Kian Petersen is suited to Denim Revival 012 because of Editorial fashion relevance and audience fit.,lead creator,support brand trust
MATCH-0203,CAMP-0084,Coastal Summer Linen 084,COLL-0203,Naledi Botha,Illustrator,84,Naledi Botha is suited to Coastal Summer Linen 084 because of Minimalist basics relevance and audience fit.,campus ambassador,support brand trust
MATCH-0204,CAMP-0109,Street Utility Edit 109,COLL-0050,Jaden Molefe,Content creator,70,Jaden Molefe is suited to Street Utility Edit 109 because of Summer lifestyle relevance and audience fit.,shoot photographer,strengthen local relevance
MATCH-0205,CAMP-0112,Street Utility Edit 112,COLL-0186,Thando Daniels,Content creator,75,Thando Daniels is suited to Street Utility Edit 112 because of Active lifestyle relevance and audience fit.,supporting creator,generate styling content
MATCH-0206,CAMP-0118,Denim Revival 118,COLL-0183,Busisiwe Mokoena,Fashion student,72,Busisiwe Mokoena is suited to Denim Revival 118 because of Campus fashion relevance and audience fit.,stylist,improve conversion
MATCH-0207,CAMP-0009,Heritage Style Drop 009,COLL-0076,Sanele Jacobs,Micro-influencer,61,Sanele Jacobs is suited to Heritage Style Drop 009 because of Active lifestyle relevance and audience fit.,supporting creator,support brand trust
MATCH-0208,CAMP-0059,Heritage Style Drop 059,COLL-0119,Mbali Molefe,Content creator,75,Mbali Molefe is suited to Heritage Style Drop 059 because of Campus fashion relevance and audience fit.,content producer,support brand trust
MATCH-0209,CAMP-0031,Back to Campus Fits 031,COLL-0114,Mpho Adams,Model,71,Mpho Adams is suited to Back to Campus Fits 031 because of Active lifestyle relevance and audience fit.,shoot photographer,support brand trust
MATCH-0210,CAMP-0015,Festival Fits 015,COLL-0165,Kabelo Petersen,Community creator,98,Kabelo Petersen is suited to Festival Fits 015 because of Editorial fashion relevance and audience fit.,design collaborator,strengthen local relevance
MATCH-0211,CAMP-0032,Street Utility Edit 032,COLL-0041,Tshepo Maseko,Campus ambassador,89,Tshepo Maseko is suited to Street Utility Edit 032 because of Occasionwear relevance and audience fit.,content producer,increase engagement
MATCH-0212,CAMP-0096,Back to Campus Fits 096,COLL-0002,Bongani Maseko,Stylist,62,Bongani Maseko is suited to Back to Campus Fits 096 because of Occasionwear relevance and audience fit.,content producer,generate styling content
MATCH-0213,CAMP-0061,Sustainable Denim Capsule 061,COLL-0134,Leah Dlamini,Designer,84,Leah Dlamini is suited to Sustainable Denim Capsule 061 because of Campus fashion relevance and audience fit.,lead creator,generate styling content
MATCH-0214,CAMP-0114,Active Street Drop 114,COLL-0067,Sanele Molefe,Stylist,94,Sanele Molefe is suited to Active Street Drop 114 because of Sneaker culture relevance and audience fit.,lead creator,support brand trust
MATCH-0215,CAMP-0069,Campus Sneaker Culture 069,COLL-0166,Tumi Daniels,Micro-influencer,61,Tumi Daniels is suited to Campus Sneaker Culture 069 because of Editorial fashion relevance and audience fit.,shoot photographer,generate styling content
MATCH-0216,CAMP-0093,Quiet Luxury Basics 093,COLL-0212,Tumi Maseko,Influencer,63,Tumi Maseko is suited to Quiet Luxury Basics 093 because of Denim styling relevance and audience fit.,stylist,generate styling content
MATCH-0217,CAMP-0106,Heritage Style Drop 106,COLL-0213,Naledi Jacobs,Illustrator,62,Naledi Jacobs is suited to Heritage Style Drop 106 because of Campus fashion relevance and audience fit.,stylist,generate styling content
MATCH-0218,CAMP-0119,Denim Revival 119,COLL-0184,Leah Dlamini,Fashion student,92,Leah Dlamini is suited to Denim Revival 119 because of Editorial fashion relevance and audience fit.,content producer,generate styling content
MATCH-0219,CAMP-0101,Campus Sneaker Culture 101,COLL-0110,Mbali Ndlovu,Influencer,67,Mbali Ndlovu is suited to Campus Sneaker Culture 101 because of Summer lifestyle relevance and audience fit.,lead creator,improve conversion
MATCH-0220,CAMP-0034,Festival Fits 034,COLL-0217,Kabelo Dlamini,Content creator,97,Kabelo Dlamini is suited to Festival Fits 034 because of Urban streetwear relevance and audience fit.,design collaborator,increase engagement
