sentiment_id,campaign_id,campaign_name,source_trend,channel,customer_segment,region,sentiment_label,sentiment_score,theme,sample_feedback,recommended_improvement
SENT-00001,CAMP-0080,Back to Campus Fits 080,Y2K Streetwear,Product reviews,Holiday shoppers,Johannesburg,Positive,98,strong streetwear look,I would buy this if there were more colours available.,use more local creators
SENT-00002,CAMP-0074,Campus Sneaker Culture 074,Resort Neutrals,Social listening,Young professionals,Gqeberha,Positive,92,strong streetwear look,The campaign looks nice but I need more quality details.,adjust message before scale
SENT-00003,CAMP-0081,Street Utility Edit 081,Affordable Quiet Luxury,Store feedback,Occasionwear shoppers,Mbombela,Positive,74,local creators,The styling is strong but the price feels a bit high.,use more local creators
SENT-00004,CAMP-0096,Back to Campus Fits 096,Street Smart Athleisure,Email response,Young working adults,Polokwane,Neutral,55,relatable campaign,I would buy this if there were more colours available.,increase creator video content
SENT-00005,CAMP-0117,Active Street Drop 117,Soft Tailoring Basics,Email response,Young working adults,Gqeberha,Positive,83,local creators,Great for campus and weekend looks.,use more local creators
SENT-00006,CAMP-0033,Festival Fits 033,Monochrome Essentials,Email response,Sneaker culture audience,Cape Town,Neutral,48,good outfit inspiration,The styling is strong but the price feels a bit high.,use more local creators
SENT-00007,CAMP-0004,Denim Revival 004,Sustainable Denim Capsule,Website feedback,Sneaker culture audience,Mbombela,Positive,96,easy to wear basics,The campaign looks nice but I need more quality details.,add styling guide
SENT-00008,CAMP-0055,Active Street Drop 055,Summer Crochet Edit,Customer survey,Sneaker culture audience,Durban,Neutral,53,affordable styling,The styling is strong but the price feels a bit high.,add entry-level price point
SENT-00009,CAMP-0034,Festival Fits 034,Oversized Knitwear,Product reviews,Conscious shoppers,Johannesburg,Negative,41,quality concern,I would buy this if there were more colours available.,add entry-level price point
SENT-00010,CAMP-0008,Street Utility Edit 008,Winter Layering Essentials,Store feedback,Young professionals,Kimberley,Negative,29,price concern,I would buy this if there were more colours available.,add entry-level price point
SENT-00011,CAMP-0116,Denim Revival 116,Minimalist Basics,TikTok reactions,Young professionals,Polokwane,Negative,18,quality concern,The styling is strong but the price feels a bit high.,add entry-level price point
SENT-00012,CAMP-0074,Campus Sneaker Culture 074,Resort Neutrals,Website feedback,Young professionals,Mbombela,Neutral,47,local creators,The styling is strong but the price feels a bit high.,test product bundles
SENT-00013,CAMP-0016,Coastal Summer Linen 016,Active Street,Store feedback,Holiday shoppers,Kimberley,Negative,34,quality concern,I would buy this if there were more colours available.,adjust message before scale
SENT-00014,CAMP-0096,Back to Campus Fits 096,Street Smart Athleisure,Customer survey,Young working adults,Durban,Positive,71,good outfit inspiration,The styling is strong but the price feels a bit high.,use more local creators
SENT-00015,CAMP-0036,Heritage Style Drop 036,Summer Crochet Edit,Instagram comments,Conscious shoppers,Mbombela,Positive,88,fresh colour palette,Great for campus and weekend looks.,add entry-level price point
SENT-00016,CAMP-0041,Campus Sneaker Culture 041,Oversized Knitwear,Customer survey,Young professionals,Gqeberha,Positive,74,good outfit inspiration,Please show more sizes and different body types.,add styling guide
SENT-00017,CAMP-0092,Heritage Style Drop 092,Utility Cargo Streetwear,Instagram comments,Campus shoppers,Kimberley,Positive,67,fresh colour palette,I would buy this if there were more colours available.,adjust message before scale
SENT-00018,CAMP-0085,Coastal Summer Linen 085,Bold Graphic Tees,Customer survey,Young professionals,Gqeberha,Negative,34,price concern,Please show more sizes and different body types.,adjust message before scale
SENT-00019,CAMP-0090,Back to Campus Fits 090,Earth Tone Basics,TikTok reactions,Conscious shoppers,East London,Positive,80,easy to wear basics,I would buy this if there were more colours available.,add styling guide
SENT-00020,CAMP-0050,Denim Revival 050,Affordable Quiet Luxury,Website feedback,Occasionwear shoppers,Gqeberha,Positive,70,good outfit inspiration,I would buy this if there were more colours available.,increase creator video content
SENT-00021,CAMP-0031,Back to Campus Fits 031,Campus Sneaker Culture,Product reviews,Budget-conscious families,Mbombela,Positive,85,easy to wear basics,I would buy this if there were more colours available.,increase creator video content
SENT-00022,CAMP-0083,Festival Fits 083,Y2K Streetwear,Website feedback,Young working adults,Pretoria,Positive,96,affordable styling,This creator makes the outfit feel realistic and local.,adjust message before scale
SENT-00023,CAMP-0053,Coastal Summer Linen 053,Monochrome Essentials,Email response,Sneaker culture audience,Pretoria,Negative,20,quality concern,Great for campus and weekend looks.,improve size communication
SENT-00024,CAMP-0065,Quiet Luxury Basics 065,Tech Utility Jackets,Store feedback,Budget-conscious families,Mbombela,Positive,66,good outfit inspiration,I would buy this if there were more colours available.,add entry-level price point
SENT-00025,CAMP-0083,Festival Fits 083,Y2K Streetwear,Social listening,Young working adults,Durban,Neutral,45,campaign feels generic,This creator makes the outfit feel realistic and local.,use more local creators
SENT-00026,CAMP-0081,Street Utility Edit 081,Affordable Quiet Luxury,TikTok reactions,Occasionwear shoppers,Pretoria,Positive,75,relatable campaign,The styling is strong but the price feels a bit high.,test product bundles
SENT-00027,CAMP-0092,Heritage Style Drop 092,Utility Cargo Streetwear,Product reviews,Campus shoppers,Kimberley,Negative,36,not enough local relevance,I would buy this if there were more colours available.,improve size communication
SENT-00028,CAMP-0058,Denim Revival 058,Active Street,Product reviews,Young professionals,Gqeberha,Positive,76,strong streetwear look,Great for campus and weekend looks.,test product bundles
SENT-00029,CAMP-0106,Heritage Style Drop 106,Denim Revival,Customer survey,Campus shoppers,Pretoria,Positive,91,fresh colour palette,Please show more sizes and different body types.,use more local creators
SENT-00030,CAMP-0051,Heritage Style Drop 051,Y2K Streetwear,Customer survey,Conscious shoppers,Johannesburg,Negative,11,not enough local relevance,The campaign looks nice but I need more quality details.,adjust message before scale
SENT-00031,CAMP-0079,Quiet Luxury Basics 079,Resort Neutrals,Social listening,Young working adults,Cape Town,Neutral,53,local creators,Great for campus and weekend looks.,increase creator video content
SENT-00032,CAMP-0022,Denim Revival 022,Earth Tone Basics,Email response,Budget-conscious families,Kimberley,Positive,81,relatable campaign,The styling is strong but the price feels a bit high.,add entry-level price point
SENT-00033,CAMP-0048,Street Utility Edit 048,Minimalist Basics,TikTok reactions,Young professionals,Johannesburg,Positive,98,relatable campaign,This creator makes the outfit feel realistic and local.,increase creator video content
SENT-00034,CAMP-0118,Denim Revival 118,Back to Campus Fits,Social listening,Holiday shoppers,Pretoria,Negative,24,not enough local relevance,Great for campus and weekend looks.,use more local creators
SENT-00035,CAMP-0025,Denim Revival 025,Heritage Style Drop,Website feedback,Gen Z students,Gqeberha,Negative,41,not enough local relevance,This creator makes the outfit feel realistic and local.,use more local creators
SENT-00036,CAMP-0056,Sustainable Denim Capsule 056,Earth Tone Basics,Customer survey,Gen Z students,Gqeberha,Negative,22,delivery issue,This creator makes the outfit feel realistic and local.,use more local creators
SENT-00037,CAMP-0053,Coastal Summer Linen 053,Monochrome Essentials,Website feedback,Sneaker culture audience,Gqeberha,Negative,25,price concern,The campaign looks nice but I need more quality details.,add styling guide
SENT-00038,CAMP-0117,Active Street Drop 117,Soft Tailoring Basics,Social listening,Young working adults,Pretoria,Positive,65,relatable campaign,This creator makes the outfit feel realistic and local.,use more local creators
SENT-00039,CAMP-0112,Street Utility Edit 112,Weekend Travel Fits,Email response,Campus shoppers,Cape Town,Positive,89,strong streetwear look,Great for campus and weekend looks.,add styling guide
SENT-00040,CAMP-0095,Festival Fits 095,Affordable Occasionwear,TikTok reactions,Young professionals,East London,Neutral,46,local creators,Love how wearable this looks for everyday outfits.,improve size communication
SENT-00041,CAMP-0120,Sustainable Denim Capsule 120,Campus Sneaker Culture,Instagram comments,Budget-conscious families,Johannesburg,Positive,81,fresh colour palette,The campaign looks nice but I need more quality details.,test product bundles
SENT-00042,CAMP-0049,Active Street Drop 049,Resort Neutrals,Store feedback,Sneaker culture audience,Durban,Positive,67,good outfit inspiration,The campaign looks nice but I need more quality details.,use more local creators
SENT-00043,CAMP-0034,Festival Fits 034,Oversized Knitwear,Store feedback,Conscious shoppers,Mbombela,Positive,73,good outfit inspiration,Love how wearable this looks for everyday outfits.,improve size communication
SENT-00044,CAMP-0091,Festival Fits 091,Utility Cargo Streetwear,Website feedback,Young professionals,Pretoria,Positive,85,local creators,Love how wearable this looks for everyday outfits.,use more local creators
SENT-00045,CAMP-0064,Active Street Drop 064,Local Culture Prints,Website feedback,Budget-conscious families,Bloemfontein,Negative,37,not enough local relevance,Please show more sizes and different body types.,improve size communication
SENT-00046,CAMP-0079,Quiet Luxury Basics 079,Resort Neutrals,Store feedback,Young working adults,Polokwane,Negative,20,quality concern,Please show more sizes and different body types.,adjust message before scale
SENT-00047,CAMP-0063,Heritage Style Drop 063,Minimalist Basics,Social listening,Sneaker culture audience,Johannesburg,Negative,22,size inclusivity,The styling is strong but the price feels a bit high.,add entry-level price point
SENT-00048,CAMP-0030,Coastal Summer Linen 030,Denim Revival,Website feedback,Campus shoppers,Durban,Positive,94,good outfit inspiration,This creator makes the outfit feel realistic and local.,add entry-level price point
SENT-00049,CAMP-0115,Sustainable Denim Capsule 115,Sustainable Denim Capsule,Social listening,Budget-conscious families,Bloemfontein,Negative,41,price concern,This creator makes the outfit feel realistic and local.,add styling guide
SENT-00050,CAMP-0015,Festival Fits 015,Tech Utility Jackets,Product reviews,Fashion-forward youth,Pretoria,Negative,32,not enough local relevance,Love how wearable this looks for everyday outfits.,use more local creators
SENT-00051,CAMP-0112,Street Utility Edit 112,Weekend Travel Fits,Product reviews,Campus shoppers,East London,Positive,82,easy to wear basics,The campaign looks nice but I need more quality details.,adjust message before scale
SENT-00052,CAMP-0075,Active Street Drop 075,Affordable Occasionwear,Product reviews,Young working adults,Polokwane,Positive,69,affordable styling,The styling is strong but the price feels a bit high.,increase creator video content
SENT-00053,CAMP-0064,Active Street Drop 064,Local Culture Prints,Instagram comments,Budget-conscious families,Gqeberha,Neutral,48,strong streetwear look,This creator makes the outfit feel realistic and local.,improve size communication
SENT-00054,CAMP-0076,Quiet Luxury Basics 076,Workwear Remix,Store feedback,Budget-conscious families,Durban,Negative,11,price concern,Love how wearable this looks for everyday outfits.,add styling guide
SENT-00055,CAMP-0107,Coastal Summer Linen 107,Local Culture Prints,Social listening,Gen Z students,Gqeberha,Neutral,64,price concern,Great for campus and weekend looks.,add entry-level price point
SENT-00056,CAMP-0043,Back to Campus Fits 043,Sustainable Denim Capsule,Social listening,Occasionwear shoppers,Bloemfontein,Negative,18,fit uncertainty,The styling is strong but the price feels a bit high.,increase creator video content
SENT-00057,CAMP-0007,Festival Fits 007,Campus Sneaker Culture,Store feedback,Campus shoppers,Johannesburg,Negative,14,quality concern,The campaign looks nice but I need more quality details.,test product bundles
SENT-00058,CAMP-0049,Active Street Drop 049,Resort Neutrals,Product reviews,Sneaker culture audience,Cape Town,Positive,90,fresh colour palette,Love how wearable this looks for everyday outfits.,add entry-level price point
SENT-00059,CAMP-0110,Quiet Luxury Basics 110,Elevated Basics,Email response,Sneaker culture audience,Gqeberha,Positive,74,good outfit inspiration,Love how wearable this looks for everyday outfits.,improve size communication
SENT-00060,CAMP-0063,Heritage Style Drop 063,Minimalist Basics,Website feedback,Sneaker culture audience,Kimberley,Negative,18,fit uncertainty,Please show more sizes and different body types.,adjust message before scale
SENT-00061,CAMP-0013,Street Utility Edit 013,Sustainable Denim Capsule,Customer survey,Sneaker culture audience,Mbombela,Negative,38,delivery issue,This creator makes the outfit feel realistic and local.,add styling guide
SENT-00062,CAMP-0035,Heritage Style Drop 035,Bold Graphic Tees,TikTok reactions,Campus shoppers,Polokwane,Neutral,56,easy to wear basics,The campaign looks nice but I need more quality details.,use more local creators
SENT-00063,CAMP-0056,Sustainable Denim Capsule 056,Earth Tone Basics,Instagram comments,Gen Z students,East London,Neutral,55,local creators,This creator makes the outfit feel realistic and local.,adjust message before scale
SENT-00064,CAMP-0029,Festival Fits 029,Soft Tailoring Basics,Product reviews,Young working adults,Mbombela,Neutral,61,delivery issue,Great for campus and weekend looks.,adjust message before scale
SENT-00065,CAMP-0068,Denim Revival 068,Oversized Knitwear,Email response,Young professionals,Pretoria,Positive,95,good outfit inspiration,Please show more sizes and different body types.,use more local creators
SENT-00066,CAMP-0017,Back to Campus Fits 017,Elevated Basics,Customer survey,Campus shoppers,East London,Neutral,58,relatable campaign,Please show more sizes and different body types.,test product bundles
SENT-00067,CAMP-0007,Festival Fits 007,Campus Sneaker Culture,TikTok reactions,Campus shoppers,East London,Neutral,58,affordable styling,This creator makes the outfit feel realistic and local.,add entry-level price point
SENT-00068,CAMP-0060,Denim Revival 060,Workwear Remix,Website feedback,Gen Z students,Bloemfontein,Neutral,53,quality concern,The campaign looks nice but I need more quality details.,add entry-level price point
SENT-00069,CAMP-0099,Festival Fits 099,Colour Pop Accessories,Social listening,Holiday shoppers,Durban,Positive,76,affordable styling,I would buy this if there were more colours available.,add styling guide
SENT-00070,CAMP-0006,Denim Revival 006,Y2K Streetwear,Website feedback,Holiday shoppers,Bloemfontein,Positive,94,strong streetwear look,I would buy this if there were more colours available.,adjust message before scale
SENT-00071,CAMP-0058,Denim Revival 058,Active Street,Store feedback,Young professionals,Durban,Neutral,51,relatable campaign,The styling is strong but the price feels a bit high.,add entry-level price point
SENT-00072,CAMP-0096,Back to Campus Fits 096,Street Smart Athleisure,TikTok reactions,Young working adults,Polokwane,Negative,44,quality concern,Love how wearable this looks for everyday outfits.,add entry-level price point
SENT-00073,CAMP-0051,Heritage Style Drop 051,Y2K Streetwear,Social listening,Conscious shoppers,Mbombela,Positive,90,local creators,I would buy this if there were more colours available.,adjust message before scale
SENT-00074,CAMP-0096,Back to Campus Fits 096,Street Smart Athleisure,Website feedback,Young working adults,Kimberley,Neutral,64,price concern,Please show more sizes and different body types.,adjust message before scale
SENT-00075,CAMP-0087,Coastal Summer Linen 087,Relaxed Cargo Denim,Email response,Fashion-forward youth,Gqeberha,Negative,15,fit uncertainty,The styling is strong but the price feels a bit high.,use more local creators
SENT-00076,CAMP-0002,Active Street Drop 002,Resort Neutrals,Instagram comments,Sneaker culture audience,Cape Town,Positive,66,easy to wear basics,The styling is strong but the price feels a bit high.,add styling guide
SENT-00077,CAMP-0084,Coastal Summer Linen 084,Y2K Streetwear,Email response,Young working adults,East London,Positive,77,local creators,Love how wearable this looks for everyday outfits.,improve size communication
SENT-00078,CAMP-0099,Festival Fits 099,Colour Pop Accessories,Email response,Holiday shoppers,Johannesburg,Positive,72,good outfit inspiration,The styling is strong but the price feels a bit high.,use more local creators
SENT-00079,CAMP-0095,Festival Fits 095,Affordable Occasionwear,Social listening,Young professionals,Johannesburg,Neutral,59,price concern,The campaign looks nice but I need more quality details.,use more local creators
SENT-00080,CAMP-0026,Denim Revival 026,Elevated Basics,Email response,Sneaker culture audience,Johannesburg,Positive,86,easy to wear basics,Love how wearable this looks for everyday outfits.,add entry-level price point
SENT-00081,CAMP-0081,Street Utility Edit 081,Affordable Quiet Luxury,Email response,Occasionwear shoppers,Mbombela,Negative,28,campaign feels generic,Love how wearable this looks for everyday outfits.,add styling guide
SENT-00082,CAMP-0052,Quiet Luxury Basics 052,Festival Street Style,Social listening,Young professionals,Cape Town,Positive,68,relatable campaign,The campaign looks nice but I need more quality details.,add entry-level price point
SENT-00083,CAMP-0055,Active Street Drop 055,Summer Crochet Edit,TikTok reactions,Sneaker culture audience,Gqeberha,Neutral,58,size inclusivity,This creator makes the outfit feel realistic and local.,add entry-level price point
SENT-00084,CAMP-0064,Active Street Drop 064,Local Culture Prints,Store feedback,Budget-conscious families,Mbombela,Neutral,58,campaign feels generic,Love how wearable this looks for everyday outfits.,use more local creators
SENT-00085,CAMP-0037,Quiet Luxury Basics 037,Y2K Streetwear,Store feedback,Young working adults,Mbombela,Neutral,52,price concern,The campaign looks nice but I need more quality details.,use more local creators
SENT-00086,CAMP-0076,Quiet Luxury Basics 076,Workwear Remix,Social listening,Budget-conscious families,Durban,Negative,28,quality concern,Great for campus and weekend looks.,adjust message before scale
SENT-00087,CAMP-0050,Denim Revival 050,Affordable Quiet Luxury,Store feedback,Occasionwear shoppers,Mbombela,Negative,20,not enough local relevance,The campaign looks nice but I need more quality details.,use more local creators
SENT-00088,CAMP-0037,Quiet Luxury Basics 037,Y2K Streetwear,Social listening,Young working adults,Durban,Neutral,50,local creators,The styling is strong but the price feels a bit high.,use more local creators
SENT-00089,CAMP-0078,Street Utility Edit 078,Resort Neutrals,Email response,Occasionwear shoppers,Mbombela,Positive,84,easy to wear basics,The styling is strong but the price feels a bit high.,use more local creators
SENT-00090,CAMP-0072,Coastal Summer Linen 072,Back to Campus Fits,Store feedback,Conscious shoppers,Gqeberha,Positive,87,affordable styling,Great for campus and weekend looks.,use more local creators
SENT-00091,CAMP-0023,Street Utility Edit 023,Relaxed Cargo Denim,Instagram comments,Holiday shoppers,Pretoria,Negative,31,delivery issue,This creator makes the outfit feel realistic and local.,add entry-level price point
SENT-00092,CAMP-0080,Back to Campus Fits 080,Y2K Streetwear,Customer survey,Holiday shoppers,Mbombela,Positive,81,relatable campaign,Please show more sizes and different body types.,increase creator video content
SENT-00093,CAMP-0046,Heritage Style Drop 046,Denim Revival,Website feedback,Gen Z students,Durban,Negative,42,not enough local relevance,The campaign looks nice but I need more quality details.,adjust message before scale
SENT-00094,CAMP-0014,Heritage Style Drop 014,Campus Sneaker Culture,Social listening,Campus shoppers,Pretoria,Neutral,48,price concern,I would buy this if there were more colours available.,test product bundles
SENT-00095,CAMP-0079,Quiet Luxury Basics 079,Resort Neutrals,Instagram comments,Young working adults,East London,Negative,16,price concern,The styling is strong but the price feels a bit high.,adjust message before scale
SENT-00096,CAMP-0016,Coastal Summer Linen 016,Active Street,Product reviews,Holiday shoppers,Gqeberha,Negative,38,quality concern,I would buy this if there were more colours available.,test product bundles
SENT-00097,CAMP-0064,Active Street Drop 064,Local Culture Prints,Product reviews,Budget-conscious families,Bloemfontein,Neutral,55,local creators,I would buy this if there were more colours available.,use more local creators
SENT-00098,CAMP-0016,Coastal Summer Linen 016,Active Street,Email response,Holiday shoppers,Johannesburg,Negative,25,campaign feels generic,I would buy this if there were more colours available.,increase creator video content
SENT-00099,CAMP-0061,Sustainable Denim Capsule 061,Campus Sneaker Culture,Product reviews,Budget-conscious families,Pretoria,Positive,82,relatable campaign,Please show more sizes and different body types.,adjust message before scale
SENT-00100,CAMP-0097,Denim Revival 097,Soft Tailoring Basics,Customer survey,Occasionwear shoppers,Durban,Positive,98,strong streetwear look,This creator makes the outfit feel realistic and local.,increase creator video content
SENT-00101,CAMP-0030,Coastal Summer Linen 030,Denim Revival,Email response,Campus shoppers,Polokwane,Positive,94,good outfit inspiration,I would buy this if there were more colours available.,test product bundles
SENT-00102,CAMP-0102,Campus Sneaker Culture 102,Summer Crochet Edit,Social listening,Sneaker culture audience,Durban,Neutral,45,affordable styling,Great for campus and weekend looks.,increase creator video content
SENT-00103,CAMP-0067,Back to Campus Fits 067,Earth Tone Basics,Store feedback,Gen Z students,Bloemfontein,Negative,35,price concern,I would buy this if there were more colours available.,use more local creators
SENT-00104,CAMP-0056,Sustainable Denim Capsule 056,Earth Tone Basics,Instagram comments,Gen Z students,Durban,Positive,68,easy to wear basics,Great for campus and weekend looks.,adjust message before scale
SENT-00105,CAMP-0103,Festival Fits 103,Relaxed Cargo Denim,Website feedback,Holiday shoppers,Polokwane,Neutral,57,size inclusivity,Great for campus and weekend looks.,adjust message before scale
SENT-00106,CAMP-0071,Festival Fits 071,Minimalist Basics,Store feedback,Young professionals,Bloemfontein,Negative,10,fit uncertainty,I would buy this if there were more colours available.,improve size communication
SENT-00107,CAMP-0116,Denim Revival 116,Minimalist Basics,Email response,Young professionals,Mbombela,Positive,78,local creators,The campaign looks nice but I need more quality details.,test product bundles
SENT-00108,CAMP-0101,Campus Sneaker Culture 101,Back to Campus Fits,Store feedback,Conscious shoppers,Polokwane,Neutral,51,price concern,Please show more sizes and different body types.,add entry-level price point
SENT-00109,CAMP-0005,Denim Revival 005,Relaxed Cargo Denim,Product reviews,Holiday shoppers,East London,Positive,83,good outfit inspiration,The styling is strong but the price feels a bit high.,add entry-level price point
SENT-00110,CAMP-0066,Back to Campus Fits 066,Soft Tailoring Basics,Store feedback,Campus shoppers,Durban,Neutral,45,size inclusivity,Love how wearable this looks for everyday outfits.,increase creator video content
SENT-00111,CAMP-0070,Street Utility Edit 070,Back to Campus Fits,Website feedback,Conscious shoppers,Polokwane,Neutral,61,good outfit inspiration,Love how wearable this looks for everyday outfits.,adjust message before scale
SENT-00112,CAMP-0008,Street Utility Edit 008,Winter Layering Essentials,Store feedback,Young professionals,Pretoria,Negative,13,quality concern,I would buy this if there were more colours available.,adjust message before scale
SENT-00113,CAMP-0016,Coastal Summer Linen 016,Active Street,Instagram comments,Holiday shoppers,Mbombela,Positive,86,relatable campaign,The styling is strong but the price feels a bit high.,increase creator video content
SENT-00114,CAMP-0096,Back to Campus Fits 096,Street Smart Athleisure,Customer survey,Young working adults,Bloemfontein,Negative,29,delivery issue,Please show more sizes and different body types.,adjust message before scale
SENT-00115,CAMP-0101,Campus Sneaker Culture 101,Back to Campus Fits,Product reviews,Conscious shoppers,Polokwane,Negative,43,delivery issue,Great for campus and weekend looks.,use more local creators
SENT-00116,CAMP-0014,Heritage Style Drop 014,Campus Sneaker Culture,Customer survey,Campus shoppers,Bloemfontein,Positive,94,relatable campaign,Love how wearable this looks for everyday outfits.,use more local creators
SENT-00117,CAMP-0092,Heritage Style Drop 092,Utility Cargo Streetwear,TikTok reactions,Campus shoppers,Pretoria,Positive,68,good outfit inspiration,This creator makes the outfit feel realistic and local.,use more local creators
SENT-00118,CAMP-0061,Sustainable Denim Capsule 061,Campus Sneaker Culture,Store feedback,Budget-conscious families,East London,Positive,90,affordable styling,The campaign looks nice but I need more quality details.,test product bundles
SENT-00119,CAMP-0067,Back to Campus Fits 067,Earth Tone Basics,Website feedback,Gen Z students,Kimberley,Negative,41,not enough local relevance,Great for campus and weekend looks.,add styling guide
SENT-00120,CAMP-0057,Denim Revival 057,Utility Cargo Streetwear,Email response,Campus shoppers,Durban,Neutral,49,price concern,The campaign looks nice but I need more quality details.,use more local creators
SENT-00121,CAMP-0063,Heritage Style Drop 063,Minimalist Basics,TikTok reactions,Sneaker culture audience,Cape Town,Neutral,59,fresh colour palette,This creator makes the outfit feel realistic and local.,add entry-level price point
SENT-00122,CAMP-0096,Back to Campus Fits 096,Street Smart Athleisure,Store feedback,Young working adults,Pretoria,Positive,91,relatable campaign,Love how wearable this looks for everyday outfits.,add entry-level price point
SENT-00123,CAMP-0048,Street Utility Edit 048,Minimalist Basics,Product reviews,Young professionals,Pretoria,Neutral,56,affordable styling,Please show more sizes and different body types.,improve size communication
SENT-00124,CAMP-0039,Heritage Style Drop 039,Denim Revival,Product reviews,Sneaker culture audience,Durban,Positive,91,affordable styling,Love how wearable this looks for everyday outfits.,improve size communication
SENT-00125,CAMP-0114,Active Street Drop 114,Back to Campus Fits,Social listening,Sneaker culture audience,Johannesburg,Positive,72,local creators,The campaign looks nice but I need more quality details.,improve size communication
SENT-00126,CAMP-0009,Heritage Style Drop 009,Winter Layering Essentials,Social listening,Sneaker culture audience,Kimberley,Negative,29,campaign feels generic,The campaign looks nice but I need more quality details.,add styling guide
SENT-00127,CAMP-0116,Denim Revival 116,Minimalist Basics,Social listening,Young professionals,Kimberley,Positive,73,good outfit inspiration,I would buy this if there were more colours available.,use more local creators
SENT-00128,CAMP-0065,Quiet Luxury Basics 065,Tech Utility Jackets,Social listening,Budget-conscious families,Mbombela,Neutral,49,fit uncertainty,I would buy this if there were more colours available.,adjust message before scale
SENT-00129,CAMP-0042,Street Utility Edit 042,Relaxed Cargo Denim,Email response,Fashion-forward youth,Polokwane,Positive,79,relatable campaign,This creator makes the outfit feel realistic and local.,improve size communication
SENT-00130,CAMP-0070,Street Utility Edit 070,Back to Campus Fits,Social listening,Conscious shoppers,Gqeberha,Positive,70,strong streetwear look,I would buy this if there were more colours available.,use more local creators
SENT-00131,CAMP-0091,Festival Fits 091,Utility Cargo Streetwear,Website feedback,Young professionals,East London,Positive,72,strong streetwear look,Great for campus and weekend looks.,test product bundles
SENT-00132,CAMP-0011,Street Utility Edit 011,Campus Sneaker Culture,Instagram comments,Young working adults,Kimberley,Positive,98,relatable campaign,The styling is strong but the price feels a bit high.,increase creator video content
SENT-00133,CAMP-0061,Sustainable Denim Capsule 061,Campus Sneaker Culture,TikTok reactions,Budget-conscious families,East London,Positive,76,affordable styling,Love how wearable this looks for everyday outfits.,improve size communication
SENT-00134,CAMP-0101,Campus Sneaker Culture 101,Back to Campus Fits,Social listening,Conscious shoppers,Pretoria,Positive,85,easy to wear basics,This creator makes the outfit feel realistic and local.,test product bundles
SENT-00135,CAMP-0006,Denim Revival 006,Y2K Streetwear,Store feedback,Holiday shoppers,Polokwane,Positive,76,affordable styling,This creator makes the outfit feel realistic and local.,add entry-level price point
SENT-00136,CAMP-0111,Sustainable Denim Capsule 111,Relaxed Cargo Denim,Website feedback,Fashion-forward youth,Pretoria,Positive,72,good outfit inspiration,Love how wearable this looks for everyday outfits.,test product bundles
SENT-00137,CAMP-0022,Denim Revival 022,Earth Tone Basics,Website feedback,Budget-conscious families,Pretoria,Positive,74,local creators,Please show more sizes and different body types.,add styling guide
SENT-00138,CAMP-0087,Coastal Summer Linen 087,Relaxed Cargo Denim,Store feedback,Fashion-forward youth,Durban,Positive,66,relatable campaign,Great for campus and weekend looks.,add entry-level price point
SENT-00139,CAMP-0039,Heritage Style Drop 039,Denim Revival,Product reviews,Sneaker culture audience,Polokwane,Positive,85,fresh colour palette,Please show more sizes and different body types.,add styling guide
SENT-00140,CAMP-0106,Heritage Style Drop 106,Denim Revival,Customer survey,Campus shoppers,Cape Town,Negative,25,price concern,This creator makes the outfit feel realistic and local.,test product bundles
SENT-00141,CAMP-0097,Denim Revival 097,Soft Tailoring Basics,Website feedback,Occasionwear shoppers,Johannesburg,Positive,85,affordable styling,This creator makes the outfit feel realistic and local.,test product bundles
SENT-00142,CAMP-0053,Coastal Summer Linen 053,Monochrome Essentials,Email response,Sneaker culture audience,Cape Town,Positive,66,affordable styling,Please show more sizes and different body types.,test product bundles
SENT-00143,CAMP-0076,Quiet Luxury Basics 076,Workwear Remix,Product reviews,Budget-conscious families,Gqeberha,Neutral,63,good outfit inspiration,This creator makes the outfit feel realistic and local.,add styling guide
SENT-00144,CAMP-0011,Street Utility Edit 011,Campus Sneaker Culture,Customer survey,Young working adults,Durban,Negative,33,delivery issue,The campaign looks nice but I need more quality details.,use more local creators
SENT-00145,CAMP-0101,Campus Sneaker Culture 101,Back to Campus Fits,Social listening,Conscious shoppers,Johannesburg,Positive,65,good outfit inspiration,I would buy this if there were more colours available.,add styling guide
SENT-00146,CAMP-0107,Coastal Summer Linen 107,Local Culture Prints,Product reviews,Gen Z students,Johannesburg,Neutral,46,campaign feels generic,This creator makes the outfit feel realistic and local.,improve size communication
SENT-00147,CAMP-0077,Back to Campus Fits 077,Monochrome Essentials,Email response,Conscious shoppers,Bloemfontein,Positive,78,strong streetwear look,The campaign looks nice but I need more quality details.,increase creator video content
SENT-00148,CAMP-0066,Back to Campus Fits 066,Soft Tailoring Basics,TikTok reactions,Campus shoppers,Gqeberha,Positive,70,local creators,This creator makes the outfit feel realistic and local.,adjust message before scale
SENT-00149,CAMP-0016,Coastal Summer Linen 016,Active Street,Website feedback,Holiday shoppers,Polokwane,Negative,23,fit uncertainty,The campaign looks nice but I need more quality details.,test product bundles
SENT-00150,CAMP-0103,Festival Fits 103,Relaxed Cargo Denim,Store feedback,Holiday shoppers,Gqeberha,Positive,93,strong streetwear look,Please show more sizes and different body types.,use more local creators
SENT-00151,CAMP-0085,Coastal Summer Linen 085,Bold Graphic Tees,Customer survey,Young professionals,Mbombela,Negative,31,quality concern,Love how wearable this looks for everyday outfits.,adjust message before scale
SENT-00152,CAMP-0018,Heritage Style Drop 018,Y2K Streetwear,Social listening,Young working adults,Johannesburg,Neutral,45,affordable styling,Great for campus and weekend looks.,use more local creators
SENT-00153,CAMP-0053,Coastal Summer Linen 053,Monochrome Essentials,Social listening,Sneaker culture audience,Polokwane,Neutral,62,delivery issue,Love how wearable this looks for everyday outfits.,increase creator video content
SENT-00154,CAMP-0113,Back to Campus Fits 113,Soft Tailoring Basics,Instagram comments,Young professionals,Mbombela,Neutral,48,local creators,Please show more sizes and different body types.,increase creator video content
SENT-00155,CAMP-0049,Active Street Drop 049,Resort Neutrals,Email response,Sneaker culture audience,Durban,Negative,10,quality concern,Love how wearable this looks for everyday outfits.,add styling guide
SENT-00156,CAMP-0048,Street Utility Edit 048,Minimalist Basics,Instagram comments,Young professionals,Cape Town,Negative,11,campaign feels generic,I would buy this if there were more colours available.,improve size communication
SENT-00157,CAMP-0088,Festival Fits 088,Weekend Travel Fits,Customer survey,Campus shoppers,Pretoria,Negative,29,quality concern,I would buy this if there were more colours available.,adjust message before scale
SENT-00158,CAMP-0029,Festival Fits 029,Soft Tailoring Basics,Store feedback,Young working adults,Johannesburg,Positive,82,good outfit inspiration,This creator makes the outfit feel realistic and local.,adjust message before scale
SENT-00159,CAMP-0091,Festival Fits 091,Utility Cargo Streetwear,Customer survey,Young professionals,Polokwane,Neutral,48,affordable styling,I would buy this if there were more colours available.,improve size communication
SENT-00160,CAMP-0073,Campus Sneaker Culture 073,Campus Sneaker Culture,Customer survey,Sneaker culture audience,Kimberley,Positive,76,local creators,Love how wearable this looks for everyday outfits.,test product bundles
SENT-00161,CAMP-0017,Back to Campus Fits 017,Elevated Basics,Website feedback,Campus shoppers,Kimberley,Neutral,52,fresh colour palette,The campaign looks nice but I need more quality details.,adjust message before scale
SENT-00162,CAMP-0101,Campus Sneaker Culture 101,Back to Campus Fits,Instagram comments,Conscious shoppers,East London,Positive,81,easy to wear basics,Great for campus and weekend looks.,test product bundles
SENT-00163,CAMP-0114,Active Street Drop 114,Back to Campus Fits,Instagram comments,Sneaker culture audience,Bloemfontein,Positive,92,good outfit inspiration,I would buy this if there were more colours available.,add styling guide
SENT-00164,CAMP-0036,Heritage Style Drop 036,Summer Crochet Edit,Social listening,Conscious shoppers,Mbombela,Positive,88,relatable campaign,The campaign looks nice but I need more quality details.,increase creator video content
SENT-00165,CAMP-0006,Denim Revival 006,Y2K Streetwear,Instagram comments,Holiday shoppers,Gqeberha,Negative,36,size inclusivity,The campaign looks nice but I need more quality details.,add styling guide
SENT-00166,CAMP-0041,Campus Sneaker Culture 041,Oversized Knitwear,Store feedback,Young professionals,Pretoria,Positive,66,local creators,Great for campus and weekend looks.,use more local creators
SENT-00167,CAMP-0089,Campus Sneaker Culture 089,Soft Tailoring Basics,Customer survey,Campus shoppers,Cape Town,Positive,75,affordable styling,Please show more sizes and different body types.,improve size communication
SENT-00168,CAMP-0009,Heritage Style Drop 009,Winter Layering Essentials,Instagram comments,Sneaker culture audience,Mbombela,Neutral,58,local creators,I would buy this if there were more colours available.,add entry-level price point
SENT-00169,CAMP-0076,Quiet Luxury Basics 076,Workwear Remix,Website feedback,Budget-conscious families,Cape Town,Negative,16,quality concern,This creator makes the outfit feel realistic and local.,use more local creators
SENT-00170,CAMP-0044,Active Street Drop 044,Campus Sneaker Culture,Store feedback,Conscious shoppers,East London,Negative,25,not enough local relevance,Love how wearable this looks for everyday outfits.,increase creator video content
SENT-00171,CAMP-0077,Back to Campus Fits 077,Monochrome Essentials,TikTok reactions,Conscious shoppers,Mbombela,Neutral,63,fit uncertainty,Love how wearable this looks for everyday outfits.,add entry-level price point
SENT-00172,CAMP-0008,Street Utility Edit 008,Winter Layering Essentials,Store feedback,Young professionals,Pretoria,Negative,18,campaign feels generic,Love how wearable this looks for everyday outfits.,increase creator video content
SENT-00173,CAMP-0057,Denim Revival 057,Utility Cargo Streetwear,Email response,Campus shoppers,Pretoria,Positive,71,relatable campaign,Great for campus and weekend looks.,add entry-level price point
SENT-00174,CAMP-0072,Coastal Summer Linen 072,Back to Campus Fits,Email response,Conscious shoppers,Polokwane,Positive,71,easy to wear basics,The campaign looks nice but I need more quality details.,increase creator video content
SENT-00175,CAMP-0053,Coastal Summer Linen 053,Monochrome Essentials,Instagram comments,Sneaker culture audience,Mbombela,Positive,89,relatable campaign,This creator makes the outfit feel realistic and local.,increase creator video content
SENT-00176,CAMP-0055,Active Street Drop 055,Summer Crochet Edit,TikTok reactions,Sneaker culture audience,Bloemfontein,Negative,11,delivery issue,This creator makes the outfit feel realistic and local.,test product bundles
SENT-00177,CAMP-0043,Back to Campus Fits 043,Sustainable Denim Capsule,TikTok reactions,Occasionwear shoppers,Johannesburg,Neutral,64,local creators,Great for campus and weekend looks.,add entry-level price point
SENT-00178,CAMP-0076,Quiet Luxury Basics 076,Workwear Remix,Product reviews,Budget-conscious families,East London,Negative,26,size inclusivity,Please show more sizes and different body types.,add styling guide
SENT-00179,CAMP-0062,Sustainable Denim Capsule 062,Campus Sneaker Culture,Product reviews,Budget-conscious families,Cape Town,Neutral,49,price concern,I would buy this if there were more colours available.,add entry-level price point
SENT-00180,CAMP-0008,Street Utility Edit 008,Winter Layering Essentials,Email response,Young professionals,East London,Positive,87,relatable campaign,Please show more sizes and different body types.,test product bundles
SENT-00181,CAMP-0114,Active Street Drop 114,Back to Campus Fits,Product reviews,Sneaker culture audience,Mbombela,Positive,84,local creators,The campaign looks nice but I need more quality details.,improve size communication
SENT-00182,CAMP-0038,Quiet Luxury Basics 038,Tech Utility Jackets,Product reviews,Holiday shoppers,Johannesburg,Positive,80,affordable styling,The campaign looks nice but I need more quality details.,increase creator video content
SENT-00183,CAMP-0107,Coastal Summer Linen 107,Local Culture Prints,Email response,Gen Z students,Bloemfontein,Neutral,51,affordable styling,The styling is strong but the price feels a bit high.,adjust message before scale
SENT-00184,CAMP-0117,Active Street Drop 117,Soft Tailoring Basics,Store feedback,Young working adults,Cape Town,Positive,95,affordable styling,Great for campus and weekend looks.,adjust message before scale
SENT-00185,CAMP-0060,Denim Revival 060,Workwear Remix,Store feedback,Gen Z students,Kimberley,Neutral,54,strong streetwear look,This creator makes the outfit feel realistic and local.,improve size communication
SENT-00186,CAMP-0021,Heritage Style Drop 021,Y2K Streetwear,Instagram comments,Conscious shoppers,Mbombela,Positive,79,easy to wear basics,Love how wearable this looks for everyday outfits.,adjust message before scale
SENT-00187,CAMP-0029,Festival Fits 029,Soft Tailoring Basics,Customer survey,Young working adults,Cape Town,Neutral,60,price concern,Great for campus and weekend looks.,increase creator video content
SENT-00188,CAMP-0105,Sustainable Denim Capsule 105,Active Street,Email response,Occasionwear shoppers,Cape Town,Positive,90,strong streetwear look,The styling is strong but the price feels a bit high.,increase creator video content
SENT-00189,CAMP-0001,Denim Revival 001,Summer Crochet Edit,Store feedback,Conscious shoppers,Johannesburg,Positive,72,affordable styling,The styling is strong but the price feels a bit high.,improve size communication
SENT-00190,CAMP-0057,Denim Revival 057,Utility Cargo Streetwear,Store feedback,Campus shoppers,Johannesburg,Positive,66,relatable campaign,The styling is strong but the price feels a bit high.,use more local creators
SENT-00191,CAMP-0037,Quiet Luxury Basics 037,Y2K Streetwear,Product reviews,Young working adults,Bloemfontein,Positive,80,fresh colour palette,The styling is strong but the price feels a bit high.,use more local creators
SENT-00192,CAMP-0003,Coastal Summer Linen 003,Oversized Knitwear,TikTok reactions,Conscious shoppers,Johannesburg,Positive,73,fresh colour palette,This creator makes the outfit feel realistic and local.,adjust message before scale
SENT-00193,CAMP-0101,Campus Sneaker Culture 101,Back to Campus Fits,Customer survey,Conscious shoppers,Gqeberha,Negative,39,quality concern,The styling is strong but the price feels a bit high.,improve size communication
SENT-00194,CAMP-0104,Heritage Style Drop 104,Weekend Travel Fits,Email response,Occasionwear shoppers,Pretoria,Positive,72,local creators,The styling is strong but the price feels a bit high.,use more local creators
SENT-00195,CAMP-0102,Campus Sneaker Culture 102,Summer Crochet Edit,Email response,Sneaker culture audience,Bloemfontein,Positive,85,relatable campaign,The campaign looks nice but I need more quality details.,add styling guide
SENT-00196,CAMP-0082,Denim Revival 082,Campus Sneaker Culture,Customer survey,Budget-conscious families,East London,Positive,83,affordable styling,I would buy this if there were more colours available.,use more local creators
SENT-00197,CAMP-0042,Street Utility Edit 042,Relaxed Cargo Denim,Website feedback,Fashion-forward youth,Durban,Positive,97,strong streetwear look,The campaign looks nice but I need more quality details.,add styling guide
SENT-00198,CAMP-0027,Active Street Drop 027,Utility Cargo Streetwear,Social listening,Young professionals,Kimberley,Neutral,47,fit uncertainty,The styling is strong but the price feels a bit high.,test product bundles
SENT-00199,CAMP-0050,Denim Revival 050,Affordable Quiet Luxury,Store feedback,Occasionwear shoppers,Mbombela,Negative,43,fit uncertainty,This creator makes the outfit feel realistic and local.,use more local creators
SENT-00200,CAMP-0042,Street Utility Edit 042,Relaxed Cargo Denim,Social listening,Fashion-forward youth,Mbombela,Neutral,60,size inclusivity,Please show more sizes and different body types.,test product bundles
SENT-00201,CAMP-0052,Quiet Luxury Basics 052,Festival Street Style,Instagram comments,Young professionals,Cape Town,Neutral,52,fit uncertainty,The styling is strong but the price feels a bit high.,add styling guide
SENT-00202,CAMP-0111,Sustainable Denim Capsule 111,Relaxed Cargo Denim,Website feedback,Fashion-forward youth,Polokwane,Positive,89,local creators,The campaign looks nice but I need more quality details.,use more local creators
SENT-00203,CAMP-0120,Sustainable Denim Capsule 120,Campus Sneaker Culture,TikTok reactions,Budget-conscious families,Durban,Negative,15,quality concern,Please show more sizes and different body types.,add styling guide
SENT-00204,CAMP-0067,Back to Campus Fits 067,Earth Tone Basics,Instagram comments,Gen Z students,Mbombela,Positive,97,relatable campaign,The campaign looks nice but I need more quality details.,improve size communication
SENT-00205,CAMP-0055,Active Street Drop 055,Summer Crochet Edit,Email response,Sneaker culture audience,Bloemfontein,Positive,96,good outfit inspiration,Please show more sizes and different body types.,improve size communication
SENT-00206,CAMP-0049,Active Street Drop 049,Resort Neutrals,Customer survey,Sneaker culture audience,Gqeberha,Positive,69,good outfit inspiration,Please show more sizes and different body types.,add entry-level price point
SENT-00207,CAMP-0038,Quiet Luxury Basics 038,Tech Utility Jackets,TikTok reactions,Holiday shoppers,Gqeberha,Negative,24,delivery issue,Love how wearable this looks for everyday outfits.,add entry-level price point
SENT-00208,CAMP-0010,Denim Revival 010,Utility Cargo Streetwear,Customer survey,Holiday shoppers,Bloemfontein,Positive,77,relatable campaign,Great for campus and weekend looks.,improve size communication
SENT-00209,CAMP-0033,Festival Fits 033,Monochrome Essentials,Website feedback,Sneaker culture audience,Cape Town,Positive,73,easy to wear basics,I would buy this if there were more colours available.,increase creator video content
SENT-00210,CAMP-0092,Heritage Style Drop 092,Utility Cargo Streetwear,Instagram comments,Campus shoppers,Gqeberha,Neutral,54,relatable campaign,I would buy this if there were more colours available.,improve size communication
SENT-00211,CAMP-0101,Campus Sneaker Culture 101,Back to Campus Fits,Instagram comments,Conscious shoppers,Mbombela,Negative,42,campaign feels generic,I would buy this if there were more colours available.,use more local creators
SENT-00212,CAMP-0111,Sustainable Denim Capsule 111,Relaxed Cargo Denim,Customer survey,Fashion-forward youth,Mbombela,Positive,79,local creators,The campaign looks nice but I need more quality details.,test product bundles
SENT-00213,CAMP-0101,Campus Sneaker Culture 101,Back to Campus Fits,Social listening,Conscious shoppers,Bloemfontein,Neutral,47,price concern,Please show more sizes and different body types.,increase creator video content
SENT-00214,CAMP-0025,Denim Revival 025,Heritage Style Drop,Email response,Gen Z students,Cape Town,Positive,93,strong streetwear look,This creator makes the outfit feel realistic and local.,increase creator video content
SENT-00215,CAMP-0072,Coastal Summer Linen 072,Back to Campus Fits,Product reviews,Conscious shoppers,Gqeberha,Positive,65,local creators,This creator makes the outfit feel realistic and local.,increase creator video content
SENT-00216,CAMP-0085,Coastal Summer Linen 085,Bold Graphic Tees,Customer survey,Young professionals,Polokwane,Negative,37,quality concern,Great for campus and weekend looks.,increase creator video content
SENT-00217,CAMP-0052,Quiet Luxury Basics 052,Festival Street Style,Website feedback,Young professionals,Bloemfontein,Negative,11,fit uncertainty,The campaign looks nice but I need more quality details.,increase creator video content
SENT-00218,CAMP-0005,Denim Revival 005,Relaxed Cargo Denim,Store feedback,Holiday shoppers,Kimberley,Negative,35,size inclusivity,This creator makes the outfit feel realistic and local.,use more local creators
SENT-00219,CAMP-0051,Heritage Style Drop 051,Y2K Streetwear,Customer survey,Conscious shoppers,Mbombela,Positive,71,good outfit inspiration,Please show more sizes and different body types.,test product bundles
SENT-00220,CAMP-0058,Denim Revival 058,Active Street,TikTok reactions,Young professionals,Durban,Neutral,48,relatable campaign,Great for campus and weekend looks.,test product bundles
SENT-00221,CAMP-0023,Street Utility Edit 023,Relaxed Cargo Denim,Social listening,Holiday shoppers,Johannesburg,Positive,76,strong streetwear look,The styling is strong but the price feels a bit high.,add entry-level price point
SENT-00222,CAMP-0117,Active Street Drop 117,Soft Tailoring Basics,Customer survey,Young working adults,Cape Town,Negative,28,quality concern,Great for campus and weekend looks.,test product bundles
SENT-00223,CAMP-0009,Heritage Style Drop 009,Winter Layering Essentials,Instagram comments,Sneaker culture audience,Durban,Positive,85,fresh colour palette,I would buy this if there were more colours available.,add styling guide
SENT-00224,CAMP-0051,Heritage Style Drop 051,Y2K Streetwear,Product reviews,Conscious shoppers,East London,Positive,91,affordable styling,This creator makes the outfit feel realistic and local.,adjust message before scale
SENT-00225,CAMP-0009,Heritage Style Drop 009,Winter Layering Essentials,Customer survey,Sneaker culture audience,Durban,Positive,78,easy to wear basics,Please show more sizes and different body types.,add styling guide
SENT-00226,CAMP-0105,Sustainable Denim Capsule 105,Active Street,Product reviews,Occasionwear shoppers,Kimberley,Neutral,63,price concern,Please show more sizes and different body types.,test product bundles
SENT-00227,CAMP-0026,Denim Revival 026,Elevated Basics,Social listening,Sneaker culture audience,Gqeberha,Positive,77,strong streetwear look,Love how wearable this looks for everyday outfits.,use more local creators
SENT-00228,CAMP-0058,Denim Revival 058,Active Street,Customer survey,Young professionals,East London,Positive,86,good outfit inspiration,The campaign looks nice but I need more quality details.,add styling guide
SENT-00229,CAMP-0059,Heritage Style Drop 059,Back to Campus Fits,TikTok reactions,Conscious shoppers,Gqeberha,Positive,94,affordable styling,Please show more sizes and different body types.,adjust message before scale
SENT-00230,CAMP-0108,Active Street Drop 108,Summer Crochet Edit,Email response,Young professionals,Kimberley,Neutral,50,relatable campaign,This creator makes the outfit feel realistic and local.,use more local creators
SENT-00231,CAMP-0023,Street Utility Edit 023,Relaxed Cargo Denim,Email response,Holiday shoppers,Mbombela,Negative,34,fit uncertainty,Great for campus and weekend looks.,use more local creators
SENT-00232,CAMP-0090,Back to Campus Fits 090,Earth Tone Basics,Instagram comments,Conscious shoppers,Cape Town,Neutral,50,easy to wear basics,Please show more sizes and different body types.,adjust message before scale
SENT-00233,CAMP-0069,Campus Sneaker Culture 069,Relaxed Cargo Denim,Customer survey,Holiday shoppers,Mbombela,Positive,91,affordable styling,I would buy this if there were more colours available.,test product bundles
SENT-00234,CAMP-0016,Coastal Summer Linen 016,Active Street,TikTok reactions,Holiday shoppers,East London,Negative,30,price concern,This creator makes the outfit feel realistic and local.,add styling guide
SENT-00235,CAMP-0022,Denim Revival 022,Earth Tone Basics,Instagram comments,Budget-conscious families,Mbombela,Positive,66,relatable campaign,Love how wearable this looks for everyday outfits.,adjust message before scale
SENT-00236,CAMP-0089,Campus Sneaker Culture 089,Soft Tailoring Basics,Email response,Campus shoppers,Bloemfontein,Neutral,57,price concern,I would buy this if there were more colours available.,use more local creators
SENT-00237,CAMP-0051,Heritage Style Drop 051,Y2K Streetwear,TikTok reactions,Conscious shoppers,Durban,Positive,85,fresh colour palette,Great for campus and weekend looks.,adjust message before scale
SENT-00238,CAMP-0060,Denim Revival 060,Workwear Remix,TikTok reactions,Gen Z students,East London,Positive,80,affordable styling,Great for campus and weekend looks.,add styling guide
SENT-00239,CAMP-0018,Heritage Style Drop 018,Y2K Streetwear,Product reviews,Young working adults,Durban,Positive,66,fresh colour palette,The campaign looks nice but I need more quality details.,add entry-level price point
SENT-00240,CAMP-0023,Street Utility Edit 023,Relaxed Cargo Denim,Email response,Holiday shoppers,Durban,Positive,69,relatable campaign,Great for campus and weekend looks.,increase creator video content
SENT-00241,CAMP-0002,Active Street Drop 002,Resort Neutrals,Social listening,Sneaker culture audience,Bloemfontein,Neutral,50,fresh colour palette,The styling is strong but the price feels a bit high.,adjust message before scale
SENT-00242,CAMP-0005,Denim Revival 005,Relaxed Cargo Denim,Customer survey,Holiday shoppers,Mbombela,Negative,13,delivery issue,I would buy this if there were more colours available.,adjust message before scale
SENT-00243,CAMP-0104,Heritage Style Drop 104,Weekend Travel Fits,TikTok reactions,Occasionwear shoppers,Polokwane,Positive,84,strong streetwear look,This creator makes the outfit feel realistic and local.,add entry-level price point
SENT-00244,CAMP-0077,Back to Campus Fits 077,Monochrome Essentials,Email response,Conscious shoppers,Cape Town,Positive,80,easy to wear basics,Please show more sizes and different body types.,use more local creators
SENT-00245,CAMP-0026,Denim Revival 026,Elevated Basics,Instagram comments,Sneaker culture audience,Johannesburg,Positive,86,good outfit inspiration,I would buy this if there were more colours available.,use more local creators
SENT-00246,CAMP-0088,Festival Fits 088,Weekend Travel Fits,TikTok reactions,Campus shoppers,Durban,Neutral,50,good outfit inspiration,Love how wearable this looks for everyday outfits.,add styling guide
SENT-00247,CAMP-0066,Back to Campus Fits 066,Soft Tailoring Basics,Store feedback,Campus shoppers,East London,Positive,77,fresh colour palette,The campaign looks nice but I need more quality details.,use more local creators
SENT-00248,CAMP-0120,Sustainable Denim Capsule 120,Campus Sneaker Culture,TikTok reactions,Budget-conscious families,Cape Town,Positive,78,good outfit inspiration,Love how wearable this looks for everyday outfits.,improve size communication
SENT-00249,CAMP-0042,Street Utility Edit 042,Relaxed Cargo Denim,Store feedback,Fashion-forward youth,Johannesburg,Positive,89,good outfit inspiration,The styling is strong but the price feels a bit high.,add styling guide
SENT-00250,CAMP-0029,Festival Fits 029,Soft Tailoring Basics,Website feedback,Young working adults,Kimberley,Positive,88,easy to wear basics,Love how wearable this looks for everyday outfits.,add entry-level price point
SENT-00251,CAMP-0114,Active Street Drop 114,Back to Campus Fits,Social listening,Sneaker culture audience,Pretoria,Positive,75,fresh colour palette,Please show more sizes and different body types.,add entry-level price point
SENT-00252,CAMP-0077,Back to Campus Fits 077,Monochrome Essentials,Email response,Conscious shoppers,Durban,Positive,86,strong streetwear look,The styling is strong but the price feels a bit high.,adjust message before scale
SENT-00253,CAMP-0098,Active Street Drop 098,Weekend Travel Fits,Social listening,Occasionwear shoppers,Pretoria,Negative,31,quality concern,Love how wearable this looks for everyday outfits.,test product bundles
SENT-00254,CAMP-0117,Active Street Drop 117,Soft Tailoring Basics,Customer survey,Young working adults,East London,Neutral,63,easy to wear basics,Great for campus and weekend looks.,add entry-level price point
SENT-00255,CAMP-0030,Coastal Summer Linen 030,Denim Revival,TikTok reactions,Campus shoppers,Gqeberha,Positive,80,easy to wear basics,Great for campus and weekend looks.,add styling guide
SENT-00256,CAMP-0097,Denim Revival 097,Soft Tailoring Basics,Instagram comments,Occasionwear shoppers,Durban,Positive,88,affordable styling,This creator makes the outfit feel realistic and local.,improve size communication
SENT-00257,CAMP-0026,Denim Revival 026,Elevated Basics,Instagram comments,Sneaker culture audience,Cape Town,Positive,93,local creators,Great for campus and weekend looks.,improve size communication
SENT-00258,CAMP-0018,Heritage Style Drop 018,Y2K Streetwear,Instagram comments,Young working adults,East London,Positive,91,strong streetwear look,Great for campus and weekend looks.,increase creator video content
SENT-00259,CAMP-0037,Quiet Luxury Basics 037,Y2K Streetwear,Store feedback,Young working adults,Bloemfontein,Negative,25,size inclusivity,The styling is strong but the price feels a bit high.,test product bundles
SENT-00260,CAMP-0007,Festival Fits 007,Campus Sneaker Culture,Customer survey,Campus shoppers,Cape Town,Negative,34,fit uncertainty,The campaign looks nice but I need more quality details.,improve size communication
SENT-00261,CAMP-0024,Denim Revival 024,Earth Tone Basics,TikTok reactions,Holiday shoppers,Mbombela,Positive,69,affordable styling,The styling is strong but the price feels a bit high.,add entry-level price point
SENT-00262,CAMP-0082,Denim Revival 082,Campus Sneaker Culture,Product reviews,Budget-conscious families,Pretoria,Negative,21,size inclusivity,The campaign looks nice but I need more quality details.,test product bundles
SENT-00263,CAMP-0107,Coastal Summer Linen 107,Local Culture Prints,Customer survey,Gen Z students,East London,Negative,15,size inclusivity,This creator makes the outfit feel realistic and local.,adjust message before scale
SENT-00264,CAMP-0060,Denim Revival 060,Workwear Remix,Customer survey,Gen Z students,Cape Town,Positive,92,strong streetwear look,The styling is strong but the price feels a bit high.,test product bundles
SENT-00265,CAMP-0032,Street Utility Edit 032,Winter Layering Essentials,Social listening,Budget-conscious families,Cape Town,Positive,82,relatable campaign,I would buy this if there were more colours available.,increase creator video content
SENT-00266,CAMP-0062,Sustainable Denim Capsule 062,Campus Sneaker Culture,Email response,Budget-conscious families,Polokwane,Positive,75,fresh colour palette,This creator makes the outfit feel realistic and local.,add styling guide
SENT-00267,CAMP-0055,Active Street Drop 055,Summer Crochet Edit,Email response,Sneaker culture audience,Durban,Positive,95,strong streetwear look,Love how wearable this looks for everyday outfits.,increase creator video content
SENT-00268,CAMP-0049,Active Street Drop 049,Resort Neutrals,Website feedback,Sneaker culture audience,Kimberley,Positive,74,affordable styling,The campaign looks nice but I need more quality details.,adjust message before scale
SENT-00269,CAMP-0023,Street Utility Edit 023,Relaxed Cargo Denim,Website feedback,Holiday shoppers,Mbombela,Positive,83,good outfit inspiration,This creator makes the outfit feel realistic and local.,test product bundles
SENT-00270,CAMP-0078,Street Utility Edit 078,Resort Neutrals,Product reviews,Occasionwear shoppers,Mbombela,Positive,77,fresh colour palette,The styling is strong but the price feels a bit high.,use more local creators
SENT-00271,CAMP-0001,Denim Revival 001,Summer Crochet Edit,Store feedback,Conscious shoppers,Mbombela,Positive,90,relatable campaign,This creator makes the outfit feel realistic and local.,add styling guide
SENT-00272,CAMP-0096,Back to Campus Fits 096,Street Smart Athleisure,Website feedback,Young working adults,Kimberley,Positive,69,good outfit inspiration,This creator makes the outfit feel realistic and local.,add entry-level price point
SENT-00273,CAMP-0118,Denim Revival 118,Back to Campus Fits,Product reviews,Holiday shoppers,Cape Town,Positive,92,relatable campaign,Please show more sizes and different body types.,increase creator video content
SENT-00274,CAMP-0117,Active Street Drop 117,Soft Tailoring Basics,Social listening,Young working adults,Bloemfontein,Negative,13,quality concern,Great for campus and weekend looks.,add styling guide
SENT-00275,CAMP-0119,Denim Revival 119,Relaxed Cargo Denim,Customer survey,Holiday shoppers,Mbombela,Positive,67,local creators,I would buy this if there were more colours available.,improve size communication
SENT-00276,CAMP-0081,Street Utility Edit 081,Affordable Quiet Luxury,Product reviews,Occasionwear shoppers,Gqeberha,Neutral,64,affordable styling,This creator makes the outfit feel realistic and local.,adjust message before scale
SENT-00277,CAMP-0019,Festival Fits 019,Festival Street Style,Product reviews,Conscious shoppers,Johannesburg,Positive,72,relatable campaign,I would buy this if there were more colours available.,add entry-level price point
SENT-00278,CAMP-0083,Festival Fits 083,Y2K Streetwear,Email response,Young working adults,Kimberley,Neutral,47,easy to wear basics,The campaign looks nice but I need more quality details.,use more local creators
SENT-00279,CAMP-0113,Back to Campus Fits 113,Soft Tailoring Basics,Email response,Young professionals,Gqeberha,Positive,84,easy to wear basics,The campaign looks nice but I need more quality details.,test product bundles
SENT-00280,CAMP-0085,Coastal Summer Linen 085,Bold Graphic Tees,Website feedback,Young professionals,Polokwane,Negative,15,delivery issue,Love how wearable this looks for everyday outfits.,adjust message before scale
SENT-00281,CAMP-0074,Campus Sneaker Culture 074,Resort Neutrals,Product reviews,Young professionals,Gqeberha,Negative,23,quality concern,Great for campus and weekend looks.,add styling guide
SENT-00282,CAMP-0090,Back to Campus Fits 090,Earth Tone Basics,Social listening,Conscious shoppers,Johannesburg,Positive,71,local creators,Love how wearable this looks for everyday outfits.,increase creator video content
SENT-00283,CAMP-0090,Back to Campus Fits 090,Earth Tone Basics,Website feedback,Conscious shoppers,Polokwane,Positive,75,good outfit inspiration,The styling is strong but the price feels a bit high.,improve size communication
SENT-00284,CAMP-0024,Denim Revival 024,Earth Tone Basics,Social listening,Holiday shoppers,Durban,Neutral,61,good outfit inspiration,Love how wearable this looks for everyday outfits.,add styling guide
SENT-00285,CAMP-0073,Campus Sneaker Culture 073,Campus Sneaker Culture,Customer survey,Sneaker culture audience,Johannesburg,Negative,21,size inclusivity,I would buy this if there were more colours available.,increase creator video content
SENT-00286,CAMP-0025,Denim Revival 025,Heritage Style Drop,Email response,Gen Z students,Mbombela,Positive,71,easy to wear basics,I would buy this if there were more colours available.,adjust message before scale
SENT-00287,CAMP-0022,Denim Revival 022,Earth Tone Basics,Email response,Budget-conscious families,Pretoria,Positive,82,affordable styling,Love how wearable this looks for everyday outfits.,improve size communication
SENT-00288,CAMP-0004,Denim Revival 004,Sustainable Denim Capsule,Social listening,Sneaker culture audience,Pretoria,Neutral,45,price concern,Love how wearable this looks for everyday outfits.,improve size communication
SENT-00289,CAMP-0097,Denim Revival 097,Soft Tailoring Basics,Instagram comments,Occasionwear shoppers,Pretoria,Negative,23,fit uncertainty,The campaign looks nice but I need more quality details.,increase creator video content
SENT-00290,CAMP-0001,Denim Revival 001,Summer Crochet Edit,Website feedback,Conscious shoppers,Mbombela,Positive,95,relatable campaign,I would buy this if there were more colours available.,improve size communication
SENT-00291,CAMP-0078,Street Utility Edit 078,Resort Neutrals,Store feedback,Occasionwear shoppers,Bloemfontein,Positive,80,fresh colour palette,Please show more sizes and different body types.,adjust message before scale
SENT-00292,CAMP-0052,Quiet Luxury Basics 052,Festival Street Style,Store feedback,Young professionals,Bloemfontein,Positive,71,affordable styling,Love how wearable this looks for everyday outfits.,add styling guide
SENT-00293,CAMP-0112,Street Utility Edit 112,Weekend Travel Fits,Product reviews,Campus shoppers,Johannesburg,Neutral,64,delivery issue,Love how wearable this looks for everyday outfits.,increase creator video content
SENT-00294,CAMP-0068,Denim Revival 068,Oversized Knitwear,Customer survey,Young professionals,Bloemfontein,Positive,93,strong streetwear look,The campaign looks nice but I need more quality details.,adjust message before scale
SENT-00295,CAMP-0085,Coastal Summer Linen 085,Bold Graphic Tees,Email response,Young professionals,Cape Town,Negative,10,delivery issue,Great for campus and weekend looks.,increase creator video content
SENT-00296,CAMP-0042,Street Utility Edit 042,Relaxed Cargo Denim,Instagram comments,Fashion-forward youth,Bloemfontein,Positive,93,fresh colour palette,The styling is strong but the price feels a bit high.,test product bundles
SENT-00297,CAMP-0063,Heritage Style Drop 063,Minimalist Basics,TikTok reactions,Sneaker culture audience,Bloemfontein,Positive,92,relatable campaign,This creator makes the outfit feel realistic and local.,adjust message before scale
SENT-00298,CAMP-0110,Quiet Luxury Basics 110,Elevated Basics,Email response,Sneaker culture audience,Gqeberha,Neutral,64,local creators,The styling is strong but the price feels a bit high.,adjust message before scale
SENT-00299,CAMP-0019,Festival Fits 019,Festival Street Style,Instagram comments,Conscious shoppers,Durban,Negative,41,delivery issue,I would buy this if there were more colours available.,add entry-level price point
SENT-00300,CAMP-0039,Heritage Style Drop 039,Denim Revival,Social listening,Sneaker culture audience,Durban,Negative,38,delivery issue,Love how wearable this looks for everyday outfits.,add styling guide
