opportunity_id,opportunity_name,source_trend_id,source_trend,season,customer_segment,product_category,recommended_campaign,collaborator_type_needed,forecasted_revenue_opportunity_zar_m,roi_potential_pct,sentiment_confidence_pct,risk_level,recommended_next_action,financial_growth_lever,heps_support_lever
GROW-0001,Soft Tailoring Basics Growth Opportunity,TREND-0074,Soft Tailoring Basics,Black Friday,Campus shoppers,Tops,creator-led launch,Model,10.12,197,59,Low,prepare executive review,reduced markdown risk,margin improvement
GROW-0002,Campus Sneaker Culture Growth Opportunity,TREND-0122,Campus Sneaker Culture,Heritage Month,Budget-conscious families,Tops,campus activation,Videographer,13.82,165,91,Low,run sentiment test,better campaign ROI,margin improvement
GROW-0003,Back to Campus Fits Growth Opportunity,TREND-0192,Back to Campus Fits,Summer,Fashion-forward youth,Occasionwear,regional store activation,Stylist,12.85,237,67,Medium,shortlist collaborators,margin protection,customer growth
GROW-0004,Minimalist Basics Growth Opportunity,TREND-0062,Minimalist Basics,Black Friday,Conscious shoppers,Bottoms,campus activation,Stylist,12.23,168,67,High,shortlist collaborators,better campaign ROI,sell-through improvement
GROW-0005,Utility Cargo Streetwear Growth Opportunity,TREND-0092,Utility Cargo Streetwear,Heritage Month,Conscious shoppers,Tops,capsule test,Community creator,2.63,137,62,Low,create campaign brief,improved sell-through,customer growth
GROW-0006,Monochrome Essentials Growth Opportunity,TREND-0170,Monochrome Essentials,Spring,Conscious shoppers,Dresses,TikTok styling challenge,Illustrator,15.36,111,89,Low,create campaign brief,reduced markdown risk,markdown risk reduction
GROW-0007,Affordable Occasionwear Growth Opportunity,TREND-0096,Affordable Occasionwear,Summer,Sneaker culture audience,Accessories,homepage edit,Videographer,2.15,236,91,Medium,run sentiment test,better campaign ROI,markdown risk reduction
GROW-0008,Minimalist Basics Growth Opportunity,TREND-0047,Minimalist Basics,Back to Campus,Campus shoppers,Denim,homepage edit,Photographer,16.23,211,69,High,prepare executive review,customer acquisition,margin improvement
GROW-0009,Tech Utility Jackets Growth Opportunity,TREND-0014,Tech Utility Jackets,Autumn,Gen Z students,Dresses,homepage edit,Community creator,13.69,218,85,Low,prepare executive review,reduced markdown risk,revenue uplift
GROW-0010,Heritage Style Drop Growth Opportunity,TREND-0129,Heritage Style Drop,Autumn,Gen Z students,Occasionwear,campus activation,Model,8.33,154,84,Low,create campaign brief,customer acquisition,customer growth
GROW-0011,Elevated Basics Growth Opportunity,TREND-0133,Elevated Basics,Winter,Young professionals,Tops,TikTok styling challenge,Videographer,13.86,112,55,Low,pilot in selected regions,revenue growth,margin improvement
GROW-0012,Heritage Style Drop Growth Opportunity,TREND-0098,Heritage Style Drop,Black Friday,Sneaker culture audience,Dresses,homepage edit,Micro-influencer,13.57,193,78,Low,prepare executive review,margin protection,marketing ROI improvement
GROW-0013,Back to Campus Fits Growth Opportunity,TREND-0048,Back to Campus Fits,Back to Campus,Occasionwear shoppers,Occasionwear,homepage edit,Photographer,15.89,170,72,Low,forecast product demand,better campaign ROI,sell-through improvement
GROW-0014,Local Culture Prints Growth Opportunity,TREND-0088,Local Culture Prints,Heritage Month,Campus shoppers,Footwear,campus activation,Designer,8.56,237,82,High,shortlist collaborators,revenue growth,markdown risk reduction
GROW-0015,Campus Sneaker Culture Growth Opportunity,TREND-0180,Campus Sneaker Culture,Graduation/Occasionwear,Holiday shoppers,Tops,campus activation,Videographer,9.92,212,72,High,forecast product demand,revenue growth,margin improvement
GROW-0016,Campus Sneaker Culture Growth Opportunity,TREND-0147,Campus Sneaker Culture,Back to Campus,Budget-conscious families,Bottoms,capsule test,Illustrator,6.6,168,61,High,pilot in selected regions,better campaign ROI,marketing ROI improvement
GROW-0017,Oversized Knitwear Growth Opportunity,TREND-0206,Oversized Knitwear,Back to Campus,Young professionals,Denim,capsule test,Content creator,9.83,220,79,Medium,shortlist collaborators,customer acquisition,margin improvement
GROW-0018,Street Smart Athleisure Growth Opportunity,TREND-0205,Street Smart Athleisure,Autumn,Sneaker culture audience,Footwear,regional store activation,Designer,2.72,231,55,Low,shortlist collaborators,improved sell-through,markdown risk reduction
GROW-0019,Resort Neutrals Growth Opportunity,TREND-0128,Resort Neutrals,Summer,Young working adults,Basics,capsule test,Creative director,14.23,242,89,High,pilot in selected regions,improved sell-through,marketing ROI improvement
GROW-0020,Local Culture Prints Growth Opportunity,TREND-0202,Local Culture Prints,Autumn,Sneaker culture audience,Activewear,TikTok styling challenge,Photographer,15.26,174,90,High,prepare executive review,revenue growth,revenue uplift
GROW-0021,Summer Crochet Edit Growth Opportunity,TREND-0102,Summer Crochet Edit,Autumn,Campus shoppers,Accessories,creator-led launch,Campus ambassador,13.1,151,58,High,shortlist collaborators,better campaign ROI,marketing ROI improvement
GROW-0022,Campus Sneaker Culture Growth Opportunity,TREND-0122,Campus Sneaker Culture,Heritage Month,Budget-conscious families,Tops,regional store activation,Micro-influencer,13.82,225,76,Low,run sentiment test,better campaign ROI,marketing ROI improvement
GROW-0023,Campus Sneaker Culture Growth Opportunity,TREND-0093,Campus Sneaker Culture,Spring,Young working adults,Denim,homepage edit,Content creator,10.35,175,77,Low,create campaign brief,margin protection,markdown risk reduction
GROW-0024,Affordable Occasionwear Growth Opportunity,TREND-0032,Affordable Occasionwear,Holiday/Festive,Young working adults,Accessories,campus activation,Creative director,6.02,265,67,Medium,prepare executive review,margin protection,sell-through improvement
GROW-0025,Soft Tailoring Basics Growth Opportunity,TREND-0167,Soft Tailoring Basics,Heritage Month,Campus shoppers,Footwear,regional store activation,Content creator,5.73,154,73,Medium,run sentiment test,improved sell-through,marketing ROI improvement
GROW-0026,Festival Street Style Growth Opportunity,TREND-0173,Festival Street Style,Black Friday,Conscious shoppers,Dresses,homepage edit,Fashion student,12.69,224,60,Medium,forecast product demand,better campaign ROI,sell-through improvement
GROW-0027,Soft Tailoring Basics Growth Opportunity,TREND-0074,Soft Tailoring Basics,Black Friday,Campus shoppers,Tops,TikTok styling challenge,Creative director,10.12,147,65,Low,pilot in selected regions,reduced markdown risk,marketing ROI improvement
GROW-0028,Monochrome Essentials Growth Opportunity,TREND-0108,Monochrome Essentials,Heritage Month,Budget-conscious families,Footwear,regional store activation,Illustrator,12.18,256,80,High,create campaign brief,better campaign ROI,revenue uplift
GROW-0029,Relaxed Cargo Denim Growth Opportunity,TREND-0042,Relaxed Cargo Denim,Heritage Month,Holiday shoppers,Dresses,campus activation,Stylist,13.68,190,75,Low,pilot in selected regions,reduced markdown risk,marketing ROI improvement
GROW-0030,Relaxed Cargo Denim Growth Opportunity,TREND-0182,Relaxed Cargo Denim,Winter,Holiday shoppers,Bottoms,campus activation,Illustrator,14.77,275,80,Medium,run sentiment test,improved sell-through,markdown risk reduction
GROW-0031,Street Smart Athleisure Growth Opportunity,TREND-0200,Street Smart Athleisure,Heritage Month,Young working adults,Outerwear,campus activation,Campus ambassador,10.01,260,88,High,forecast product demand,better campaign ROI,markdown risk reduction
GROW-0032,Soft Tailoring Basics Growth Opportunity,TREND-0043,Soft Tailoring Basics,Holiday/Festive,Holiday shoppers,Tops,capsule test,Influencer,15.54,142,70,High,pilot in selected regions,customer acquisition,marketing ROI improvement
GROW-0033,Utility Cargo Streetwear Growth Opportunity,TREND-0191,Utility Cargo Streetwear,Autumn,Fashion-forward youth,Activewear,regional store activation,Campus ambassador,12.5,130,68,High,shortlist collaborators,improved sell-through,markdown risk reduction
GROW-0034,Weekend Travel Fits Growth Opportunity,TREND-0027,Weekend Travel Fits,Heritage Month,Gen Z students,Outerwear,creator-led launch,Micro-influencer,13.41,231,90,Medium,create campaign brief,better campaign ROI,revenue uplift
GROW-0035,Oversized Knitwear Growth Opportunity,TREND-0198,Oversized Knitwear,Black Friday,Young professionals,Basics,TikTok styling challenge,Content creator,9.81,131,61,Low,run sentiment test,improved sell-through,sell-through improvement
GROW-0036,Sustainable Denim Capsule Growth Opportunity,TREND-0040,Sustainable Denim Capsule,Winter,Budget-conscious families,Accessories,creator-led launch,Creative director,12.22,209,74,Low,shortlist collaborators,reduced markdown risk,margin improvement
GROW-0037,Summer Crochet Edit Growth Opportunity,TREND-0189,Summer Crochet Edit,Winter,Young professionals,Denim,campus activation,Fashion student,16.3,270,63,High,shortlist collaborators,improved sell-through,sell-through improvement
GROW-0038,Tech Utility Jackets Growth Opportunity,TREND-0215,Tech Utility Jackets,Graduation/Occasionwear,Gen Z students,Accessories,capsule test,Influencer,8.04,118,77,Medium,run sentiment test,better campaign ROI,markdown risk reduction
GROW-0039,Tech Utility Jackets Growth Opportunity,TREND-0120,Tech Utility Jackets,Graduation/Occasionwear,Young working adults,Outerwear,homepage edit,Photographer,9.13,250,83,Low,shortlist collaborators,improved sell-through,customer growth
GROW-0040,Tech Utility Jackets Growth Opportunity,TREND-0139,Tech Utility Jackets,Black Friday,Gen Z students,Accessories,capsule test,Illustrator,13.34,262,84,Medium,pilot in selected regions,margin protection,customer growth
GROW-0041,Winter Layering Essentials Growth Opportunity,TREND-0163,Winter Layering Essentials,Summer,Young professionals,Basics,homepage edit,Model,7.64,244,89,Low,run sentiment test,better campaign ROI,marketing ROI improvement
GROW-0042,Retro Sport Luxe Growth Opportunity,TREND-0124,Retro Sport Luxe,Graduation/Occasionwear,Holiday shoppers,Tops,homepage edit,Stylist,13.7,132,83,Low,run sentiment test,improved sell-through,marketing ROI improvement
GROW-0043,Bold Graphic Tees Growth Opportunity,TREND-0106,Bold Graphic Tees,Back to Campus,Fashion-forward youth,Occasionwear,campus activation,Designer,6.58,187,55,Low,create campaign brief,better campaign ROI,sell-through improvement
GROW-0044,Bold Graphic Tees Growth Opportunity,TREND-0209,Bold Graphic Tees,Autumn,Gen Z students,Accessories,capsule test,Videographer,2.65,183,85,High,prepare executive review,reduced markdown risk,revenue uplift
GROW-0045,Earth Tone Basics Growth Opportunity,TREND-0177,Earth Tone Basics,Winter,Young professionals,Activewear,TikTok styling challenge,Community creator,7.03,232,74,High,create campaign brief,margin protection,markdown risk reduction
GROW-0046,Street Smart Athleisure Growth Opportunity,TREND-0205,Street Smart Athleisure,Autumn,Sneaker culture audience,Footwear,campus activation,Illustrator,2.72,169,55,Low,prepare executive review,improved sell-through,marketing ROI improvement
GROW-0047,Summer Crochet Edit Growth Opportunity,TREND-0049,Summer Crochet Edit,Autumn,Occasionwear shoppers,Bottoms,TikTok styling challenge,Content creator,9.51,221,80,High,shortlist collaborators,reduced markdown risk,margin improvement
GROW-0048,Earth Tone Basics Growth Opportunity,TREND-0184,Earth Tone Basics,Black Friday,Campus shoppers,Tops,regional store activation,Creative director,15.82,209,79,High,shortlist collaborators,revenue growth,marketing ROI improvement
GROW-0049,Retro Sport Luxe Growth Opportunity,TREND-0021,Retro Sport Luxe,Back to Campus,Budget-conscious families,Denim,TikTok styling challenge,Creative director,14.92,171,88,Medium,prepare executive review,customer acquisition,customer growth
GROW-0050,Utility Cargo Streetwear Growth Opportunity,TREND-0176,Utility Cargo Streetwear,Autumn,Young professionals,Bottoms,campus activation,Photographer,11.9,276,89,High,run sentiment test,customer acquisition,markdown risk reduction
GROW-0051,Summer Crochet Edit Growth Opportunity,TREND-0049,Summer Crochet Edit,Autumn,Occasionwear shoppers,Bottoms,creator-led launch,Designer,9.51,144,73,High,create campaign brief,reduced markdown risk,customer growth
GROW-0052,Resort Neutrals Growth Opportunity,TREND-0117,Resort Neutrals,Graduation/Occasionwear,Sneaker culture audience,Accessories,homepage edit,Fashion student,7.02,179,94,Medium,forecast product demand,customer acquisition,margin improvement
GROW-0053,Summer Crochet Edit Growth Opportunity,TREND-0083,Summer Crochet Edit,Summer,Occasionwear shoppers,Footwear,creator-led launch,Designer,13.3,122,89,Low,create campaign brief,margin protection,margin improvement
GROW-0054,Weekend Travel Fits Growth Opportunity,TREND-0027,Weekend Travel Fits,Heritage Month,Gen Z students,Outerwear,campus activation,Photographer,13.41,142,83,Medium,pilot in selected regions,better campaign ROI,revenue uplift
GROW-0055,Affordable Occasionwear Growth Opportunity,TREND-0060,Affordable Occasionwear,Spring,Sneaker culture audience,Outerwear,creator-led launch,Designer,5.84,113,86,High,shortlist collaborators,better campaign ROI,marketing ROI improvement
GROW-0056,Monochrome Essentials Growth Opportunity,TREND-0108,Monochrome Essentials,Heritage Month,Budget-conscious families,Footwear,campus activation,Community creator,12.18,237,78,High,forecast product demand,better campaign ROI,customer growth
GROW-0057,Weekend Travel Fits Growth Opportunity,TREND-0203,Weekend Travel Fits,Graduation/Occasionwear,Occasionwear shoppers,Dresses,creator-led launch,Videographer,15.69,130,64,Medium,create campaign brief,better campaign ROI,marketing ROI improvement
GROW-0058,Retro Sport Luxe Growth Opportunity,TREND-0199,Retro Sport Luxe,Heritage Month,Budget-conscious families,Basics,TikTok styling challenge,Micro-influencer,3.52,249,85,Low,shortlist collaborators,improved sell-through,margin improvement
GROW-0059,Earth Tone Basics Growth Opportunity,TREND-0216,Earth Tone Basics,Back to Campus,Budget-conscious families,Occasionwear,campus activation,Model,2.35,113,62,High,pilot in selected regions,customer acquisition,margin improvement
GROW-0060,Active Street Growth Opportunity,TREND-0099,Active Street,Black Friday,Holiday shoppers,Footwear,TikTok styling challenge,Stylist,6.08,118,67,Medium,forecast product demand,reduced markdown risk,customer growth
GROW-0061,Oversized Knitwear Growth Opportunity,TREND-0198,Oversized Knitwear,Black Friday,Young professionals,Basics,creator-led launch,Content creator,9.81,280,68,Low,forecast product demand,improved sell-through,markdown risk reduction
GROW-0062,Soft Tailoring Basics Growth Opportunity,TREND-0175,Soft Tailoring Basics,Spring,Young professionals,Tops,campus activation,Videographer,5.91,150,57,High,pilot in selected regions,improved sell-through,sell-through improvement
GROW-0063,Weekend Travel Fits Growth Opportunity,TREND-0134,Weekend Travel Fits,Summer,Campus shoppers,Outerwear,creator-led launch,Photographer,16.63,233,74,High,shortlist collaborators,better campaign ROI,marketing ROI improvement
GROW-0064,Tech Utility Jackets Growth Opportunity,TREND-0014,Tech Utility Jackets,Autumn,Gen Z students,Dresses,regional store activation,Stylist,13.69,138,70,Low,pilot in selected regions,reduced markdown risk,markdown risk reduction
GROW-0065,Y2K Streetwear Growth Opportunity,TREND-0084,Y2K Streetwear,Winter,Young working adults,Occasionwear,creator-led launch,Designer,6.02,180,92,Medium,create campaign brief,margin protection,markdown risk reduction
GROW-0066,Weekend Travel Fits Growth Opportunity,TREND-0203,Weekend Travel Fits,Graduation/Occasionwear,Occasionwear shoppers,Dresses,capsule test,Influencer,15.69,120,92,Medium,pilot in selected regions,better campaign ROI,markdown risk reduction
GROW-0067,Earth Tone Basics Growth Opportunity,TREND-0177,Earth Tone Basics,Winter,Young professionals,Activewear,homepage edit,Designer,7.03,205,60,High,shortlist collaborators,margin protection,margin improvement
GROW-0068,Resort Neutrals Growth Opportunity,TREND-0128,Resort Neutrals,Summer,Young working adults,Basics,creator-led launch,Creative director,14.23,268,76,High,pilot in selected regions,improved sell-through,revenue uplift
GROW-0069,Bold Graphic Tees Growth Opportunity,TREND-0016,Bold Graphic Tees,Black Friday,Young professionals,Tops,campus activation,Creative director,15.28,149,89,Low,create campaign brief,reduced markdown risk,margin improvement
GROW-0070,Back to Campus Fits Growth Opportunity,TREND-0125,Back to Campus Fits,Autumn,Sneaker culture audience,Basics,capsule test,Videographer,13.1,252,77,Medium,forecast product demand,reduced markdown risk,customer growth
GROW-0071,Affordable Quiet Luxury Growth Opportunity,TREND-0050,Affordable Quiet Luxury,Heritage Month,Campus shoppers,Basics,creator-led launch,Campus ambassador,12.23,206,77,Medium,pilot in selected regions,customer acquisition,margin improvement
GROW-0072,Utility Cargo Streetwear Growth Opportunity,TREND-0065,Utility Cargo Streetwear,Heritage Month,Campus shoppers,Occasionwear,creator-led launch,Fashion student,2.62,222,90,High,run sentiment test,better campaign ROI,sell-through improvement
GROW-0073,Festival Street Style Growth Opportunity,TREND-0179,Festival Street Style,Holiday/Festive,Sneaker culture audience,Basics,TikTok styling challenge,Stylist,12.38,255,66,Medium,prepare executive review,revenue growth,marketing ROI improvement
GROW-0074,Summer Crochet Edit Growth Opportunity,TREND-0083,Summer Crochet Edit,Summer,Occasionwear shoppers,Footwear,regional store activation,Fashion student,13.3,180,93,Low,prepare executive review,margin protection,margin improvement
GROW-0075,Utility Cargo Streetwear Growth Opportunity,TREND-0018,Utility Cargo Streetwear,Black Friday,Sneaker culture audience,Bottoms,homepage edit,Designer,16.19,225,73,Low,run sentiment test,margin protection,sell-through improvement
GROW-0076,Workwear Remix Growth Opportunity,TREND-0094,Workwear Remix,Back to Campus,Budget-conscious families,Occasionwear,TikTok styling challenge,Influencer,3.26,273,87,Medium,forecast product demand,margin protection,customer growth
GROW-0077,Back to Campus Fits Growth Opportunity,TREND-0048,Back to Campus Fits,Back to Campus,Occasionwear shoppers,Occasionwear,creator-led launch,Illustrator,15.89,203,94,Low,shortlist collaborators,better campaign ROI,marketing ROI improvement
GROW-0078,Winter Layering Essentials Growth Opportunity,TREND-0185,Winter Layering Essentials,Autumn,Young working adults,Dresses,creator-led launch,Creative director,10.53,247,79,High,shortlist collaborators,reduced markdown risk,sell-through improvement
GROW-0079,Soft Tailoring Basics Growth Opportunity,TREND-0175,Soft Tailoring Basics,Spring,Young professionals,Tops,TikTok styling challenge,Community creator,5.91,251,64,High,prepare executive review,improved sell-through,marketing ROI improvement
GROW-0080,Summer Crochet Edit Growth Opportunity,TREND-0083,Summer Crochet Edit,Summer,Occasionwear shoppers,Footwear,TikTok styling challenge,Creative director,13.3,192,62,Low,create campaign brief,margin protection,sell-through improvement
GROW-0081,Earth Tone Basics Growth Opportunity,TREND-0169,Earth Tone Basics,Spring,Gen Z students,Tops,creator-led launch,Influencer,12.39,143,66,Low,create campaign brief,better campaign ROI,margin improvement
GROW-0082,Soft Tailoring Basics Growth Opportunity,TREND-0028,Soft Tailoring Basics,Summer,Young professionals,Tops,TikTok styling challenge,Stylist,6.65,135,57,Low,prepare executive review,improved sell-through,customer growth
GROW-0083,Tech Utility Jackets Growth Opportunity,TREND-0215,Tech Utility Jackets,Graduation/Occasionwear,Gen Z students,Accessories,TikTok styling challenge,Creative director,8.04,235,88,Medium,prepare executive review,better campaign ROI,customer growth
GROW-0084,Colour Pop Accessories Growth Opportunity,TREND-0152,Colour Pop Accessories,Holiday/Festive,Holiday shoppers,Dresses,campus activation,Influencer,9.23,203,69,Low,prepare executive review,improved sell-through,customer growth
GROW-0085,Affordable Quiet Luxury Growth Opportunity,TREND-0019,Affordable Quiet Luxury,Spring,Occasionwear shoppers,Occasionwear,creator-led launch,Stylist,2.48,277,86,High,create campaign brief,margin protection,markdown risk reduction
GROW-0086,Oversized Knitwear Growth Opportunity,TREND-0206,Oversized Knitwear,Back to Campus,Young professionals,Denim,regional store activation,Influencer,9.83,202,90,Medium,pilot in selected regions,customer acquisition,markdown risk reduction
GROW-0087,Campus Sneaker Culture Growth Opportunity,TREND-0211,Campus Sneaker Culture,Autumn,Budget-conscious families,Outerwear,campus activation,Community creator,5.88,124,94,Low,run sentiment test,better campaign ROI,sell-through improvement
GROW-0088,Tech Utility Jackets Growth Opportunity,TREND-0011,Tech Utility Jackets,Holiday/Festive,Young professionals,Tops,regional store activation,Micro-influencer,5.07,187,59,Low,shortlist collaborators,margin protection,sell-through improvement
GROW-0089,Workwear Remix Growth Opportunity,TREND-0025,Workwear Remix,Summer,Young working adults,Basics,creator-led launch,Campus ambassador,9.71,169,89,Medium,forecast product demand,margin protection,margin improvement
GROW-0090,Affordable Quiet Luxury Growth Opportunity,TREND-0050,Affordable Quiet Luxury,Heritage Month,Campus shoppers,Basics,homepage edit,Creative director,12.23,173,91,Medium,pilot in selected regions,customer acquisition,margin improvement
GROW-0091,Weekend Travel Fits Growth Opportunity,TREND-0143,Weekend Travel Fits,Back to Campus,Budget-conscious families,Bottoms,regional store activation,Content creator,13.58,216,61,High,pilot in selected regions,margin protection,sell-through improvement
GROW-0092,Utility Cargo Streetwear Growth Opportunity,TREND-0092,Utility Cargo Streetwear,Heritage Month,Conscious shoppers,Tops,regional store activation,Fashion student,2.63,280,82,Low,create campaign brief,improved sell-through,margin improvement
GROW-0093,Weekend Travel Fits Growth Opportunity,TREND-0203,Weekend Travel Fits,Graduation/Occasionwear,Occasionwear shoppers,Dresses,capsule test,Content creator,15.69,212,87,Medium,run sentiment test,better campaign ROI,customer growth
GROW-0094,Utility Cargo Streetwear Growth Opportunity,TREND-0041,Utility Cargo Streetwear,Spring,Holiday shoppers,Accessories,homepage edit,Illustrator,15.96,223,77,Low,run sentiment test,improved sell-through,sell-through improvement
GROW-0095,Y2K Streetwear Growth Opportunity,TREND-0084,Y2K Streetwear,Winter,Young working adults,Occasionwear,campus activation,Model,6.02,272,82,Medium,pilot in selected regions,margin protection,marketing ROI improvement
GROW-0096,Campus Sneaker Culture Growth Opportunity,TREND-0156,Campus Sneaker Culture,Back to Campus,Campus shoppers,Basics,capsule test,Illustrator,1.91,249,68,Low,forecast product demand,customer acquisition,sell-through improvement
GROW-0097,Utility Cargo Streetwear Growth Opportunity,TREND-0191,Utility Cargo Streetwear,Autumn,Fashion-forward youth,Activewear,campus activation,Videographer,12.5,225,83,High,forecast product demand,improved sell-through,revenue uplift
GROW-0098,Workwear Remix Growth Opportunity,TREND-0186,Workwear Remix,Spring,Gen Z students,Footwear,creator-led launch,Photographer,4.85,262,56,High,prepare executive review,improved sell-through,margin improvement
GROW-0099,Earth Tone Basics Growth Opportunity,TREND-0078,Earth Tone Basics,Autumn,Holiday shoppers,Tops,creator-led launch,Photographer,8.12,166,68,High,run sentiment test,revenue growth,revenue uplift
GROW-0100,Oversized Knitwear Growth Opportunity,TREND-0198,Oversized Knitwear,Black Friday,Young professionals,Basics,regional store activation,Photographer,9.81,251,87,Low,prepare executive review,improved sell-through,sell-through improvement
GROW-0101,Campus Sneaker Culture Growth Opportunity,TREND-0147,Campus Sneaker Culture,Back to Campus,Budget-conscious families,Bottoms,capsule test,Micro-influencer,6.6,119,84,High,run sentiment test,better campaign ROI,margin improvement
GROW-0102,Resort Neutrals Growth Opportunity,TREND-0036,Resort Neutrals,Heritage Month,Occasionwear shoppers,Tops,campus activation,Videographer,8.91,259,70,Low,shortlist collaborators,reduced markdown risk,marketing ROI improvement
GROW-0103,Coastal Summer Linen Growth Opportunity,TREND-0208,Coastal Summer Linen,Back to Campus,Young professionals,Accessories,campus activation,Micro-influencer,2.79,256,80,Low,prepare executive review,customer acquisition,margin improvement
GROW-0104,Street Smart Athleisure Growth Opportunity,TREND-0188,Street Smart Athleisure,Graduation/Occasionwear,Campus shoppers,Basics,creator-led launch,Campus ambassador,3.53,193,85,Medium,shortlist collaborators,margin protection,markdown risk reduction
GROW-0105,Affordable Occasionwear Growth Opportunity,TREND-0212,Affordable Occasionwear,Spring,Young professionals,Occasionwear,regional store activation,Campus ambassador,1.31,257,61,Medium,prepare executive review,improved sell-through,customer growth
GROW-0106,Summer Crochet Edit Growth Opportunity,TREND-0077,Summer Crochet Edit,Graduation/Occasionwear,Holiday shoppers,Bottoms,creator-led launch,Campus ambassador,14.81,257,79,Low,create campaign brief,better campaign ROI,revenue uplift
GROW-0107,Oversized Knitwear Growth Opportunity,TREND-0198,Oversized Knitwear,Black Friday,Young professionals,Basics,campus activation,Videographer,9.81,221,81,Low,create campaign brief,improved sell-through,margin improvement
GROW-0108,Back to Campus Fits Growth Opportunity,TREND-0192,Back to Campus Fits,Summer,Fashion-forward youth,Occasionwear,regional store activation,Illustrator,12.85,112,79,Medium,create campaign brief,margin protection,marketing ROI improvement
GROW-0109,Heritage Style Drop Growth Opportunity,TREND-0135,Heritage Style Drop,Holiday/Festive,Gen Z students,Accessories,creator-led launch,Videographer,3.14,248,91,Medium,shortlist collaborators,improved sell-through,marketing ROI improvement
GROW-0110,Heritage Style Drop Growth Opportunity,TREND-0129,Heritage Style Drop,Autumn,Gen Z students,Occasionwear,regional store activation,Stylist,8.33,149,58,Low,pilot in selected regions,customer acquisition,customer growth
GROW-0111,Denim Revival Growth Opportunity,TREND-0101,Denim Revival,Heritage Month,Gen Z students,Dresses,TikTok styling challenge,Community creator,6.69,262,91,High,prepare executive review,reduced markdown risk,revenue uplift
GROW-0112,Earth Tone Basics Growth Opportunity,TREND-0057,Earth Tone Basics,Holiday/Festive,Budget-conscious families,Basics,TikTok styling challenge,Photographer,3.17,210,64,Low,shortlist collaborators,margin protection,marketing ROI improvement
GROW-0113,Affordable Occasionwear Growth Opportunity,TREND-0022,Affordable Occasionwear,Graduation/Occasionwear,Gen Z students,Denim,TikTok styling challenge,Illustrator,5.87,122,90,High,forecast product demand,revenue growth,marketing ROI improvement
GROW-0114,Affordable Occasionwear Growth Opportunity,TREND-0022,Affordable Occasionwear,Graduation/Occasionwear,Gen Z students,Denim,TikTok styling challenge,Content creator,5.87,221,63,High,shortlist collaborators,revenue growth,markdown risk reduction
GROW-0115,Street Smart Athleisure Growth Opportunity,TREND-0144,Street Smart Athleisure,Black Friday,Gen Z students,Occasionwear,capsule test,Fashion student,6.96,211,91,High,shortlist collaborators,improved sell-through,sell-through improvement
GROW-0116,Street Smart Athleisure Growth Opportunity,TREND-0158,Street Smart Athleisure,Holiday/Festive,Sneaker culture audience,Basics,regional store activation,Content creator,4.31,173,70,High,create campaign brief,revenue growth,marketing ROI improvement
GROW-0117,Retro Sport Luxe Growth Opportunity,TREND-0199,Retro Sport Luxe,Heritage Month,Budget-conscious families,Basics,TikTok styling challenge,Videographer,3.52,257,60,Low,create campaign brief,improved sell-through,customer growth
GROW-0118,Bold Graphic Tees Growth Opportunity,TREND-0106,Bold Graphic Tees,Back to Campus,Fashion-forward youth,Occasionwear,TikTok styling challenge,Videographer,6.58,199,67,Low,run sentiment test,better campaign ROI,marketing ROI improvement
GROW-0119,Earth Tone Basics Growth Opportunity,TREND-0153,Earth Tone Basics,Winter,Young working adults,Denim,regional store activation,Influencer,14.68,188,65,Medium,run sentiment test,better campaign ROI,sell-through improvement
GROW-0120,Campus Sneaker Culture Growth Opportunity,TREND-0211,Campus Sneaker Culture,Autumn,Budget-conscious families,Outerwear,TikTok styling challenge,Illustrator,5.88,147,83,Low,create campaign brief,better campaign ROI,margin improvement
GROW-0121,Affordable Occasionwear Growth Opportunity,TREND-0052,Affordable Occasionwear,Heritage Month,Campus shoppers,Outerwear,regional store activation,Videographer,4.04,149,60,Low,create campaign brief,customer acquisition,customer growth
GROW-0122,Tech Utility Jackets Growth Opportunity,TREND-0014,Tech Utility Jackets,Autumn,Gen Z students,Dresses,capsule test,Illustrator,13.69,147,73,Low,create campaign brief,reduced markdown risk,marketing ROI improvement
GROW-0123,Summer Crochet Edit Growth Opportunity,TREND-0178,Summer Crochet Edit,Autumn,Sneaker culture audience,Tops,creator-led launch,Photographer,2.42,225,85,High,create campaign brief,customer acquisition,marketing ROI improvement
GROW-0124,Resort Neutrals Growth Opportunity,TREND-0054,Resort Neutrals,Summer,Young working adults,Footwear,regional store activation,Content creator,11.99,164,68,Medium,prepare executive review,customer acquisition,sell-through improvement
GROW-0125,Active Street Growth Opportunity,TREND-0193,Active Street,Back to Campus,Holiday shoppers,Activewear,campus activation,Content creator,6.01,233,94,Medium,pilot in selected regions,better campaign ROI,margin improvement
GROW-0126,Summer Crochet Edit Growth Opportunity,TREND-0178,Summer Crochet Edit,Autumn,Sneaker culture audience,Tops,regional store activation,Creative director,2.42,114,79,High,prepare executive review,customer acquisition,customer growth
GROW-0127,Heritage Style Drop Growth Opportunity,TREND-0135,Heritage Style Drop,Holiday/Festive,Gen Z students,Accessories,creator-led launch,Photographer,3.14,153,58,Medium,run sentiment test,improved sell-through,margin improvement
GROW-0128,Weekend Travel Fits Growth Opportunity,TREND-0203,Weekend Travel Fits,Graduation/Occasionwear,Occasionwear shoppers,Dresses,regional store activation,Illustrator,15.69,179,58,Medium,forecast product demand,better campaign ROI,customer growth
GROW-0129,Elevated Basics Growth Opportunity,TREND-0003,Elevated Basics,Summer,Campus shoppers,Dresses,creator-led launch,Model,4.49,279,72,High,pilot in selected regions,better campaign ROI,customer growth
GROW-0130,Campus Sneaker Culture Growth Opportunity,TREND-0093,Campus Sneaker Culture,Spring,Young working adults,Denim,creator-led launch,Influencer,10.35,184,79,Low,shortlist collaborators,margin protection,markdown risk reduction
GROW-0131,Retro Sport Luxe Growth Opportunity,TREND-0131,Retro Sport Luxe,Graduation/Occasionwear,Sneaker culture audience,Accessories,regional store activation,Micro-influencer,1.52,190,86,Medium,prepare executive review,better campaign ROI,sell-through improvement
GROW-0132,Campus Sneaker Culture Growth Opportunity,TREND-0023,Campus Sneaker Culture,Back to Campus,Conscious shoppers,Basics,capsule test,Stylist,4.38,238,84,High,prepare executive review,revenue growth,customer growth
GROW-0133,Resort Neutrals Growth Opportunity,TREND-0006,Resort Neutrals,Graduation/Occasionwear,Conscious shoppers,Outerwear,creator-led launch,Stylist,11.81,245,74,Low,run sentiment test,improved sell-through,markdown risk reduction
GROW-0134,Denim Revival Growth Opportunity,TREND-0101,Denim Revival,Heritage Month,Gen Z students,Dresses,regional store activation,Designer,6.69,114,77,High,pilot in selected regions,reduced markdown risk,marketing ROI improvement
GROW-0135,Bold Graphic Tees Growth Opportunity,TREND-0091,Bold Graphic Tees,Back to Campus,Gen Z students,Bottoms,regional store activation,Photographer,8.12,170,87,Low,run sentiment test,better campaign ROI,revenue uplift
GROW-0136,Active Street Growth Opportunity,TREND-0161,Active Street,Autumn,Holiday shoppers,Occasionwear,campus activation,Model,10.51,117,90,Medium,run sentiment test,revenue growth,margin improvement
GROW-0137,Elevated Basics Growth Opportunity,TREND-0039,Elevated Basics,Back to Campus,Sneaker culture audience,Dresses,campus activation,Model,5.48,278,63,Low,create campaign brief,improved sell-through,customer growth
GROW-0138,Heritage Style Drop Growth Opportunity,TREND-0098,Heritage Style Drop,Black Friday,Sneaker culture audience,Dresses,homepage edit,Creative director,13.57,266,69,Low,forecast product demand,margin protection,margin improvement
GROW-0139,Campus Sneaker Culture Growth Opportunity,TREND-0147,Campus Sneaker Culture,Back to Campus,Budget-conscious families,Bottoms,capsule test,Model,6.6,189,93,High,run sentiment test,better campaign ROI,markdown risk reduction
GROW-0140,Tech Utility Jackets Growth Opportunity,TREND-0139,Tech Utility Jackets,Black Friday,Gen Z students,Accessories,capsule test,Stylist,13.34,277,63,Medium,prepare executive review,margin protection,sell-through improvement
GROW-0141,Utility Cargo Streetwear Growth Opportunity,TREND-0176,Utility Cargo Streetwear,Autumn,Young professionals,Bottoms,capsule test,Designer,11.9,189,88,High,shortlist collaborators,customer acquisition,markdown risk reduction
GROW-0142,Oversized Knitwear Growth Opportunity,TREND-0198,Oversized Knitwear,Black Friday,Young professionals,Basics,capsule test,Creative director,9.81,254,65,Low,run sentiment test,improved sell-through,revenue uplift
GROW-0143,Weekend Travel Fits Growth Opportunity,TREND-0143,Weekend Travel Fits,Back to Campus,Budget-conscious families,Bottoms,homepage edit,Campus ambassador,13.58,140,66,High,run sentiment test,margin protection,margin improvement
GROW-0144,Tech Utility Jackets Growth Opportunity,TREND-0187,Tech Utility Jackets,Graduation/Occasionwear,Fashion-forward youth,Accessories,creator-led launch,Community creator,2.15,191,81,High,forecast product demand,improved sell-through,marketing ROI improvement
GROW-0145,Oversized Knitwear Growth Opportunity,TREND-0114,Oversized Knitwear,Back to Campus,Conscious shoppers,Activewear,regional store activation,Creative director,9.11,180,64,Medium,shortlist collaborators,improved sell-through,revenue uplift
GROW-0146,Oversized Knitwear Growth Opportunity,TREND-0034,Oversized Knitwear,Holiday/Festive,Young professionals,Bottoms,capsule test,Influencer,9.17,266,94,High,run sentiment test,better campaign ROI,sell-through improvement
GROW-0147,Denim Revival Growth Opportunity,TREND-0146,Denim Revival,Winter,Sneaker culture audience,Basics,homepage edit,Stylist,13.18,262,69,Low,shortlist collaborators,revenue growth,customer growth
GROW-0148,Festival Street Style Growth Opportunity,TREND-0007,Festival Street Style,Black Friday,Gen Z students,Bottoms,campus activation,Micro-influencer,16.36,232,63,Low,prepare executive review,better campaign ROI,sell-through improvement
GROW-0149,Winter Layering Essentials Growth Opportunity,TREND-0121,Winter Layering Essentials,Spring,Budget-conscious families,Basics,regional store activation,Creative director,14.37,205,66,Low,forecast product demand,improved sell-through,markdown risk reduction
GROW-0150,Campus Sneaker Culture Growth Opportunity,TREND-0122,Campus Sneaker Culture,Heritage Month,Budget-conscious families,Tops,capsule test,Designer,13.82,159,69,Low,create campaign brief,better campaign ROI,markdown risk reduction
GROW-0151,Resort Neutrals Growth Opportunity,TREND-0196,Resort Neutrals,Winter,Campus shoppers,Basics,creator-led launch,Photographer,8.82,215,69,High,pilot in selected regions,revenue growth,customer growth
GROW-0152,Affordable Occasionwear Growth Opportunity,TREND-0052,Affordable Occasionwear,Heritage Month,Campus shoppers,Outerwear,capsule test,Micro-influencer,4.04,155,83,Low,prepare executive review,customer acquisition,markdown risk reduction
GROW-0153,Earth Tone Basics Growth Opportunity,TREND-0177,Earth Tone Basics,Winter,Young professionals,Activewear,campus activation,Fashion student,7.03,173,82,High,forecast product demand,margin protection,revenue uplift
GROW-0154,Campus Sneaker Culture Growth Opportunity,TREND-0156,Campus Sneaker Culture,Back to Campus,Campus shoppers,Basics,regional store activation,Model,1.91,190,80,Low,prepare executive review,customer acquisition,customer growth
GROW-0155,Campus Sneaker Culture Growth Opportunity,TREND-0147,Campus Sneaker Culture,Back to Campus,Budget-conscious families,Bottoms,homepage edit,Content creator,6.6,244,57,High,prepare executive review,better campaign ROI,revenue uplift
GROW-0156,Retro Sport Luxe Growth Opportunity,TREND-0116,Retro Sport Luxe,Winter,Gen Z students,Denim,TikTok styling challenge,Influencer,16.53,172,88,Low,prepare executive review,better campaign ROI,markdown risk reduction
GROW-0157,Summer Crochet Edit Growth Opportunity,TREND-0189,Summer Crochet Edit,Winter,Young professionals,Denim,creator-led launch,Content creator,16.3,209,88,High,pilot in selected regions,improved sell-through,revenue uplift
GROW-0158,Summer Crochet Edit Growth Opportunity,TREND-0049,Summer Crochet Edit,Autumn,Occasionwear shoppers,Bottoms,campus activation,Fashion student,9.51,211,74,High,run sentiment test,reduced markdown risk,markdown risk reduction
GROW-0159,Soft Tailoring Basics Growth Opportunity,TREND-0043,Soft Tailoring Basics,Holiday/Festive,Holiday shoppers,Tops,TikTok styling challenge,Photographer,15.54,266,58,High,pilot in selected regions,customer acquisition,sell-through improvement
GROW-0160,Festival Street Style Growth Opportunity,TREND-0037,Festival Street Style,Graduation/Occasionwear,Young professionals,Denim,TikTok styling challenge,Creative director,15.51,225,60,Low,pilot in selected regions,customer acquisition,sell-through improvement
