Customer ID,Purchase Frequency 12M,Total Purchases 12M,Annual Monetary Value ZAR,Average Basket Value ZAR,Last Purchase Date,Days Since Last Purchase,Page Views 30D,Avg Time Spent Per Session Min,Top Viewed Category,Loyalty Tier,Points Earned 12M,Points Used 12M,Campaign Participation Rate,Email Open Rate,Click Through Rate,Negative Interactions 90D,Negative Interaction Type,Recent Activity 30D,Return Rate,Churn Risk Score,Preferred Categories,Preferred Price Band,Age Group,Region,Behavioural Segment,Primary Engagement Channel,Promotion Sensitivity Score,Predicted Next Purchase Days,Estimated CLV ZAR,Suggested RetailAI Action
MRP-CUST-0001,0,0,0,0,2026-04-02,125,3,4.1,Women Fashion,Bronze,0,0,0.188,0.178,0.003,1,Unsubscribed from email,Low,0.075,85,Basics | Men Fashion | Women Fashion,Mid,55+,Limpopo,Lapsed Customer,Email,43,73,609,Win-back journey with voucher on Basics
MRP-CUST-0002,15,18,20348,1130,2026-07-26,10,67,8,Women Fashion,Gold,21403,14890,0.688,0.764,0.174,0,None,High,0.042,5,Accessories | Women Fashion | Dresses,Budget,35-44,Eastern Cape,Fashion Explorer,Website,81,29,59866,Early access drop and trend-led lookbook for Accessories
MRP-CUST-0003,35,34,18482,544,2026-08-03,2,64,18.3,Denim,Gold,20054,12262,0.708,0.591,0.222,0,None,High,0.039,1,Women Fashion | Accessories | Denim,Mid,55+,Eastern Cape,Trend Enthusiast,Website,51,9,42975,Early access drop and trend-led lookbook for Women Fashion
MRP-CUST-0004,9,8,4325,541,2026-07-09,27,45,7.6,Women Fashion,Gold,4099,3203,0.39,0.343,0.208,1,Unsubscribed from email,Medium,0.035,27,Women Fashion | Basics | Denim,Budget,55+,Free State,Value Seeker,App Push,80,30,10674,Targeted promo on high-affinity budget and mid-price items
MRP-CUST-0005,16,18,24671,1371,2026-08-03,2,46,20.9,Activewear,Platinum,30790,14572,0.555,0.478,0.164,0,None,High,0.029,6,Sneakers | Footwear | Activewear,Premium,35-44,Free State,Sneaker Enthusiast,SMS,31,26,58898,Early access drop and trend-led lookbook for Sneakers
MRP-CUST-0006,18,20,17483,874,2026-07-31,5,92,15,Women Fashion,Silver,17827,11995,0.768,0.702,0.151,0,None,High,0.018,2,Beauty | Women Fashion | Accessories,Budget,35-44,Eastern Cape,Beauty Lover,Email,86,25,59792,Personalised cross-sell based on Beauty affinity
MRP-CUST-0007,10,8,16491,2061,2026-07-02,34,24,13.8,Basics,Gold,20319,16115,0.533,0.461,0.076,0,None,Medium,0.049,27,Baby | Basics | Homeware,Premium,18-24,Eastern Cape,Family Shopper,SMS,33,32,38864,"Bundle offer across kids, basics and home essentials"
MRP-CUST-0008,14,16,27150,1697,2026-07-29,7,63,7.1,Accessories,Gold,27342,7458,0.63,0.712,0.151,0,None,High,0.063,7,Denim | Women Fashion | Accessories,Premium,45-54,Free State,Trend Enthusiast,SMS,43,26,59349,Early access drop and trend-led lookbook for Denim
MRP-CUST-0009,35,36,20609,572,2026-07-23,13,87,13.1,Dresses,Platinum,23706,3257,0.876,0.72,0.261,0,None,High,0.023,1,Dresses | Women Fashion | Denim,Mid,18-24,North West,Trend Enthusiast,In-store,59,9,72683,Early access drop and trend-led lookbook for Dresses
MRP-CUST-0010,34,36,9483,263,2026-08-03,2,65,9.2,Accessories,Gold,11784,3089,0.634,0.63,0.178,0,None,High,0.028,1,Denim | Dresses | Accessories,Premium,25-34,Limpopo,Trend Enthusiast,SMS,43,11,26135,Early access drop and trend-led lookbook for Denim
MRP-CUST-0011,14,17,24766,1457,2026-07-28,8,65,8.1,Accessories,Platinum,19566,3886,0.457,0.318,0.147,0,None,High,0.023,13,Dresses | Accessories | Beauty,Budget,18-24,Free State,Premium Occasion Shopper,Website,72,26,42765,Personalised cross-sell based on Dresses affinity
MRP-CUST-0012,4,4,836,209,2026-02-16,170,7,1.6,Men Fashion,Bronze,657,144,0.045,0.026,0.026,1,Poor fit review,Low,0.061,87,Men Fashion | Basics | Footwear,Premium,55+,Limpopo,Lapsed Customer,In-store,17,65,1020,Win-back journey with voucher on Men Fashion
MRP-CUST-0013,16,19,5533,291,2026-07-28,8,52,8.5,Basics,Bronze,6203,1081,0.426,0.282,0.103,0,None,High,0.056,15,Kids Clothing | Denim | Basics,Budget,18-24,KwaZulu-Natal,Budget Basics Shopper,Website,72,21,11544,Personalised cross-sell based on Kids Clothing affinity
MRP-CUST-0014,16,14,3858,276,2026-07-24,12,74,5.2,Footwear,Silver,3038,2298,0.678,0.663,0.103,1,Refund issue,High,0.059,16,Denim | Footwear | Basics,Mid,18-24,Mpumalanga,Value Seeker,SMS,58,14,8390,Targeted promo on high-affinity budget and mid-price items
MRP-CUST-0015,45,43,27589,642,2026-07-28,8,97,21.6,Sneakers,Gold,32850,2293,0.759,0.797,0.365,0,None,High,0.049,1,Beauty | Sneakers | Women Fashion,Budget,25-34,Eastern Cape,Loyal Advocate,Social,86,10,96429,Personalised cross-sell based on Beauty affinity
MRP-CUST-0016,15,14,4187,299,2026-07-13,23,37,7.6,Basics,Gold,4562,3307,0.519,0.418,0.09,1,Poor fit review,Medium,0.065,26,Footwear | Basics | Women Fashion,Budget,35-44,Free State,Value Seeker,In-store,68,15,9359,Targeted promo on high-affinity budget and mid-price items
MRP-CUST-0017,5,6,5923,987,2026-07-16,20,26,2.4,Men Fashion,Bronze,5520,585,0.438,0.328,0.087,2,Poor fit review,Medium,0.102,40,Kids Clothing | Denim | Men Fashion,Premium,45-54,Limpopo,Budget Basics Shopper,In-store,36,58,11624,Personalised cross-sell based on Kids Clothing affinity
MRP-CUST-0018,27,30,21423,714,2026-07-31,5,73,12.3,Accessories,Platinum,23304,10695,0.713,0.758,0.195,1,Repeated cart abandonment,High,0.043,1,Dresses | Accessories | Women Fashion,Mid,25-34,Limpopo,Trend Enthusiast,SMS,56,8,78854,Early access drop and trend-led lookbook for Dresses
MRP-CUST-0019,14,12,8014,668,2026-07-29,7,92,13.9,Dresses,Gold,7991,1959,0.822,0.692,0.197,0,None,High,0.063,5,Dresses | Accessories | Denim,Budget,18-24,North West,Fashion Explorer,SMS,92,24,22629,Early access drop and trend-led lookbook for Dresses
MRP-CUST-0020,31,33,16897,512,2026-07-12,24,88,14,Accessories,Platinum,19951,8181,0.789,0.673,0.206,1,Refund issue,High,0.074,10,Denim | Women Fashion | Accessories,Mid,25-34,Limpopo,Fashion Explorer,App Push,56,10,51120,Early access drop and trend-led lookbook for Denim
MRP-CUST-0021,10,9,6971,775,2026-07-19,17,44,11.2,Basics,Silver,8131,2940,0.526,0.52,0.068,1,Poor fit review,Medium,0.059,26,Kids Clothing | Basics | Baby,Budget,45-54,Northern Cape,Family Shopper,Website,76,42,20474,"Bundle offer across kids, basics and home essentials"
MRP-CUST-0022,43,42,31998,762,2026-08-02,3,79,14.1,Women Fashion,Platinum,38710,32306,0.637,0.56,0.247,1,Low stock frustration,High,0.039,1,Women Fashion | Sneakers | Accessories,Premium,25-34,North West,Loyal Advocate,App Push,31,5,81345,Personalised cross-sell based on Women Fashion affinity
MRP-CUST-0023,20,20,10706,535,2026-07-26,10,78,4.7,Basics,Silver,12211,6977,0.487,0.327,0.156,1,Refund issue,High,0.036,16,Basics | Women Fashion | Footwear,Mid,25-34,North West,Value Seeker,Website,43,16,19548,Targeted promo on high-affinity budget and mid-price items
MRP-CUST-0024,19,18,14426,801,2026-07-26,10,69,12.4,Kids Clothing,Gold,13680,8509,0.515,0.608,0.074,1,Poor fit review,High,0.07,16,Kids Clothing | Basics | Homeware,Mid,18-24,Mpumalanga,Family Shopper,In-store,43,22,38065,"Bundle offer across kids, basics and home essentials"
MRP-CUST-0025,19,17,12089,711,2026-07-14,22,46,4.1,Women Fashion,Gold,13342,5315,0.48,0.467,0.149,1,Repeated cart abandonment,Medium,0.064,21,Footwear | Women Fashion | Denim,Mid,18-24,Limpopo,Value Seeker,Social,57,14,36794,Targeted promo on high-affinity budget and mid-price items
MRP-CUST-0026,22,24,14499,604,2026-07-09,27,41,5.3,Basics,Gold,14903,6904,0.524,0.569,0.084,1,Unsubscribed from email,Medium,0.054,21,Baby | Kids Clothing | Basics,Mid,45-54,North West,Family Shopper,Email,47,18,38944,"Bundle offer across kids, basics and home essentials"
MRP-CUST-0027,21,22,16972,771,2026-07-27,9,82,13.2,Accessories,Platinum,15027,3773,0.74,0.646,0.217,1,Unsubscribed from email,High,0.038,7,Women Fashion | Accessories | Denim,Budget,35-44,Northern Cape,Trend Enthusiast,In-store,79,12,53187,Early access drop and trend-led lookbook for Women Fashion
MRP-CUST-0028,11,15,7680,512,2026-07-15,21,34,8.2,Basics,Gold,8438,1274,0.316,0.383,0.152,0,None,Medium,0.098,21,Homeware | Kids Clothing | Basics,Budget,18-24,Limpopo,Family Shopper,Social,76,29,14469,"Bundle offer across kids, basics and home essentials"
MRP-CUST-0029,16,17,25113,1477,2026-08-03,2,41,9,Accessories,Platinum,26447,18052,0.672,0.75,0.311,0,None,High,0.026,1,Dresses | Accessories | Denim,Premium,35-44,Gauteng,Trend Enthusiast,In-store,36,28,94335,Early access drop and trend-led lookbook for Dresses
MRP-CUST-0030,6,10,13808,1381,2026-06-21,45,31,7.6,Footwear,Gold,15115,6437,0.372,0.328,0.114,0,None,Medium,0.02,34,Dresses | Beauty | Footwear,Budget,55+,Eastern Cape,Premium Occasion Shopper,Social,65,66,39665,Personalised cross-sell based on Dresses affinity
MRP-CUST-0031,21,24,13882,578,2026-07-28,8,53,7.9,Denim,Platinum,15191,9263,0.606,0.511,0.195,1,Late delivery complaint,High,0.042,10,Accessories | Denim | Dresses,Budget,18-24,KwaZulu-Natal,Trend Enthusiast,SMS,83,19,39139,Early access drop and trend-led lookbook for Accessories
MRP-CUST-0032,18,22,7679,349,2026-06-13,53,61,13.2,Dresses,Silver,9587,3822,0.448,0.502,0.187,1,Late delivery complaint,High,0.075,32,Beauty | Dresses | Footwear,Premium,35-44,Free State,Premium Occasion Shopper,In-store,25,16,19580,Personalised cross-sell based on Beauty affinity
MRP-CUST-0033,16,16,17270,1079,2026-07-26,10,49,19.6,Denim,Gold,17429,9552,0.757,0.6,0.233,1,Unsubscribed from email,High,0.041,11,Denim | Accessories | Dresses,Budget,45-54,KwaZulu-Natal,Trend Enthusiast,Email,78,29,43041,Early access drop and trend-led lookbook for Denim
MRP-CUST-0034,14,18,14841,824,2026-06-16,50,28,8.1,Beauty,Silver,15937,2759,0.263,0.305,0.137,0,None,Medium,0.048,32,Accessories | Beauty | Footwear,Premium,25-34,Northern Cape,Premium Occasion Shopper,Website,21,23,24805,Personalised cross-sell based on Accessories affinity
MRP-CUST-0035,19,17,8026,472,2026-07-05,31,39,14.3,Accessories,Gold,10028,4429,0.402,0.428,0.157,1,Unsubscribed from email,Medium,0.07,25,Baby | Accessories | Basics,Budget,25-34,Eastern Cape,Homeware Planner,In-store,76,17,16547,Personalised cross-sell based on Baby affinity
MRP-CUST-0036,21,19,9013,474,2026-07-11,25,55,10.3,Footwear,Silver,7328,6025,0.677,0.604,0.134,0,None,High,0.055,13,Footwear | Basics | Denim,Mid,25-34,KwaZulu-Natal,Value Seeker,Social,59,9,17292,Targeted promo on high-affinity budget and mid-price items
MRP-CUST-0037,18,18,19524,1085,2026-07-16,20,42,17.1,Dresses,Gold,23159,1823,0.723,0.724,0.273,1,Low stock frustration,Medium,0.058,11,Dresses | Accessories | Denim,Mid,18-24,North West,Fashion Explorer,SMS,49,23,58323,Early access drop and trend-led lookbook for Dresses
MRP-CUST-0038,24,22,26629,1210,2026-08-05,0,82,13,Sneakers,Gold,28086,9999,0.699,0.692,0.229,0,None,High,0.017,1,Sneakers | Accessories | Women Fashion,Premium,45-54,Limpopo,Loyal Advocate,Website,35,16,95207,Personalised cross-sell based on Sneakers affinity
MRP-CUST-0039,2,3,1715,572,2026-04-22,105,27,8.8,Men Fashion,Silver,1377,488,0.339,0.219,0.028,0,None,Medium,0.15,71,Basics | Homeware | Men Fashion,Budget,18-24,North West,Occasional Browser,App Push,74,140,2796,Reactivation campaign plus stock reminder for Basics
MRP-CUST-0040,17,19,18044,950,2026-07-29,7,56,14.1,Denim,Platinum,19364,5753,0.729,0.658,0.247,0,None,High,0.058,2,Accessories | Dresses | Denim,Budget,25-34,Western Cape,Fashion Explorer,In-store,82,17,46880,Early access drop and trend-led lookbook for Accessories
MRP-CUST-0041,11,13,11721,902,2026-07-14,22,71,5.8,Basics,Silver,13503,5734,0.722,0.57,0.173,1,Low stock frustration,High,0.065,22,Homeware | Accessories | Basics,Mid,18-24,Limpopo,Homeware Planner,In-store,63,27,34183,Personalised cross-sell based on Homeware affinity
MRP-CUST-0042,25,28,17590,628,2026-07-18,18,83,17.7,Dresses,Platinum,21242,4823,0.759,0.798,0.16,0,None,High,0.051,3,Women Fashion | Accessories | Dresses,Budget,18-24,Limpopo,Trend Enthusiast,Social,87,9,32633,Early access drop and trend-led lookbook for Women Fashion
MRP-CUST-0043,21,23,13445,585,2026-07-24,12,93,11.8,Accessories,Gold,15688,8511,0.841,0.801,0.265,0,None,High,0.064,1,Accessories | Women Fashion | Dresses,Mid,35-44,Northern Cape,Trend Enthusiast,Website,57,21,26704,Early access drop and trend-led lookbook for Accessories
MRP-CUST-0044,20,20,6909,345,2026-07-04,32,32,12.5,Footwear,Gold,6023,907,0.563,0.608,0.093,0,None,Medium,0.024,17,Denim | Basics | Footwear,Budget,55+,Gauteng,Value Seeker,App Push,75,14,12937,Targeted promo on high-affinity budget and mid-price items
MRP-CUST-0045,8,7,12350,1764,2026-07-15,21,69,5.9,Homeware,Bronze,10338,950,0.385,0.481,0.053,0,None,High,0.055,23,Accessories | Basics | Homeware,Budget,18-24,North West,Homeware Planner,In-store,77,53,29889,Personalised cross-sell based on Accessories affinity
MRP-CUST-0046,9,12,17332,1444,2026-07-14,22,49,10.8,Kids Clothing,Gold,19172,7761,0.411,0.291,0.19,1,Unsubscribed from email,Medium,0.078,28,Kids Clothing | Baby | Homeware,Budget,55+,Northern Cape,Family Shopper,App Push,82,40,35037,"Bundle offer across kids, basics and home essentials"
MRP-CUST-0047,29,30,6624,221,2026-07-14,22,42,14.4,Accessories,Silver,6338,4512,0.708,0.621,0.231,0,None,Medium,0.032,2,Dresses | Accessories | Beauty,Mid,45-54,KwaZulu-Natal,Beauty Lover,Email,54,10,13771,Personalised cross-sell based on Dresses affinity
MRP-CUST-0048,7,8,5082,635,2026-07-08,28,69,5.4,Baby,Gold,6202,2408,0.317,0.271,0.174,0,None,High,0.045,26,Homeware | Baby | Basics,Budget,25-34,KwaZulu-Natal,Homeware Planner,App Push,77,37,13251,Personalised cross-sell based on Homeware affinity
MRP-CUST-0049,11,9,15994,1777,2026-07-14,22,54,6.5,Accessories,Gold,18628,4917,0.5,0.4,0.123,0,None,High,0.057,21,Baby | Accessories | Basics,Mid,45-54,KwaZulu-Natal,Homeware Planner,SMS,45,41,40748,Personalised cross-sell based on Baby affinity
MRP-CUST-0050,10,8,23882,2985,2026-07-30,6,80,11.5,Women Fashion,Silver,19791,10771,0.618,0.53,0.18,0,None,High,0.073,11,Dresses | Denim | Women Fashion,Mid,55+,KwaZulu-Natal,Fashion Explorer,App Push,57,32,49620,Early access drop and trend-led lookbook for Dresses
MRP-CUST-0051,17,20,14916,746,2026-07-16,20,56,8.7,Footwear,Gold,18237,12107,0.584,0.428,0.111,0,None,High,0.021,16,Footwear | Denim | Women Fashion,Budget,25-34,Northern Cape,Value Seeker,In-store,82,14,34372,Targeted promo on high-affinity budget and mid-price items
MRP-CUST-0052,18,18,4680,260,2026-07-06,30,73,12.2,Basics,Gold,4456,2504,0.323,0.403,0.11,1,Refund issue,High,0.055,27,Basics | Homeware | Baby,Premium,18-24,Free State,Homeware Planner,Email,30,24,14158,Personalised cross-sell based on Basics affinity
MRP-CUST-0053,20,22,5788,263,2026-07-08,28,39,11.7,Baby,Silver,6962,2293,0.275,0.355,0.161,0,None,Medium,0.067,18,Baby | Kids Clothing | Basics,Budget,18-24,Western Cape,Family Shopper,Website,65,18,17056,"Bundle offer across kids, basics and home essentials"
MRP-CUST-0054,28,32,14494,453,2026-07-22,14,69,14.5,Accessories,Gold,15156,5025,0.53,0.612,0.126,1,Poor fit review,High,0.042,10,Beauty | Accessories | Women Fashion,Budget,18-24,Northern Cape,Beauty Lover,Social,76,7,47945,Personalised cross-sell based on Beauty affinity
MRP-CUST-0055,27,31,17106,552,2026-08-04,1,85,15,Beauty,Gold,13714,10550,0.649,0.592,0.132,0,None,High,0.058,1,Women Fashion | Dresses | Beauty,Mid,45-54,Northern Cape,Beauty Lover,In-store,45,10,45481,Personalised cross-sell based on Women Fashion affinity
MRP-CUST-0056,2,2,1586,793,2026-01-23,194,10,4.1,Basics,Silver,1414,889,0,0.01,0.025,3,Poor fit review,Low,0.075,99,Footwear | Women Fashion | Basics,Mid,45-54,Western Cape,Lapsed Customer,In-store,34,128,1933,Win-back journey with voucher on Footwear
MRP-CUST-0057,26,26,34314,1320,2026-07-30,6,87,19.4,Women Fashion,Platinum,34459,2225,0.863,0.771,0.346,0,None,High,0.036,1,Beauty | Women Fashion | Accessories,Premium,35-44,KwaZulu-Natal,Loyal Advocate,In-store,39,18,71946,Personalised cross-sell based on Beauty affinity
MRP-CUST-0058,26,24,17535,731,2026-07-12,24,48,13.8,Women Fashion,Silver,16753,9902,0.539,0.459,0.144,0,None,Medium,0.063,12,Denim | Accessories | Women Fashion,Mid,45-54,Eastern Cape,Fashion Explorer,App Push,48,13,39234,Early access drop and trend-led lookbook for Denim
MRP-CUST-0059,42,43,31128,724,2026-08-01,4,93,15,Beauty,Gold,33325,24970,0.64,0.688,0.212,0,None,High,0.045,1,Women Fashion | Beauty | Accessories,Premium,45-54,KwaZulu-Natal,Loyal Advocate,SMS,40,11,64796,Personalised cross-sell based on Women Fashion affinity
MRP-CUST-0060,21,19,20095,1058,2026-08-04,1,82,12.5,Dresses,Silver,23502,13395,0.487,0.49,0.299,0,None,High,0.039,1,Denim | Dresses | Women Fashion,Premium,45-54,North West,Fashion Explorer,In-store,36,19,41488,Early access drop and trend-led lookbook for Denim
MRP-CUST-0061,16,14,17386,1242,2026-07-30,6,54,14.1,Women Fashion,Gold,13454,5191,0.648,0.719,0.235,1,Late delivery complaint,High,0.032,6,Denim | Women Fashion | Accessories,Mid,35-44,Free State,Trend Enthusiast,Email,60,23,54169,Early access drop and trend-led lookbook for Denim
MRP-CUST-0062,1,0,0,0,2025-12-24,224,11,0.4,Men Fashion,Silver,0,0,0.262,0.105,0.02,1,Late delivery complaint,Low,0.122,90,Women Fashion | Footwear | Men Fashion,Budget,18-24,Mpumalanga,Lapsed Customer,SMS,70,75,900,Win-back journey with voucher on Women Fashion
MRP-CUST-0063,31,31,14737,475,2026-07-22,14,96,15.2,Accessories,Gold,11375,2383,0.852,0.75,0.151,1,Unsubscribed from email,High,0.022,5,Women Fashion | Dresses | Accessories,Mid,25-34,Limpopo,Trend Enthusiast,App Push,65,8,47206,Early access drop and trend-led lookbook for Women Fashion
MRP-CUST-0064,6,10,14243,1424,2026-07-10,26,35,5.4,Basics,Bronze,14215,6368,0.472,0.379,0.166,1,Refund issue,Medium,0.04,29,Basics | Homeware | Baby,Mid,35-44,Limpopo,Homeware Planner,App Push,56,47,23383,Personalised cross-sell based on Basics affinity
MRP-CUST-0065,23,22,16301,741,2026-07-22,14,72,9.9,Women Fashion,Silver,12837,7188,0.709,0.649,0.255,1,Unsubscribed from email,High,0.024,6,Women Fashion | Dresses | Beauty,Budget,35-44,Mpumalanga,Beauty Lover,Social,87,9,30351,Personalised cross-sell based on Women Fashion affinity
MRP-CUST-0066,7,9,5013,557,2026-06-18,48,81,13.5,Beauty,Silver,5387,1345,0.552,0.503,0.237,2,Late delivery complaint,High,0.063,40,Basics | Beauty | Denim,Mid,25-34,Limpopo,Promotion Sensitive,Website,49,61,12061,Targeted promo on high-affinity budget and mid-price items
MRP-CUST-0067,21,20,4509,225,2026-07-23,13,33,8.5,Basics,Silver,4887,3018,0.641,0.718,0.18,2,Refund issue,Medium,0.117,18,Denim | Footwear | Basics,Mid,25-34,Western Cape,Promotion Sensitive,SMS,55,16,8174,Targeted promo on high-affinity budget and mid-price items
MRP-CUST-0068,10,10,18588,1859,2026-07-22,14,48,14,Accessories,Gold,21593,2353,0.593,0.433,0.169,1,Unsubscribed from email,Medium,0.052,22,Women Fashion | Accessories | Dresses,Mid,55+,Western Cape,Fashion Explorer,SMS,53,23,55440,Early access drop and trend-led lookbook for Women Fashion
MRP-CUST-0069,11,15,7034,469,2026-07-20,16,47,8.3,Accessories,Gold,5965,4861,0.399,0.44,0.259,1,Unsubscribed from email,Medium,0.052,19,Women Fashion | Beauty | Accessories,Mid,25-34,Mpumalanga,Beauty Lover,In-store,41,33,18356,Personalised cross-sell based on Women Fashion affinity
MRP-CUST-0070,14,12,10489,874,2026-07-18,18,68,15.5,Accessories,Platinum,11233,3276,0.8,0.734,0.215,1,Repeated cart abandonment,High,0.064,14,Dresses | Accessories | Denim,Mid,45-54,Eastern Cape,Trend Enthusiast,App Push,50,17,25184,Early access drop and trend-led lookbook for Dresses
MRP-CUST-0071,2,2,1414,707,2026-01-25,192,4,4.6,Women Fashion,Bronze,1160,104,0.066,0.103,0.004,1,Refund issue,Low,0.103,89,Women Fashion | Men Fashion | Footwear,Premium,25-34,Western Cape,Lapsed Customer,Social,18,118,2034,Win-back journey with voucher on Women Fashion
MRP-CUST-0072,11,12,8401,700,2026-07-09,27,41,2.2,Denim,Bronze,6513,2904,0.652,0.501,0.086,0,None,Medium,0.088,24,Denim | Men Fashion | Basics,Mid,45-54,Gauteng,Budget Basics Shopper,In-store,55,38,18079,Personalised cross-sell based on Denim affinity
MRP-CUST-0073,6,8,1482,185,2026-06-27,39,32,7.5,Basics,Bronze,1834,669,0.471,0.314,0.03,2,Unsubscribed from email,Medium,0.099,50,Basics | Homeware | Men Fashion,Budget,25-34,Mpumalanga,Occasional Browser,Social,78,57,1926,Reactivation campaign plus stock reminder for Basics
MRP-CUST-0074,3,5,3958,792,2026-05-02,95,16,6,Basics,Silver,3972,1818,0.43,0.272,0.021,2,Poor fit review,Low,0.13,77,Homeware | Basics | Men Fashion,Mid,55+,Limpopo,Occasional Browser,Website,47,132,7719,Win-back journey with voucher on Homeware
MRP-CUST-0075,16,14,13279,948,2026-07-01,35,34,14.6,Accessories,Bronze,13439,8425,0.574,0.524,0.151,0,None,Medium,0.055,20,Accessories | Homeware | Basics,Mid,45-54,Western Cape,Homeware Planner,Social,45,16,31163,Personalised cross-sell based on Accessories affinity
MRP-CUST-0076,37,39,41394,1061,2026-07-27,9,105,20.2,Beauty,Platinum,41921,12618,0.729,0.793,0.192,0,None,High,0.032,1,Sneakers | Accessories | Beauty,Mid,25-34,Limpopo,Loyal Advocate,In-store,54,10,89861,Personalised cross-sell based on Sneakers affinity
MRP-CUST-0077,17,21,9235,440,2026-07-20,16,64,11.3,Basics,Gold,11062,4044,0.531,0.388,0.105,1,Repeated cart abandonment,High,0.05,22,Basics | Kids Clothing | Baby,Budget,35-44,North West,Family Shopper,SMS,69,17,21384,"Bundle offer across kids, basics and home essentials"
MRP-CUST-0078,29,29,26916,928,2026-07-28,8,57,9.6,Activewear,Silver,21535,6767,0.615,0.702,0.18,0,None,High,0.042,1,Activewear | Sneakers | Footwear,Premium,45-54,North West,Sneaker Enthusiast,Website,30,11,98166,Early access drop and trend-led lookbook for Activewear
MRP-CUST-0079,21,21,17852,850,2026-07-16,20,47,21.6,Sneakers,Silver,17119,12327,0.493,0.454,0.251,0,None,Medium,0.056,9,Sneakers | Streetwear | Footwear,Premium,55+,KwaZulu-Natal,Sneaker Enthusiast,App Push,30,21,30638,Early access drop and trend-led lookbook for Sneakers
MRP-CUST-0080,24,25,6698,268,2026-07-01,35,49,7.5,Kids Clothing,Silver,7490,5112,0.645,0.555,0.103,1,Late delivery complaint,Medium,0.08,24,Baby | Kids Clothing | Homeware,Mid,25-34,North West,Family Shopper,App Push,56,16,12351,"Bundle offer across kids, basics and home essentials"
MRP-CUST-0081,6,6,8784,1464,2026-07-16,20,81,11.5,Basics,Silver,9630,960,0.829,0.741,0.154,0,None,High,0.054,15,Basics | Footwear | Denim,Budget,35-44,Mpumalanga,Promotion Sensitive,In-store,85,67,24497,Targeted promo on high-affinity budget and mid-price items
MRP-CUST-0082,12,13,7009,539,2026-07-04,32,67,13.9,Basics,Silver,7098,3354,0.544,0.407,0.151,0,None,High,0.083,24,Basics | Kids Clothing | Homeware,Mid,25-34,Mpumalanga,Family Shopper,In-store,57,21,17118,"Bundle offer across kids, basics and home essentials"
MRP-CUST-0083,16,19,14554,766,2026-07-21,15,39,14.9,Dresses,Silver,14981,8812,0.479,0.545,0.109,1,Late delivery complaint,Medium,0.033,18,Women Fashion | Dresses | Beauty,Budget,35-44,KwaZulu-Natal,Beauty Lover,In-store,72,23,24420,Personalised cross-sell based on Women Fashion affinity
MRP-CUST-0084,18,16,5067,317,2026-07-26,10,28,5.3,Basics,Silver,6315,2248,0.595,0.441,0.114,2,Refund issue,High,0.126,26,Denim | Men Fashion | Basics,Premium,45-54,Northern Cape,Budget Basics Shopper,SMS,35,13,16065,Personalised cross-sell based on Denim affinity
MRP-CUST-0085,31,35,16113,460,2026-08-05,0,83,14.5,Sneakers,Platinum,13334,2677,0.786,0.787,0.265,0,None,High,0.02,1,Women Fashion | Accessories | Sneakers,Mid,55+,Gauteng,Loyal Advocate,Social,48,8,30977,Personalised cross-sell based on Women Fashion affinity
MRP-CUST-0086,5,4,181,45,2026-01-25,192,14,1.4,Men Fashion,Silver,188,125,0,0.043,0.035,3,Unsubscribed from email,Low,0.097,99,Men Fashion | Basics | Footwear,Premium,18-24,Northern Cape,Lapsed Customer,In-store,14,97,165,Win-back journey with voucher on Men Fashion
MRP-CUST-0087,20,19,13756,724,2026-07-04,32,53,9.5,Homeware,Silver,11343,3983,0.665,0.59,0.172,1,Refund issue,High,0.062,21,Accessories | Homeware | Basics,Premium,45-54,Northern Cape,Homeware Planner,In-store,40,23,34952,Personalised cross-sell based on Accessories affinity
MRP-CUST-0088,19,19,15162,798,2026-07-26,10,50,21.8,Activewear,Gold,16478,8771,0.83,0.742,0.149,0,None,High,0.013,3,Sneakers | Activewear | Footwear,Budget,25-34,Eastern Cape,Sneaker Enthusiast,Website,86,15,53827,Early access drop and trend-led lookbook for Sneakers
MRP-CUST-0089,38,39,16949,435,2026-07-30,6,85,18.9,Accessories,Platinum,17057,7638,0.653,0.654,0.28,1,Poor fit review,High,0.035,1,Women Fashion | Accessories | Dresses,Premium,25-34,Western Cape,Trend Enthusiast,Email,36,8,49266,Early access drop and trend-led lookbook for Women Fashion
MRP-CUST-0090,21,21,6997,333,2026-07-21,15,41,7.1,Kids Clothing,Gold,8629,4861,0.517,0.474,0.092,1,Refund issue,Medium,0.048,18,Homeware | Baby | Kids Clothing,Mid,55+,Gauteng,Family Shopper,In-store,44,19,17242,"Bundle offer across kids, basics and home essentials"
MRP-CUST-0091,16,20,10589,529,2026-08-05,0,87,8.8,Denim,Platinum,8261,4627,0.622,0.683,0.152,0,None,High,0.045,2,Denim | Accessories | Dresses,Budget,35-44,Northern Cape,Trend Enthusiast,App Push,87,20,19171,Early access drop and trend-led lookbook for Denim
MRP-CUST-0092,36,39,23109,593,2026-07-31,5,48,18.9,Women Fashion,Platinum,26516,3002,0.705,0.644,0.183,1,Repeated cart abandonment,High,0.061,3,Denim | Dresses | Women Fashion,Budget,18-24,KwaZulu-Natal,Trend Enthusiast,Social,75,10,79737,Early access drop and trend-led lookbook for Denim
MRP-CUST-0093,25,26,4719,182,2026-07-14,22,25,10.3,Basics,Silver,5650,4437,0.417,0.349,0.198,1,Late delivery complaint,Medium,0.06,17,Denim | Basics | Women Fashion,Budget,18-24,Western Cape,Value Seeker,App Push,72,18,12345,Targeted promo on high-affinity budget and mid-price items
MRP-CUST-0094,20,22,13724,624,2026-07-24,12,44,10.9,Women Fashion,Gold,15717,9452,0.78,0.659,0.242,1,Refund issue,Medium,0.039,8,Women Fashion | Accessories | Dresses,Budget,55+,Free State,Trend Enthusiast,App Push,77,15,43520,Early access drop and trend-led lookbook for Women Fashion
MRP-CUST-0095,22,26,23763,914,2026-07-21,15,64,11.6,Dresses,Platinum,27304,16941,0.875,0.798,0.218,1,Repeated cart abandonment,High,0.024,6,Women Fashion | Dresses | Denim,Mid,18-24,KwaZulu-Natal,Trend Enthusiast,Email,55,18,55655,Early access drop and trend-led lookbook for Women Fashion
MRP-CUST-0096,20,20,6919,346,2026-07-25,11,40,4.9,Footwear,Silver,7106,3748,0.56,0.527,0.2,0,None,Medium,0.032,5,Denim | Footwear | Basics,Mid,55+,Northern Cape,Promotion Sensitive,SMS,58,23,25177,Targeted promo on high-affinity budget and mid-price items
MRP-CUST-0097,29,28,24811,886,2026-08-01,4,79,14.9,Beauty,Platinum,21730,5373,0.58,0.571,0.267,1,Low stock frustration,High,0.041,1,Accessories | Beauty | Women Fashion,Premium,35-44,North West,Loyal Advocate,App Push,34,15,63113,Personalised cross-sell based on Accessories affinity
MRP-CUST-0098,30,32,7230,226,2026-07-27,9,69,11.6,Dresses,Gold,8079,4494,0.583,0.637,0.181,1,Low stock frustration,High,0.058,5,Accessories | Dresses | Women Fashion,Mid,55+,Northern Cape,Beauty Lover,SMS,53,7,20505,Personalised cross-sell based on Accessories affinity
MRP-CUST-0099,41,39,39829,1021,2026-07-29,7,71,14.1,Beauty,Gold,42484,10349,0.759,0.646,0.319,1,Low stock frustration,High,0.037,1,Sneakers | Beauty | Accessories,Budget,45-54,Northern Cape,Loyal Advocate,Email,92,7,111347,Personalised cross-sell based on Sneakers affinity
MRP-CUST-0100,21,24,9284,387,2026-08-02,3,63,14.5,Dresses,Gold,11445,4513,0.447,0.535,0.233,1,Unsubscribed from email,High,0.078,7,Dresses | Accessories | Denim,Mid,45-54,Mpumalanga,Fashion Explorer,Social,55,17,26193,Early access drop and trend-led lookbook for Dresses
MRP-CUST-0101,28,31,13199,426,2026-08-01,4,72,16,Beauty,Platinum,10834,3244,0.698,0.559,0.15,0,None,High,0.016,1,Dresses | Beauty | Accessories,Mid,18-24,Limpopo,Beauty Lover,Email,59,14,35478,Personalised cross-sell based on Dresses affinity
MRP-CUST-0102,13,11,17741,1613,2026-07-16,20,45,14.8,Denim,Gold,18271,14923,0.425,0.462,0.297,0,None,Medium,0.053,13,Denim | Accessories | Dresses,Mid,25-34,North West,Fashion Explorer,In-store,50,24,53377,Early access drop and trend-led lookbook for Denim
MRP-CUST-0103,8,11,7319,665,2026-07-28,8,42,10.8,Denim,Silver,7163,1861,0.529,0.603,0.089,0,None,High,0.046,14,Women Fashion | Footwear | Denim,Mid,45-54,Western Cape,Value Seeker,Website,52,46,16668,Targeted promo on high-affinity budget and mid-price items
MRP-CUST-0104,33,35,35338,1010,2026-08-04,1,62,12.4,Sneakers,Platinum,37041,18885,0.626,0.629,0.203,0,None,High,0.03,1,Accessories | Women Fashion | Sneakers,Mid,25-34,Western Cape,Loyal Advocate,App Push,48,10,97600,Personalised cross-sell based on Accessories affinity
MRP-CUST-0105,15,13,9382,722,2026-07-31,5,49,5.5,Basics,Silver,8986,6487,0.566,0.535,0.175,1,Refund issue,High,0.045,13,Accessories | Homeware | Basics,Budget,35-44,Western Cape,Homeware Planner,Social,77,14,19391,Personalised cross-sell based on Accessories affinity
MRP-CUST-0106,8,10,2392,239,2026-06-22,44,44,4,Basics,Silver,2447,2059,0.312,0.317,0.068,0,None,Medium,0.119,38,Women Fashion | Basics | Homeware,Premium,18-24,North West,Occasional Browser,Email,17,41,4554,Personalised cross-sell based on Women Fashion affinity
MRP-CUST-0107,17,16,17989,1124,2026-07-14,22,86,8.2,Accessories,Platinum,16019,7705,0.407,0.453,0.149,0,None,High,0.054,16,Women Fashion | Accessories | Denim,Mid,18-24,Western Cape,Fashion Explorer,Social,53,28,51138,Early access drop and trend-led lookbook for Women Fashion
MRP-CUST-0108,14,18,4578,254,2026-06-17,49,40,6.5,Beauty,Bronze,4755,1259,0.74,0.642,0.249,2,Late delivery complaint,Medium,0.065,33,Beauty | Footwear | Denim,Mid,35-44,North West,Promotion Sensitive,Social,59,25,8562,Targeted promo on high-affinity budget and mid-price items
MRP-CUST-0109,8,12,15804,1317,2026-08-01,4,71,12.7,Women Fashion,Gold,18370,8188,0.663,0.542,0.178,1,Unsubscribed from email,High,0.035,16,Footwear | Denim | Women Fashion,Mid,18-24,Gauteng,Value Seeker,Email,59,53,51038,Targeted promo on high-affinity budget and mid-price items
MRP-CUST-0110,0,4,647,162,2026-01-15,202,14,0,Basics,Silver,536,426,0.271,0.192,0.008,2,Repeated cart abandonment,Low,0.201,98,Men Fashion | Basics | Footwear,Budget,35-44,Eastern Cape,Lapsed Customer,Social,65,51,650,Win-back journey with voucher on Men Fashion
MRP-CUST-0111,0,0,0,0,2026-04-18,109,4,3.6,Basics,Silver,0,0,0.006,0.104,0.018,3,Late delivery complaint,Low,0.191,96,Women Fashion | Basics | Men Fashion,Budget,35-44,Western Cape,Lapsed Customer,Social,55,85,526,Win-back journey with voucher on Women Fashion
MRP-CUST-0112,14,17,11181,658,2026-08-03,2,99,13.3,Accessories,Silver,13528,7343,0.623,0.632,0.141,0,None,High,0.058,6,Accessories | Dresses | Women Fashion,Budget,45-54,Mpumalanga,Fashion Explorer,SMS,73,26,27636,Early access drop and trend-led lookbook for Accessories
MRP-CUST-0113,10,9,13566,1507,2026-07-15,21,69,13.5,Homeware,Silver,15247,4367,0.417,0.289,0.17,0,None,High,0.066,22,Kids Clothing | Homeware | Baby,Budget,18-24,Mpumalanga,Family Shopper,App Push,79,38,22722,"Bundle offer across kids, basics and home essentials"
MRP-CUST-0114,30,31,20473,660,2026-07-19,17,62,19.4,Streetwear,Silver,15762,1550,0.687,0.783,0.292,0,None,High,0.011,1,Activewear | Footwear | Streetwear,Mid,55+,Northern Cape,Sneaker Enthusiast,In-store,58,10,52989,Early access drop and trend-led lookbook for Activewear
MRP-CUST-0115,14,14,11089,792,2026-07-20,16,66,22.6,Activewear,Gold,12364,8990,0.531,0.479,0.199,0,None,High,0.026,11,Sneakers | Activewear | Footwear,Budget,25-34,KwaZulu-Natal,Sneaker Enthusiast,Email,68,20,33906,Early access drop and trend-led lookbook for Sneakers
MRP-CUST-0116,46,44,21368,486,2026-07-29,7,89,15.3,Sneakers,Platinum,23856,3445,0.751,0.808,0.324,0,None,High,0.04,1,Women Fashion | Sneakers | Beauty,Premium,55+,Mpumalanga,Loyal Advocate,Email,47,8,59292,Personalised cross-sell based on Women Fashion affinity
MRP-CUST-0117,28,27,11024,408,2026-07-31,5,60,13.5,Dresses,Silver,9615,4109,0.641,0.711,0.215,0,None,High,0.012,1,Dresses | Beauty | Women Fashion,Mid,35-44,Limpopo,Beauty Lover,Email,57,9,25158,Personalised cross-sell based on Dresses affinity
MRP-CUST-0118,2,4,3057,764,2026-06-30,36,19,5,Men Fashion,Silver,2793,1375,0.248,0.244,0.013,1,Poor fit review,Medium,0.133,48,Women Fashion | Men Fashion | Homeware,Mid,45-54,Eastern Cape,Occasional Browser,Website,39,168,6384,Personalised cross-sell based on Women Fashion affinity
MRP-CUST-0119,13,12,2604,217,2026-07-05,31,27,6.3,Beauty,Gold,2442,1564,0.62,0.492,0.251,1,Late delivery complaint,Medium,0.03,22,Denim | Basics | Beauty,Budget,25-34,Northern Cape,Promotion Sensitive,Social,74,31,4460,Targeted promo on high-affinity budget and mid-price items
MRP-CUST-0120,35,36,40507,1125,2026-08-04,1,119,9.3,Sneakers,Gold,35175,9103,0.513,0.594,0.344,0,None,High,0.027,1,Beauty | Sneakers | Accessories,Premium,18-24,Western Cape,Loyal Advocate,Email,28,6,134459,Personalised cross-sell based on Beauty affinity
MRP-CUST-0121,26,26,21820,839,2026-08-02,3,108,13.4,Sneakers,Platinum,19683,12080,0.733,0.713,0.225,0,None,High,0.015,1,Sneakers | Activewear | Streetwear,Budget,18-24,Limpopo,Sneaker Enthusiast,App Push,80,18,56214,Early access drop and trend-led lookbook for Sneakers
MRP-CUST-0122,15,13,19751,1519,2026-07-22,14,63,7.2,Dresses,Silver,16104,11416,0.371,0.439,0.261,0,None,High,0.07,10,Women Fashion | Accessories | Dresses,Mid,45-54,Western Cape,Fashion Explorer,Email,38,13,35717,Early access drop and trend-led lookbook for Women Fashion
MRP-CUST-0123,16,14,3199,228,2026-07-02,34,30,5.7,Beauty,Silver,2675,593,0.588,0.585,0.248,0,None,Medium,0.064,15,Footwear | Beauty | Denim,Budget,55+,North West,Promotion Sensitive,Email,76,24,8111,Targeted promo on high-affinity budget and mid-price items
MRP-CUST-0124,26,25,22737,909,2026-07-30,6,102,10.2,Denim,Platinum,22506,15194,0.723,0.818,0.238,1,Late delivery complaint,High,0.059,1,Accessories | Denim | Dresses,Budget,35-44,Gauteng,Trend Enthusiast,Social,83,14,41995,Early access drop and trend-led lookbook for Accessories
MRP-CUST-0125,4,3,710,237,2026-06-05,61,50,5.2,Basics,Silver,658,474,0.341,0.249,0.065,0,None,High,0.095,47,Men Fashion | Women Fashion | Basics,Budget,35-44,Western Cape,Occasional Browser,In-store,73,116,930,Personalised cross-sell based on Men Fashion affinity
MRP-CUST-0126,21,23,7563,329,2026-07-20,16,86,4.4,Footwear,Gold,6434,993,0.278,0.373,0.208,1,Refund issue,High,0.03,15,Footwear | Beauty | Basics,Budget,18-24,Mpumalanga,Promotion Sensitive,Website,63,21,24135,Targeted promo on high-affinity budget and mid-price items
MRP-CUST-0127,18,20,4155,208,2026-07-10,26,62,7.2,Basics,Gold,3775,2324,0.764,0.75,0.232,2,Refund issue,High,0.116,22,Denim | Basics | Beauty,Budget,55+,Free State,Promotion Sensitive,In-store,79,22,13250,Targeted promo on high-affinity budget and mid-price items
MRP-CUST-0128,33,33,29033,880,2026-07-29,7,48,19.2,Dresses,Gold,33702,19750,0.464,0.502,0.274,1,Repeated cart abandonment,High,0.028,2,Accessories | Dresses | Women Fashion,Budget,18-24,Gauteng,Trend Enthusiast,Social,67,9,96734,Early access drop and trend-led lookbook for Accessories
MRP-CUST-0129,23,22,19492,886,2026-07-23,13,91,14.7,Beauty,Silver,22407,1719,0.625,0.51,0.164,0,None,High,0.018,6,Beauty | Accessories | Women Fashion,Budget,18-24,Northern Cape,Beauty Lover,Email,75,20,39807,Personalised cross-sell based on Beauty affinity
MRP-CUST-0130,23,26,4307,166,2026-07-21,15,66,5.5,Women Fashion,Gold,4731,2969,0.557,0.631,0.102,0,None,High,0.088,9,Footwear | Women Fashion | Denim,Budget,45-54,Western Cape,Value Seeker,Email,69,13,11784,Targeted promo on high-affinity budget and mid-price items
MRP-CUST-0131,21,19,8625,454,2026-07-08,28,67,9.6,Footwear,Gold,10107,2998,0.442,0.488,0.094,1,Repeated cart abandonment,High,0.088,25,Women Fashion | Denim | Footwear,Budget,45-54,Mpumalanga,Value Seeker,SMS,82,14,18499,Targeted promo on high-affinity budget and mid-price items
MRP-CUST-0132,18,19,12619,664,2026-07-28,8,56,14.2,Women Fashion,Gold,14563,5551,0.67,0.589,0.126,0,None,High,0.014,6,Accessories | Women Fashion | Beauty,Mid,45-54,Eastern Cape,Beauty Lover,Social,58,26,38552,Personalised cross-sell based on Accessories affinity
MRP-CUST-0133,20,24,16203,675,2026-07-31,5,52,10.1,Baby,Gold,13552,11349,0.612,0.456,0.134,0,None,High,0.038,7,Baby | Kids Clothing | Basics,Mid,25-34,Limpopo,Family Shopper,App Push,56,12,53379,"Bundle offer across kids, basics and home essentials"
MRP-CUST-0134,8,6,8858,1476,2026-06-26,40,74,9.5,Basics,Gold,9245,6243,0.839,0.701,0.194,0,None,High,0.101,23,Basics | Footwear | Beauty,Mid,18-24,Limpopo,Promotion Sensitive,In-store,53,58,22187,Targeted promo on high-affinity budget and mid-price items
MRP-CUST-0135,20,21,7827,373,2026-07-07,29,59,9.3,Basics,Gold,8584,695,0.435,0.463,0.055,0,None,High,0.057,21,Basics | Accessories | Homeware,Mid,35-44,Limpopo,Homeware Planner,App Push,46,23,12514,Personalised cross-sell based on Basics affinity
MRP-CUST-0136,19,22,14720,669,2026-07-25,11,73,6.5,Baby,Silver,15492,1881,0.456,0.355,0.147,1,Unsubscribed from email,High,0.036,17,Accessories | Homeware | Baby,Mid,25-34,KwaZulu-Natal,Homeware Planner,App Push,49,23,37238,Personalised cross-sell based on Accessories affinity
MRP-CUST-0137,36,35,41575,1188,2026-07-28,8,117,8.4,Accessories,Gold,50264,30847,0.732,0.614,0.347,0,None,High,0.011,1,Beauty | Sneakers | Accessories,Mid,45-54,Western Cape,Loyal Advocate,Social,46,7,114755,Personalised cross-sell based on Beauty affinity
MRP-CUST-0138,2,6,1059,176,2026-04-14,113,9,0.2,Basics,Bronze,1153,305,0.113,0.01,0.034,2,Refund issue,Low,0.197,91,Women Fashion | Men Fashion | Basics,Budget,25-34,Limpopo,Lapsed Customer,In-store,60,121,1553,Win-back journey with voucher on Women Fashion
MRP-CUST-0139,19,22,15523,706,2026-07-23,13,80,17.1,Accessories,Silver,15612,9053,0.553,0.574,0.151,1,Low stock frustration,High,0.055,15,Women Fashion | Accessories | Denim,Mid,35-44,Limpopo,Fashion Explorer,App Push,43,15,33100,Early access drop and trend-led lookbook for Women Fashion
MRP-CUST-0140,5,4,2118,530,2026-03-07,151,1,4.8,Men Fashion,Silver,2644,680,0.232,0.16,0.024,2,Repeated cart abandonment,Low,0.175,95,Women Fashion | Footwear | Men Fashion,Budget,25-34,Northern Cape,Lapsed Customer,Website,76,149,1875,Win-back journey with voucher on Women Fashion
MRP-CUST-0141,31,31,23123,746,2026-07-27,9,53,16.9,Accessories,Platinum,26687,17622,0.658,0.733,0.144,0,None,High,0.064,1,Denim | Women Fashion | Accessories,Budget,45-54,Mpumalanga,Fashion Explorer,App Push,82,8,81409,Early access drop and trend-led lookbook for Denim
MRP-CUST-0142,17,18,18446,1025,2026-07-26,10,50,5.5,Basics,Silver,21835,7758,0.557,0.496,0.135,1,Refund issue,High,0.092,18,Basics | Baby | Kids Clothing,Budget,45-54,Western Cape,Family Shopper,App Push,78,18,48110,"Bundle offer across kids, basics and home essentials"
MRP-CUST-0143,8,12,4824,402,2026-06-30,36,39,10.9,Baby,Bronze,5007,884,0.213,0.312,0.132,1,Low stock frustration,Medium,0.033,35,Homeware | Accessories | Baby,Mid,25-34,Mpumalanga,Homeware Planner,Email,46,39,7068,Personalised cross-sell based on Homeware affinity
MRP-CUST-0144,22,21,2793,133,2026-06-18,48,24,10.3,Footwear,Gold,2916,535,0.442,0.452,0.225,0,None,Medium,0.039,20,Basics | Footwear | Denim,Mid,25-34,Mpumalanga,Promotion Sensitive,Social,48,14,7755,Targeted promo on high-affinity budget and mid-price items
MRP-CUST-0145,14,13,10409,801,2026-08-03,2,39,6,Women Fashion,Silver,9759,5487,0.571,0.665,0.11,0,None,High,0.029,6,Basics | Footwear | Women Fashion,Budget,45-54,Free State,Value Seeker,Email,69,15,20353,Targeted promo on high-affinity budget and mid-price items
MRP-CUST-0146,8,11,927,84,2026-06-10,56,52,9.2,Women Fashion,Bronze,889,683,0.029,0.103,0.039,2,Unsubscribed from email,High,0.055,57,Women Fashion | Men Fashion | Homeware,Mid,25-34,Mpumalanga,Occasional Browser,Website,31,53,2066,Reactivation campaign plus stock reminder for Women Fashion
MRP-CUST-0147,13,11,12780,1162,2026-07-19,17,38,10.2,Footwear,Gold,10538,1286,0.391,0.488,0.113,0,None,Medium,0.083,18,Basics | Footwear | Women Fashion,Mid,45-54,Gauteng,Value Seeker,Email,50,37,27131,Targeted promo on high-affinity budget and mid-price items
MRP-CUST-0148,11,15,16021,1068,2026-07-25,11,72,11.5,Denim,Platinum,17200,5382,0.575,0.444,0.272,0,None,High,0.071,11,Accessories | Women Fashion | Denim,Budget,45-54,Limpopo,Fashion Explorer,Social,79,23,38814,Early access drop and trend-led lookbook for Accessories
MRP-CUST-0149,39,43,29819,693,2026-07-26,10,66,9.6,Beauty,Platinum,34325,20344,0.925,0.78,0.192,0,None,High,0.014,1,Sneakers | Beauty | Accessories,Mid,45-54,North West,Loyal Advocate,Email,56,8,82267,Personalised cross-sell based on Sneakers affinity
MRP-CUST-0150,34,34,9405,277,2026-07-20,16,63,19.7,Denim,Gold,9320,5414,0.734,0.698,0.201,0,None,High,0.042,1,Denim | Women Fashion | Accessories,Mid,45-54,Western Cape,Trend Enthusiast,Email,52,10,25595,Early access drop and trend-led lookbook for Denim
MRP-CUST-0151,20,19,17342,913,2026-07-28,8,38,12.6,Denim,Platinum,16891,12419,0.721,0.609,0.182,0,None,High,0.048,4,Accessories | Denim | Dresses,Mid,55+,Northern Cape,Fashion Explorer,Email,46,11,44379,Early access drop and trend-led lookbook for Accessories
MRP-CUST-0152,29,31,16481,532,2026-07-20,16,58,14.5,Denim,Gold,16976,9265,0.688,0.573,0.175,0,None,High,0.071,4,Accessories | Women Fashion | Denim,Mid,35-44,Mpumalanga,Fashion Explorer,Website,48,14,36050,Early access drop and trend-led lookbook for Accessories
MRP-CUST-0153,9,11,24104,2191,2026-07-08,28,62,6.1,Beauty,Platinum,20439,2996,0.728,0.614,0.149,1,Low stock frustration,High,0.026,25,Beauty | Dresses | Footwear,Premium,55+,KwaZulu-Natal,Premium Occasion Shopper,Social,29,52,70672,Personalised cross-sell based on Beauty affinity
MRP-CUST-0154,28,30,7205,240,2026-07-21,15,28,10.8,Dresses,Silver,7896,1491,0.516,0.398,0.259,1,Poor fit review,Medium,0.056,10,Accessories | Beauty | Dresses,Mid,55+,Eastern Cape,Beauty Lover,App Push,56,16,17814,Personalised cross-sell based on Accessories affinity
MRP-CUST-0155,18,18,11219,623,2026-07-09,27,33,5.2,Denim,Silver,9541,5241,0.564,0.531,0.204,1,Repeated cart abandonment,Medium,0.07,20,Footwear | Women Fashion | Denim,Budget,35-44,KwaZulu-Natal,Value Seeker,App Push,73,19,31301,Targeted promo on high-affinity budget and mid-price items
MRP-CUST-0156,7,10,3363,336,2026-04-29,98,26,10.9,Men Fashion,Bronze,2858,1858,0.146,0.218,0.011,1,Repeated cart abandonment,Medium,0.039,68,Men Fashion | Homeware | Basics,Premium,35-44,North West,Occasional Browser,Email,20,37,5573,Reactivation campaign plus stock reminder for Men Fashion
MRP-CUST-0157,5,9,918,102,2025-12-15,233,12,1.4,Men Fashion,Silver,879,598,0.132,0.157,0.032,1,Refund issue,Low,0.208,89,Men Fashion | Women Fashion | Basics,Mid,35-44,Northern Cape,Lapsed Customer,Website,42,151,917,Win-back journey with voucher on Men Fashion
MRP-CUST-0158,5,5,1838,368,2026-03-23,135,2,1.1,Basics,Silver,1498,774,0.033,0.035,0.021,4,Refund issue,Low,0.105,99,Men Fashion | Basics | Footwear,Mid,55+,Gauteng,Lapsed Customer,Website,26,64,2562,Win-back journey with voucher on Men Fashion
MRP-CUST-0159,5,9,2345,261,2025-12-18,230,11,0.4,Basics,Bronze,2246,1077,0.291,0.142,0.021,1,Poor fit review,Low,0.186,89,Basics | Footwear | Women Fashion,Mid,55+,Northern Cape,Lapsed Customer,Social,44,82,2327,Win-back journey with voucher on Basics
MRP-CUST-0160,17,21,6519,310,2026-07-28,8,17,7.4,Kids Clothing,Bronze,7114,2182,0.392,0.332,0.129,2,Unsubscribed from email,High,0.054,25,Basics | Men Fashion | Kids Clothing,Budget,45-54,Gauteng,Budget Basics Shopper,App Push,74,20,15497,Personalised cross-sell based on Basics affinity
MRP-CUST-0161,12,12,10919,910,2026-07-26,10,36,5.7,Denim,Gold,12412,9209,0.644,0.742,0.197,0,None,High,0.049,6,Beauty | Basics | Denim,Mid,25-34,Gauteng,Promotion Sensitive,Social,57,32,38669,Targeted promo on high-affinity budget and mid-price items
MRP-CUST-0162,25,23,18400,800,2026-08-05,0,67,19.1,Accessories,Platinum,19597,7768,0.693,0.734,0.295,1,Late delivery complaint,High,0.026,1,Women Fashion | Sneakers | Accessories,Budget,35-44,Northern Cape,Loyal Advocate,Email,90,8,63933,Personalised cross-sell based on Women Fashion affinity
MRP-CUST-0163,17,19,5917,311,2026-07-15,21,68,13.3,Homeware,Silver,6647,4569,0.318,0.41,0.167,0,None,High,0.067,16,Basics | Homeware | Kids Clothing,Mid,55+,Western Cape,Family Shopper,Email,45,28,9704,"Bundle offer across kids, basics and home essentials"
MRP-CUST-0164,32,34,21913,644,2026-07-19,17,105,19.3,Accessories,Gold,18198,4124,0.698,0.563,0.275,1,Unsubscribed from email,High,0.031,6,Accessories | Women Fashion | Denim,Mid,55+,North West,Trend Enthusiast,Website,46,14,77293,Early access drop and trend-led lookbook for Accessories
MRP-CUST-0165,5,8,575,72,2026-06-04,62,14,4.8,Homeware,Bronze,513,54,0.256,0.263,0.077,2,Repeated cart abandonment,Low,0.105,59,Men Fashion | Homeware | Basics,Budget,55+,Mpumalanga,Occasional Browser,App Push,68,80,763,Reactivation campaign plus stock reminder for Men Fashion
MRP-CUST-0166,7,5,17263,3453,2026-07-16,20,32,12.1,Beauty,Gold,16791,11246,0.517,0.524,0.119,1,Poor fit review,Medium,0.073,27,Beauty | Accessories | Dresses,Premium,18-24,KwaZulu-Natal,Premium Occasion Shopper,Email,26,65,31467,Personalised cross-sell based on Beauty affinity
MRP-CUST-0167,16,14,16814,1201,2026-06-24,42,55,8.5,Baby,Bronze,15685,3586,0.5,0.457,0.168,1,Low stock frustration,High,0.059,30,Basics | Homeware | Baby,Mid,55+,Western Cape,Homeware Planner,In-store,51,21,42696,Personalised cross-sell based on Basics affinity
MRP-CUST-0168,17,16,27058,1691,2026-07-18,18,58,19,Footwear,Gold,25291,2130,0.561,0.604,0.205,1,Low stock frustration,High,0.022,14,Streetwear | Footwear | Activewear,Mid,18-24,Northern Cape,Sneaker Enthusiast,Website,42,12,76467,Early access drop and trend-led lookbook for Streetwear
MRP-CUST-0169,18,20,12196,610,2026-07-24,12,80,10.7,Accessories,Silver,12295,4085,0.682,0.648,0.269,1,Refund issue,High,0.078,10,Women Fashion | Denim | Accessories,Budget,35-44,Eastern Cape,Fashion Explorer,SMS,86,13,22343,Early access drop and trend-led lookbook for Women Fashion
MRP-CUST-0170,23,25,12377,495,2026-07-29,7,93,20.2,Sneakers,Platinum,14440,981,0.718,0.694,0.231,0,None,High,0.04,1,Sneakers | Activewear | Footwear,Mid,25-34,Limpopo,Sneaker Enthusiast,SMS,47,20,25752,Early access drop and trend-led lookbook for Sneakers
MRP-CUST-0171,7,9,2608,290,2026-04-16,111,9,10.9,Women Fashion,Silver,3086,575,0.45,0.304,0.067,0,None,Low,0.078,65,Homeware | Basics | Women Fashion,Mid,25-34,Mpumalanga,Occasional Browser,Social,43,54,4369,Reactivation campaign plus stock reminder for Homeware
MRP-CUST-0172,0,1,541,541,2026-04-10,117,0,1.2,Basics,Bronze,534,289,0.181,0.172,0.02,2,Refund issue,Low,0.157,90,Basics | Men Fashion | Women Fashion,Mid,45-54,Northern Cape,Lapsed Customer,Social,47,150,426,Win-back journey with voucher on Basics
MRP-CUST-0173,9,12,12480,1040,2026-07-21,15,39,12.4,Denim,Gold,12337,2911,0.48,0.489,0.188,0,None,Medium,0.05,15,Basics | Denim | Footwear,Budget,18-24,Free State,Value Seeker,Website,66,41,23023,Targeted promo on high-affinity budget and mid-price items
MRP-CUST-0174,22,23,20370,886,2026-08-02,3,59,14.4,Streetwear,Platinum,19325,4115,0.681,0.642,0.185,1,Poor fit review,High,0.041,6,Activewear | Sneakers | Streetwear,Mid,45-54,Western Cape,Sneaker Enthusiast,Website,54,16,65648,Early access drop and trend-led lookbook for Activewear
MRP-CUST-0175,21,22,14301,650,2026-08-02,3,62,13.6,Denim,Gold,16477,11675,0.801,0.741,0.284,0,None,High,0.028,1,Denim | Accessories | Dresses,Budget,45-54,Free State,Trend Enthusiast,In-store,83,14,42891,Early access drop and trend-led lookbook for Denim
MRP-CUST-0176,2,4,235,59,2026-03-24,134,15,2.6,Men Fashion,Bronze,248,146,0.149,0.04,0.026,3,Poor fit review,Low,0.091,99,Men Fashion | Basics | Women Fashion,Budget,45-54,Eastern Cape,Lapsed Customer,In-store,68,90,281,Win-back journey with voucher on Men Fashion
MRP-CUST-0177,36,34,11954,352,2026-07-19,17,71,16.4,Dresses,Gold,11683,4359,0.647,0.657,0.245,1,Unsubscribed from email,High,0.031,4,Women Fashion | Dresses | Denim,Mid,18-24,Northern Cape,Trend Enthusiast,App Push,46,9,28903,Early access drop and trend-led lookbook for Women Fashion
MRP-CUST-0178,19,23,12919,562,2026-07-15,21,62,8.9,Baby,Silver,14092,10811,0.345,0.382,0.113,1,Repeated cart abandonment,High,0.078,24,Homeware | Baby | Accessories,Budget,35-44,Free State,Homeware Planner,App Push,69,20,24815,Personalised cross-sell based on Homeware affinity
MRP-CUST-0179,1,4,3708,927,2026-06-03,63,23,5.6,Women Fashion,Silver,3362,755,0.201,0.212,0.062,2,Refund issue,Medium,0.141,64,Basics | Women Fashion | Homeware,Mid,25-34,Eastern Cape,Occasional Browser,In-store,38,455,4924,Reactivation campaign plus stock reminder for Basics
MRP-CUST-0180,11,9,5085,565,2026-07-13,23,67,8.4,Basics,Gold,5065,4245,0.471,0.322,0.2,1,Refund issue,High,0.046,25,Footwear | Denim | Basics,Budget,45-54,North West,Value Seeker,In-store,84,21,12234,Targeted promo on high-affinity budget and mid-price items
MRP-CUST-0181,25,26,14727,566,2026-07-22,14,50,16.1,Accessories,Gold,13441,7261,0.523,0.62,0.264,0,None,High,0.039,1,Accessories | Women Fashion | Dresses,Budget,25-34,Free State,Trend Enthusiast,Website,77,12,40941,Early access drop and trend-led lookbook for Accessories
MRP-CUST-0182,21,25,19626,785,2026-07-28,8,89,8.3,Dresses,Silver,20169,14825,0.409,0.45,0.219,0,None,High,0.063,5,Denim | Dresses | Women Fashion,Mid,55+,Northern Cape,Fashion Explorer,Website,42,15,39336,Early access drop and trend-led lookbook for Denim
MRP-CUST-0183,23,23,8611,374,2026-07-30,6,45,5.9,Baby,Gold,7576,2562,0.302,0.336,0.088,0,None,High,0.061,10,Basics | Baby | Kids Clothing,Budget,55+,Western Cape,Family Shopper,App Push,67,16,25023,"Bundle offer across kids, basics and home essentials"
MRP-CUST-0184,24,25,15867,635,2026-07-20,16,30,7.4,Women Fashion,Gold,15246,8230,0.358,0.42,0.168,0,None,Medium,0.065,9,Women Fashion | Basics | Footwear,Budget,35-44,Free State,Value Seeker,App Push,72,12,35679,Targeted promo on high-affinity budget and mid-price items
MRP-CUST-0185,18,22,9450,430,2026-06-24,42,51,14.6,Baby,Gold,10398,1185,0.301,0.395,0.074,0,None,High,0.06,28,Baby | Accessories | Homeware,Budget,45-54,Northern Cape,Homeware Planner,Email,76,20,14444,Personalised cross-sell based on Baby affinity
MRP-CUST-0186,33,32,11762,368,2026-07-24,12,74,10,Accessories,Platinum,13881,4305,0.656,0.723,0.22,0,None,High,0.021,1,Denim | Dresses | Accessories,Mid,55+,Free State,Trend Enthusiast,In-store,61,7,35008,Early access drop and trend-led lookbook for Denim
MRP-CUST-0187,4,4,1972,493,2025-12-20,228,7,4.8,Men Fashion,Bronze,1818,773,0.056,0.088,0.015,3,Low stock frustration,Low,0.062,99,Basics | Men Fashion | Footwear,Budget,18-24,Northern Cape,Lapsed Customer,App Push,62,121,1700,Win-back journey with voucher on Basics
MRP-CUST-0188,29,30,21435,714,2026-07-29,7,60,18.7,Streetwear,Silver,21613,14912,0.622,0.665,0.304,0,None,High,0.031,1,Footwear | Streetwear | Activewear,Budget,45-54,North West,Sneaker Enthusiast,App Push,72,8,50679,Early access drop and trend-led lookbook for Footwear
MRP-CUST-0189,39,38,26506,698,2026-08-05,0,64,8.7,Sneakers,Platinum,29515,6972,0.654,0.727,0.217,1,Low stock frustration,High,0.015,1,Sneakers | Women Fashion | Accessories,Premium,35-44,KwaZulu-Natal,Loyal Advocate,SMS,37,8,89105,Personalised cross-sell based on Sneakers affinity
MRP-CUST-0190,38,39,11339,291,2026-07-19,17,95,9.4,Dresses,Gold,10685,8868,0.78,0.781,0.185,0,None,High,0.026,1,Dresses | Accessories | Women Fashion,Mid,45-54,Free State,Trend Enthusiast,Website,51,9,42415,Early access drop and trend-led lookbook for Dresses
MRP-CUST-0191,10,9,8382,931,2026-06-14,52,53,10.2,Beauty,Silver,10365,2474,0.341,0.389,0.169,0,None,High,0.072,33,Beauty | Footwear | Dresses,Mid,18-24,North West,Premium Occasion Shopper,Website,47,43,12094,Personalised cross-sell based on Beauty affinity
MRP-CUST-0192,2,1,645,645,2025-12-31,217,2,4.1,Women Fashion,Bronze,709,484,0.165,0.068,0.039,1,Repeated cart abandonment,Low,0.07,88,Footwear | Women Fashion | Basics,Premium,25-34,Gauteng,Lapsed Customer,Website,22,148,1040,Win-back journey with voucher on Footwear
MRP-CUST-0193,12,12,4446,370,2026-07-19,17,70,7.9,Basics,Gold,4962,1341,0.372,0.423,0.178,0,None,High,0.058,16,Denim | Basics | Footwear,Budget,55+,Free State,Value Seeker,Website,71,29,10836,Targeted promo on high-affinity budget and mid-price items
MRP-CUST-0194,12,14,20430,1459,2026-07-17,19,70,12.8,Activewear,Gold,23144,4010,0.557,0.444,0.333,0,None,High,0.036,13,Footwear | Streetwear | Activewear,Budget,25-34,Western Cape,Sneaker Enthusiast,Email,71,29,36289,Early access drop and trend-led lookbook for Footwear
MRP-CUST-0195,27,26,11735,451,2026-08-04,1,113,17.6,Streetwear,Silver,12356,1318,0.63,0.568,0.233,1,Repeated cart abandonment,High,0.012,1,Streetwear | Footwear | Activewear,Mid,45-54,Mpumalanga,Sneaker Enthusiast,Website,44,11,38331,Early access drop and trend-led lookbook for Streetwear
MRP-CUST-0196,33,33,26334,798,2026-08-04,1,44,17.8,Women Fashion,Platinum,22245,10476,0.514,0.479,0.179,0,None,High,0.056,1,Dresses | Accessories | Women Fashion,Mid,55+,Mpumalanga,Trend Enthusiast,Website,53,12,87211,Early access drop and trend-led lookbook for Dresses
MRP-CUST-0197,23,21,7733,368,2026-07-31,5,79,10.6,Dresses,Platinum,9633,2983,0.679,0.623,0.191,1,Refund issue,High,0.055,7,Women Fashion | Accessories | Dresses,Budget,55+,Limpopo,Beauty Lover,App Push,90,15,18857,Personalised cross-sell based on Women Fashion affinity
MRP-CUST-0198,12,13,7006,539,2026-06-15,51,20,14.8,Accessories,Silver,6007,1813,0.667,0.509,0.152,1,Refund issue,Medium,0.02,34,Accessories | Beauty | Dresses,Premium,25-34,Limpopo,Premium Occasion Shopper,App Push,35,25,16354,Personalised cross-sell based on Accessories affinity
MRP-CUST-0199,26,28,16124,576,2026-08-03,2,76,17.3,Women Fashion,Platinum,12394,8634,0.593,0.514,0.289,0,None,High,0.05,1,Denim | Women Fashion | Accessories,Budget,25-34,Gauteng,Trend Enthusiast,Website,82,12,56652,Early access drop and trend-led lookbook for Denim
MRP-CUST-0200,22,20,16487,824,2026-07-20,16,37,10.2,Accessories,Platinum,20587,17021,0.696,0.615,0.172,0,None,Medium,0.023,5,Dresses | Accessories | Denim,Mid,55+,Gauteng,Fashion Explorer,In-store,49,10,31385,Early access drop and trend-led lookbook for Dresses
MRP-CUST-0201,10,11,12021,1093,2026-07-21,15,74,10.3,Basics,Silver,12388,10500,0.539,0.587,0.147,1,Poor fit review,High,0.066,21,Denim | Basics | Footwear,Mid,45-54,Mpumalanga,Value Seeker,App Push,59,22,32828,Targeted promo on high-affinity budget and mid-price items
MRP-CUST-0202,23,25,9293,372,2026-07-27,9,61,22.8,Sneakers,Silver,7897,2756,0.669,0.654,0.338,0,None,High,0.032,1,Sneakers | Activewear | Footwear,Premium,18-24,Mpumalanga,Sneaker Enthusiast,Website,31,19,31770,Early access drop and trend-led lookbook for Sneakers
MRP-CUST-0203,19,20,21939,1097,2026-08-05,0,74,8.7,Denim,Platinum,24461,3989,0.64,0.604,0.149,1,Poor fit review,High,0.053,9,Dresses | Denim | Accessories,Budget,18-24,North West,Fashion Explorer,Website,77,22,62858,Early access drop and trend-led lookbook for Dresses
MRP-CUST-0204,8,9,6945,772,2026-06-19,47,70,12.6,Denim,Gold,8600,1115,0.427,0.358,0.256,0,None,High,0.118,31,Denim | Footwear | Basics,Budget,25-34,Northern Cape,Promotion Sensitive,App Push,81,58,10319,Targeted promo on high-affinity budget and mid-price items
MRP-CUST-0205,20,23,6372,277,2026-08-03,2,47,10.2,Basics,Gold,7578,5776,0.603,0.444,0.122,1,Low stock frustration,High,0.077,14,Basics | Footwear | Denim,Budget,55+,Eastern Cape,Value Seeker,Social,74,11,14910,Targeted promo on high-affinity budget and mid-price items
MRP-CUST-0206,12,13,9618,740,2026-07-12,24,48,9.9,Kids Clothing,Gold,10524,8092,0.391,0.35,0.078,0,None,Medium,0.09,25,Baby | Homeware | Kids Clothing,Premium,18-24,Western Cape,Family Shopper,App Push,23,24,23653,"Bundle offer across kids, basics and home essentials"
MRP-CUST-0207,8,11,3983,362,2026-07-11,25,74,14.7,Homeware,Bronze,3199,632,0.68,0.586,0.089,1,Repeated cart abandonment,High,0.029,27,Basics | Accessories | Homeware,Budget,45-54,Western Cape,Homeware Planner,In-store,72,38,10516,Personalised cross-sell based on Basics affinity
MRP-CUST-0208,13,16,14142,884,2026-07-08,28,29,13.4,Baby,Bronze,17150,13894,0.372,0.422,0.068,0,None,Medium,0.045,24,Baby | Basics | Homeware,Budget,35-44,North West,Homeware Planner,SMS,77,34,33416,Personalised cross-sell based on Baby affinity
MRP-CUST-0209,9,11,15847,1441,2026-07-08,28,49,10.5,Women Fashion,Gold,15505,11663,0.507,0.458,0.211,0,None,Medium,0.056,20,Denim | Footwear | Women Fashion,Budget,18-24,Eastern Cape,Value Seeker,App Push,79,39,42448,Targeted promo on high-affinity budget and mid-price items
MRP-CUST-0210,19,23,18559,807,2026-07-27,9,87,6.8,Dresses,Platinum,18110,11375,0.568,0.489,0.256,0,None,High,0.033,4,Beauty | Dresses | Women Fashion,Mid,25-34,North West,Beauty Lover,Email,56,10,48989,Personalised cross-sell based on Beauty affinity
MRP-CUST-0211,13,16,16513,1032,2026-07-26,10,25,6,Baby,Silver,15511,5498,0.469,0.433,0.107,1,Refund issue,High,0.081,22,Baby | Homeware | Kids Clothing,Premium,45-54,Limpopo,Family Shopper,Website,22,24,34453,"Bundle offer across kids, basics and home essentials"
MRP-CUST-0212,16,15,8615,574,2026-07-17,19,72,8.2,Activewear,Platinum,9301,3841,0.719,0.609,0.235,1,Poor fit review,High,0.022,14,Activewear | Sneakers | Footwear,Premium,25-34,Western Cape,Sneaker Enthusiast,Email,45,27,17414,Early access drop and trend-led lookbook for Activewear
MRP-CUST-0213,0,0,0,0,2026-02-20,166,10,5.5,Basics,Bronze,0,0,0,0.01,0.017,3,Low stock frustration,Low,0.158,99,Men Fashion | Basics | Women Fashion,Budget,55+,KwaZulu-Natal,Lapsed Customer,App Push,54,142,587,Win-back journey with voucher on Men Fashion
MRP-CUST-0214,13,16,19080,1192,2026-07-28,8,70,10.8,Accessories,Platinum,19356,2325,0.633,0.574,0.218,0,None,High,0.039,6,Women Fashion | Accessories | Dresses,Mid,45-54,Northern Cape,Beauty Lover,Website,54,36,55618,Personalised cross-sell based on Women Fashion affinity
MRP-CUST-0215,3,5,953,191,2026-02-22,164,6,0,Men Fashion,Silver,912,289,0,0.005,0.025,2,Late delivery complaint,Low,0.188,99,Footwear | Basics | Men Fashion,Budget,35-44,Gauteng,Lapsed Customer,Email,61,83,1022,Win-back journey with voucher on Footwear
MRP-CUST-0216,34,35,39737,1135,2026-07-27,9,48,19.6,Beauty,Gold,42630,18552,0.754,0.614,0.347,1,Repeated cart abandonment,High,0.047,2,Accessories | Beauty | Sneakers,Premium,35-44,Northern Cape,Loyal Advocate,In-store,30,13,94125,Personalised cross-sell based on Accessories affinity
MRP-CUST-0217,32,35,19869,568,2026-07-25,11,43,19.6,Dresses,Platinum,16763,2405,0.71,0.554,0.146,0,None,Medium,0.049,2,Accessories | Denim | Dresses,Budget,35-44,North West,Trend Enthusiast,App Push,86,7,69733,Early access drop and trend-led lookbook for Accessories
MRP-CUST-0218,21,20,12177,609,2026-07-25,11,44,19.7,Footwear,Silver,10290,8117,0.673,0.767,0.223,1,Unsubscribed from email,Medium,0.055,6,Footwear | Streetwear | Sneakers,Mid,45-54,Northern Cape,Sneaker Enthusiast,Email,49,12,21953,Early access drop and trend-led lookbook for Footwear
MRP-CUST-0219,15,18,28473,1582,2026-08-03,2,77,13.1,Women Fashion,Platinum,30449,6634,0.538,0.467,0.234,1,Low stock frustration,High,0.021,10,Dresses | Women Fashion | Denim,Mid,18-24,Gauteng,Trend Enthusiast,In-store,44,18,56456,Early access drop and trend-led lookbook for Dresses
MRP-CUST-0220,2,1,2522,2522,2026-05-23,74,43,5.9,Homeware,Silver,2664,855,0.114,0.14,0.059,0,None,Medium,0.042,54,Homeware | Women Fashion | Basics,Mid,45-54,Free State,Occasional Browser,SMS,29,115,3187,Reactivation campaign plus stock reminder for Homeware
MRP-CUST-0221,42,45,38614,858,2026-07-29,7,90,12.4,Women Fashion,Platinum,39922,4963,0.894,0.82,0.323,0,None,High,0.049,1,Accessories | Women Fashion | Sneakers,Mid,25-34,Limpopo,Loyal Advocate,App Push,65,8,141783,Personalised cross-sell based on Accessories affinity
MRP-CUST-0222,18,22,9120,415,2026-07-20,16,56,4.3,Denim,Gold,9596,1457,0.506,0.486,0.129,0,None,High,0.04,12,Basics | Denim | Women Fashion,Mid,45-54,Free State,Value Seeker,SMS,42,24,24173,Targeted promo on high-affinity budget and mid-price items
MRP-CUST-0223,0,1,1572,1572,2026-04-21,106,10,1.2,Basics,Bronze,1315,770,0.294,0.139,0.017,3,Low stock frustration,Low,0.147,92,Women Fashion | Basics | Footwear,Mid,18-24,KwaZulu-Natal,Lapsed Customer,Website,38,84,2479,Win-back journey with voucher on Women Fashion
MRP-CUST-0224,22,22,22697,1032,2026-07-16,20,39,7.2,Accessories,Platinum,18716,8890,0.845,0.71,0.279,0,None,Medium,0.065,4,Accessories | Women Fashion | Denim,Budget,35-44,Free State,Fashion Explorer,Website,87,13,74990,Early access drop and trend-led lookbook for Accessories
MRP-CUST-0225,9,7,5973,853,2026-07-28,8,49,9.9,Kids Clothing,Bronze,4482,2232,0.293,0.317,0.044,1,Low stock frustration,High,0.12,29,Kids Clothing | Basics | Men Fashion,Budget,45-54,Northern Cape,Budget Basics Shopper,SMS,70,45,12774,Personalised cross-sell based on Kids Clothing affinity
MRP-CUST-0226,39,38,22167,583,2026-07-28,8,94,19.8,Accessories,Gold,23811,3933,0.644,0.669,0.263,0,None,High,0.015,1,Accessories | Beauty | Sneakers,Budget,55+,Free State,Loyal Advocate,In-store,84,11,79019,Personalised cross-sell based on Accessories affinity
MRP-CUST-0227,28,29,26589,917,2026-07-22,14,89,13.3,Activewear,Gold,25403,12369,0.541,0.491,0.257,0,None,High,0.046,1,Footwear | Sneakers | Activewear,Mid,18-24,Western Cape,Sneaker Enthusiast,Website,52,8,73007,Early access drop and trend-led lookbook for Footwear
MRP-CUST-0228,48,52,25156,484,2026-07-29,7,111,9.1,Beauty,Platinum,26577,20540,0.867,0.844,0.198,0,None,High,0.037,1,Women Fashion | Sneakers | Beauty,Premium,35-44,Limpopo,Loyal Advocate,SMS,43,6,93024,Personalised cross-sell based on Women Fashion affinity
MRP-CUST-0229,33,36,18963,527,2026-07-18,18,68,7.8,Women Fashion,Gold,16941,1965,0.538,0.625,0.17,1,Poor fit review,High,0.06,9,Women Fashion | Dresses | Accessories,Mid,25-34,Western Cape,Trend Enthusiast,Website,49,6,36206,Early access drop and trend-led lookbook for Women Fashion
MRP-CUST-0230,15,15,17820,1188,2026-07-14,22,58,10.3,Dresses,Platinum,21686,3758,0.665,0.676,0.247,0,None,High,0.058,9,Dresses | Accessories | Women Fashion,Mid,35-44,Gauteng,Beauty Lover,Website,49,17,54972,Personalised cross-sell based on Dresses affinity
MRP-CUST-0231,11,9,7245,805,2026-07-04,32,45,9.3,Kids Clothing,Gold,7152,1188,0.582,0.442,0.183,0,None,Medium,0.057,22,Homeware | Kids Clothing | Baby,Mid,18-24,KwaZulu-Natal,Family Shopper,In-store,52,43,19782,"Bundle offer across kids, basics and home essentials"
MRP-CUST-0232,3,6,1116,186,2026-02-11,175,8,1.6,Basics,Bronze,1127,667,0.022,0.02,0.026,2,Late delivery complaint,Low,0.177,98,Footwear | Women Fashion | Basics,Budget,18-24,North West,Lapsed Customer,App Push,52,97,862,Win-back journey with voucher on Footwear
MRP-CUST-0233,21,21,14826,706,2026-08-04,1,43,17.3,Footwear,Platinum,12022,9812,0.574,0.442,0.255,0,None,High,0.058,1,Sneakers | Footwear | Activewear,Mid,18-24,Western Cape,Sneaker Enthusiast,App Push,60,20,31964,Early access drop and trend-led lookbook for Sneakers
MRP-CUST-0234,10,13,11929,918,2026-07-16,20,69,8.8,Kids Clothing,Gold,13581,4838,0.571,0.587,0.16,0,None,High,0.085,17,Basics | Kids Clothing | Baby,Budget,55+,Free State,Family Shopper,SMS,71,34,38991,"Bundle offer across kids, basics and home essentials"
MRP-CUST-0235,0,4,1766,442,2026-03-13,145,3,5.5,Women Fashion,Bronze,2116,357,0.062,0.143,0.004,3,Poor fit review,Low,0.184,99,Basics | Women Fashion | Footwear,Budget,45-54,North West,Lapsed Customer,Social,65,118,1216,Win-back journey with voucher on Basics
MRP-CUST-0236,10,12,7500,625,2026-08-03,2,49,12.6,Basics,Gold,7127,3961,0.653,0.606,0.147,1,Poor fit review,High,0.043,14,Basics | Denim | Footwear,Premium,45-54,Eastern Cape,Value Seeker,App Push,32,25,12857,Targeted promo on high-affinity budget and mid-price items
MRP-CUST-0237,27,30,38571,1286,2026-07-31,5,107,9.2,Beauty,Gold,38363,3851,0.695,0.759,0.327,0,None,High,0.011,1,Beauty | Sneakers | Accessories,Premium,55+,North West,Loyal Advocate,Website,28,11,85221,Personalised cross-sell based on Beauty affinity
MRP-CUST-0238,14,13,15641,1203,2026-06-24,42,32,14.2,Basics,Gold,12088,7386,0.333,0.263,0.068,1,Poor fit review,Medium,0.074,39,Baby | Homeware | Basics,Budget,55+,KwaZulu-Natal,Homeware Planner,Email,64,23,25329,Personalised cross-sell based on Baby affinity
MRP-CUST-0239,33,37,29172,788,2026-07-29,7,43,17.5,Women Fashion,Gold,26569,21833,0.763,0.608,0.286,1,Poor fit review,High,0.036,1,Dresses | Women Fashion | Accessories,Budget,35-44,Northern Cape,Trend Enthusiast,SMS,78,12,61924,Early access drop and trend-led lookbook for Dresses
MRP-CUST-0240,28,26,7185,276,2026-08-02,3,76,13.6,Accessories,Platinum,7730,5871,0.288,0.386,0.183,0,None,High,0.056,2,Dresses | Women Fashion | Accessories,Budget,45-54,Eastern Cape,Beauty Lover,SMS,64,13,20194,Personalised cross-sell based on Dresses affinity
MRP-CUST-0241,0,3,2047,682,2026-04-15,112,9,2.1,Footwear,Bronze,2010,1107,0,0.001,0.009,1,Refund issue,Low,0.159,86,Footwear | Women Fashion | Basics,Budget,18-24,Gauteng,Lapsed Customer,Website,67,108,2037,Win-back journey with voucher on Footwear
MRP-CUST-0242,14,15,7918,528,2026-07-24,12,64,11.2,Women Fashion,Silver,7858,1122,0.678,0.585,0.086,0,None,High,0.031,12,Denim | Footwear | Women Fashion,Mid,35-44,Eastern Cape,Value Seeker,Email,58,18,23098,Targeted promo on high-affinity budget and mid-price items
MRP-CUST-0243,11,10,15887,1589,2026-07-21,15,80,5.8,Denim,Silver,13632,7327,0.684,0.632,0.09,0,None,High,0.082,16,Denim | Women Fashion | Footwear,Mid,25-34,Mpumalanga,Value Seeker,SMS,51,35,53634,Targeted promo on high-affinity budget and mid-price items
MRP-CUST-0244,32,30,18194,606,2026-08-01,4,49,18.1,Denim,Gold,18904,9304,0.609,0.62,0.171,1,Refund issue,High,0.05,3,Dresses | Women Fashion | Denim,Mid,18-24,Free State,Trend Enthusiast,Website,61,10,48658,Early access drop and trend-led lookbook for Dresses
MRP-CUST-0245,9,9,10614,1179,2026-06-24,42,32,13.8,Baby,Bronze,8173,3485,0.506,0.457,0.069,0,None,Medium,0.045,31,Homeware | Baby | Basics,Mid,55+,Gauteng,Homeware Planner,Website,43,36,19519,Personalised cross-sell based on Homeware affinity
MRP-CUST-0246,30,29,27744,957,2026-08-01,4,75,17.1,Sneakers,Gold,34352,14462,0.559,0.58,0.276,1,Low stock frustration,High,0.044,1,Sneakers | Beauty | Accessories,Premium,35-44,Northern Cape,Loyal Advocate,Email,23,15,53525,Personalised cross-sell based on Sneakers affinity
MRP-CUST-0247,16,19,14535,765,2026-07-20,16,70,11.2,Kids Clothing,Silver,13684,5778,0.633,0.491,0.104,1,Repeated cart abandonment,High,0.092,22,Kids Clothing | Baby | Basics,Mid,25-34,Mpumalanga,Family Shopper,SMS,45,22,41961,"Bundle offer across kids, basics and home essentials"
MRP-CUST-0248,8,11,3381,307,2026-04-23,104,63,11.6,Homeware,Silver,3004,302,0.118,0.159,0.062,1,Late delivery complaint,High,0.137,72,Basics | Men Fashion | Homeware,Mid,55+,Limpopo,Occasional Browser,Social,43,51,5869,Reactivation campaign plus stock reminder for Basics
MRP-CUST-0249,5,9,268,30,2026-03-20,138,14,0.5,Basics,Silver,216,36,0.227,0.078,0.007,1,Repeated cart abandonment,Low,0.077,87,Footwear | Basics | Men Fashion,Mid,45-54,North West,Lapsed Customer,Website,48,61,335,Win-back journey with voucher on Footwear
MRP-CUST-0250,0,0,0,0,2025-12-25,223,10,2.5,Men Fashion,Bronze,0,0,0.054,0.069,0.026,4,Poor fit review,Low,0.133,99,Men Fashion | Basics | Footwear,Mid,35-44,North West,Lapsed Customer,SMS,27,63,511,Win-back journey with voucher on Men Fashion
