theme_id,theme,category,recommended_response
THEME-001,affordable styling,Positive,Scale value-led messages
THEME-002,local creators,Positive,Increase local creator usage
THEME-003,fresh colour palette,Positive,Use in visual merchandising
THEME-004,price concern,Negative,Add entry-level options
THEME-005,size inclusivity,Negative,Improve fit and size representation
THEME-006,quality concern,Negative,Add fabric and durability proof points
THEME-007,campaign feels generic,Negative,Add more cultural relevance
THEME-008,fit uncertainty,Negative,Add try-on videos and sizing guides
THEME-009,delivery issue,Negative,Route to service team
THEME-010,stock availability,Negative,Check replenishment and demand forecast
