trend_signal_id,trend_name,season,region,target_customer_segment,product_category,momentum_score,sentiment_score,forecasted_demand,forecasted_revenue_opportunity_zar_m,risk_level,signal_source,business_action,financial_growth_lever,agent_recommendation
TREND-0001,Summer Crochet Edit,Autumn,Cape Town,Holiday shoppers,Outerwear,62,67,Medium-High,3.74,Medium,product reviews,expand assortment,better campaign ROI,"Use Summer Crochet Edit to test a denim opportunity for Holiday shoppers and track ROI, sell-through, and sentiment."
TREND-0002,Workwear Remix,Spring,East London,Budget-conscious families,Dresses,74,62,Medium-High,16.64,High,search trend,add to growth register,revenue growth,"Use Workwear Remix to test a dresses opportunity for Budget-conscious families and track ROI, sell-through, and sentiment."
TREND-0003,Elevated Basics,Summer,Bloemfontein,Campus shoppers,Dresses,70,55,Low,4.49,High,campaign comments,test capsule collection,better campaign ROI,"Use Elevated Basics to test a activewear opportunity for Campus shoppers and track ROI, sell-through, and sentiment."
TREND-0004,Campus Sneaker Culture,Back to Campus,Kimberley,Budget-conscious families,Accessories,60,85,Very High,9.61,High,creator content,find collaborators,margin protection,"Use Campus Sneaker Culture to test a denim opportunity for Budget-conscious families and track ROI, sell-through, and sentiment."
TREND-0005,Retro Sport Luxe,Black Friday,Polokwane,Young working adults,Occasionwear,93,41,Low,3.58,Low,product reviews,test capsule collection,reduced markdown risk,"Use Retro Sport Luxe to test a occasionwear opportunity for Young working adults and track ROI, sell-through, and sentiment."
TREND-0006,Resort Neutrals,Graduation/Occasionwear,East London,Conscious shoppers,Outerwear,80,93,Low,11.81,Low,search trend,create campaign,improved sell-through,"Use Resort Neutrals to test a accessories opportunity for Conscious shoppers and track ROI, sell-through, and sentiment."
TREND-0007,Festival Street Style,Black Friday,East London,Gen Z students,Bottoms,91,94,Medium-High,16.36,Low,store feedback,add to growth register,better campaign ROI,"Use Festival Street Style to test a basics opportunity for Gen Z students and track ROI, sell-through, and sentiment."
TREND-0008,Affordable Occasionwear,Spring,Johannesburg,Budget-conscious families,Occasionwear,68,86,Medium,9.61,High,search trend,test capsule collection,revenue growth,"Use Affordable Occasionwear to test a bottoms opportunity for Budget-conscious families and track ROI, sell-through, and sentiment."
TREND-0009,Back to Campus Fits,Holiday/Festive,Pretoria,Conscious shoppers,Activewear,60,41,Medium,14.9,Low,product reviews,add to growth register,customer acquisition,"Use Back to Campus Fits to test a denim opportunity for Conscious shoppers and track ROI, sell-through, and sentiment."
TREND-0010,Campus Sneaker Culture,Black Friday,Cape Town,Sneaker culture audience,Basics,55,54,Very High,14.81,Medium,competitor scan,monitor pricing concern,improved sell-through,"Use Campus Sneaker Culture to test a accessories opportunity for Sneaker culture audience and track ROI, sell-through, and sentiment."
TREND-0011,Tech Utility Jackets,Holiday/Festive,Bloemfontein,Young professionals,Tops,78,66,Low,5.07,Low,competitor scan,expand assortment,margin protection,"Use Tech Utility Jackets to test a tops opportunity for Young professionals and track ROI, sell-through, and sentiment."
TREND-0012,Sustainable Denim Capsule,Summer,Gqeberha,Fashion-forward youth,Activewear,49,40,Medium-High,2.31,Low,competitor scan,expand assortment,margin protection,"Use Sustainable Denim Capsule to test a occasionwear opportunity for Fashion-forward youth and track ROI, sell-through, and sentiment."
TREND-0013,Local Culture Prints,Black Friday,Polokwane,Fashion-forward youth,Footwear,95,68,High,4.17,Low,creator content,test capsule collection,reduced markdown risk,"Use Local Culture Prints to test a tops opportunity for Fashion-forward youth and track ROI, sell-through, and sentiment."
TREND-0014,Tech Utility Jackets,Autumn,Cape Town,Gen Z students,Dresses,70,84,Medium-High,13.69,Low,competitor scan,expand assortment,reduced markdown risk,"Use Tech Utility Jackets to test a denim opportunity for Gen Z students and track ROI, sell-through, and sentiment."
TREND-0015,Bold Graphic Tees,Winter,Pretoria,Conscious shoppers,Tops,74,53,Low,8.11,High,social listening,create campaign,margin protection,"Use Bold Graphic Tees to test a denim opportunity for Conscious shoppers and track ROI, sell-through, and sentiment."
TREND-0016,Bold Graphic Tees,Black Friday,Polokwane,Young professionals,Tops,58,93,High,15.28,Low,creator content,find collaborators,reduced markdown risk,"Use Bold Graphic Tees to test a outerwear opportunity for Young professionals and track ROI, sell-through, and sentiment."
TREND-0017,Bold Graphic Tees,Graduation/Occasionwear,Kimberley,Young professionals,Basics,54,50,Medium-High,4.6,Low,social listening,monitor pricing concern,improved sell-through,"Use Bold Graphic Tees to test a tops opportunity for Young professionals and track ROI, sell-through, and sentiment."
TREND-0018,Utility Cargo Streetwear,Black Friday,Durban,Sneaker culture audience,Bottoms,78,48,Low,16.19,Low,product reviews,monitor pricing concern,margin protection,"Use Utility Cargo Streetwear to test a accessories opportunity for Sneaker culture audience and track ROI, sell-through, and sentiment."
TREND-0019,Affordable Quiet Luxury,Spring,Kimberley,Occasionwear shoppers,Occasionwear,83,40,Very High,2.48,High,search trend,find collaborators,margin protection,"Use Affordable Quiet Luxury to test a footwear opportunity for Occasionwear shoppers and track ROI, sell-through, and sentiment."
TREND-0020,Earth Tone Basics,Back to Campus,Johannesburg,Holiday shoppers,Activewear,53,80,Medium-High,8.33,Low,product reviews,create campaign,customer acquisition,"Use Earth Tone Basics to test a dresses opportunity for Holiday shoppers and track ROI, sell-through, and sentiment."
TREND-0021,Retro Sport Luxe,Back to Campus,Gqeberha,Budget-conscious families,Denim,67,94,Low,14.92,Medium,campaign comments,add to growth register,customer acquisition,"Use Retro Sport Luxe to test a outerwear opportunity for Budget-conscious families and track ROI, sell-through, and sentiment."
TREND-0022,Affordable Occasionwear,Graduation/Occasionwear,Pretoria,Gen Z students,Denim,87,90,Very High,5.87,High,store feedback,create campaign,revenue growth,"Use Affordable Occasionwear to test a basics opportunity for Gen Z students and track ROI, sell-through, and sentiment."
TREND-0023,Campus Sneaker Culture,Back to Campus,Gqeberha,Conscious shoppers,Basics,83,51,Medium-High,4.38,High,campaign comments,find collaborators,revenue growth,"Use Campus Sneaker Culture to test a bottoms opportunity for Conscious shoppers and track ROI, sell-through, and sentiment."
TREND-0024,Oversized Knitwear,Heritage Month,Gqeberha,Conscious shoppers,Denim,47,38,Medium-High,13.23,High,campaign comments,expand assortment,better campaign ROI,"Use Oversized Knitwear to test a accessories opportunity for Conscious shoppers and track ROI, sell-through, and sentiment."
TREND-0025,Workwear Remix,Summer,Kimberley,Young working adults,Basics,49,94,Medium,9.71,Medium,historical sales pattern,test capsule collection,margin protection,"Use Workwear Remix to test a tops opportunity for Young working adults and track ROI, sell-through, and sentiment."
TREND-0026,Heritage Style Drop,Holiday/Festive,East London,Gen Z students,Accessories,67,51,Medium,11.6,Medium,historical sales pattern,forecast demand,margin protection,"Use Heritage Style Drop to test a denim opportunity for Gen Z students and track ROI, sell-through, and sentiment."
TREND-0027,Weekend Travel Fits,Heritage Month,Cape Town,Gen Z students,Outerwear,56,85,Medium-High,13.41,Medium,historical sales pattern,add to growth register,better campaign ROI,"Use Weekend Travel Fits to test a bottoms opportunity for Gen Z students and track ROI, sell-through, and sentiment."
TREND-0028,Soft Tailoring Basics,Summer,Cape Town,Young professionals,Tops,59,50,High,6.65,Low,competitor scan,test capsule collection,improved sell-through,"Use Soft Tailoring Basics to test a outerwear opportunity for Young professionals and track ROI, sell-through, and sentiment."
TREND-0029,Summer Crochet Edit,Autumn,Bloemfontein,Conscious shoppers,Tops,67,79,Very High,7.43,High,product reviews,find collaborators,margin protection,"Use Summer Crochet Edit to test a occasionwear opportunity for Conscious shoppers and track ROI, sell-through, and sentiment."
TREND-0030,Y2K Streetwear,Summer,Polokwane,Young working adults,Occasionwear,83,65,Medium-High,12.57,Medium,product reviews,test capsule collection,customer acquisition,"Use Y2K Streetwear to test a dresses opportunity for Young working adults and track ROI, sell-through, and sentiment."
TREND-0031,Y2K Streetwear,Summer,Cape Town,Holiday shoppers,Footwear,45,71,Very High,11.91,High,creator content,create campaign,better campaign ROI,"Use Y2K Streetwear to test a footwear opportunity for Holiday shoppers and track ROI, sell-through, and sentiment."
TREND-0032,Affordable Occasionwear,Holiday/Festive,Bloemfontein,Young working adults,Accessories,91,57,Very High,6.02,Medium,store feedback,expand assortment,margin protection,"Use Affordable Occasionwear to test a dresses opportunity for Young working adults and track ROI, sell-through, and sentiment."
TREND-0033,Bold Graphic Tees,Heritage Month,Gqeberha,Budget-conscious families,Outerwear,84,74,Medium-High,7.53,Low,competitor scan,test capsule collection,customer acquisition,"Use Bold Graphic Tees to test a occasionwear opportunity for Budget-conscious families and track ROI, sell-through, and sentiment."
TREND-0034,Oversized Knitwear,Holiday/Festive,Durban,Young professionals,Bottoms,73,66,Medium,9.17,High,store feedback,expand assortment,better campaign ROI,"Use Oversized Knitwear to test a occasionwear opportunity for Young professionals and track ROI, sell-through, and sentiment."
TREND-0035,Active Street,Autumn,Johannesburg,Fashion-forward youth,Tops,88,57,Medium,13.78,Low,competitor scan,test capsule collection,customer acquisition,"Use Active Street to test a bottoms opportunity for Fashion-forward youth and track ROI, sell-through, and sentiment."
TREND-0036,Resort Neutrals,Heritage Month,Durban,Occasionwear shoppers,Tops,57,83,High,8.91,Low,product reviews,add to growth register,reduced markdown risk,"Use Resort Neutrals to test a dresses opportunity for Occasionwear shoppers and track ROI, sell-through, and sentiment."
TREND-0037,Festival Street Style,Graduation/Occasionwear,Mbombela,Young professionals,Denim,48,73,Medium,15.51,Low,campaign comments,monitor pricing concern,customer acquisition,"Use Festival Street Style to test a basics opportunity for Young professionals and track ROI, sell-through, and sentiment."
TREND-0038,Affordable Occasionwear,Holiday/Festive,Mbombela,Young professionals,Denim,84,90,Very High,7.86,High,campaign comments,test capsule collection,improved sell-through,"Use Affordable Occasionwear to test a dresses opportunity for Young professionals and track ROI, sell-through, and sentiment."
TREND-0039,Elevated Basics,Back to Campus,Gqeberha,Sneaker culture audience,Dresses,76,78,Medium,5.48,Low,store feedback,find collaborators,improved sell-through,"Use Elevated Basics to test a basics opportunity for Sneaker culture audience and track ROI, sell-through, and sentiment."
TREND-0040,Sustainable Denim Capsule,Winter,Polokwane,Budget-conscious families,Accessories,59,62,Medium,12.22,Low,search trend,expand assortment,reduced markdown risk,"Use Sustainable Denim Capsule to test a accessories opportunity for Budget-conscious families and track ROI, sell-through, and sentiment."
TREND-0041,Utility Cargo Streetwear,Spring,Kimberley,Holiday shoppers,Accessories,69,87,Very High,15.96,Low,campaign comments,create campaign,improved sell-through,"Use Utility Cargo Streetwear to test a outerwear opportunity for Holiday shoppers and track ROI, sell-through, and sentiment."
TREND-0042,Relaxed Cargo Denim,Heritage Month,Mbombela,Holiday shoppers,Dresses,79,85,Very High,13.68,Low,store feedback,test capsule collection,reduced markdown risk,"Use Relaxed Cargo Denim to test a tops opportunity for Holiday shoppers and track ROI, sell-through, and sentiment."
TREND-0043,Soft Tailoring Basics,Holiday/Festive,East London,Holiday shoppers,Tops,91,48,High,15.54,High,creator content,expand assortment,customer acquisition,"Use Soft Tailoring Basics to test a tops opportunity for Holiday shoppers and track ROI, sell-through, and sentiment."
TREND-0044,Sustainable Denim Capsule,Heritage Month,Cape Town,Budget-conscious families,Activewear,74,49,Low,5.26,Medium,search trend,find collaborators,reduced markdown risk,"Use Sustainable Denim Capsule to test a outerwear opportunity for Budget-conscious families and track ROI, sell-through, and sentiment."
TREND-0045,Relaxed Cargo Denim,Heritage Month,Bloemfontein,Conscious shoppers,Dresses,50,68,Low,12.88,Low,product reviews,add to growth register,better campaign ROI,"Use Relaxed Cargo Denim to test a tops opportunity for Conscious shoppers and track ROI, sell-through, and sentiment."
TREND-0046,Relaxed Cargo Denim,Summer,Durban,Fashion-forward youth,Activewear,57,91,Low,10.89,Low,product reviews,expand assortment,margin protection,"Use Relaxed Cargo Denim to test a activewear opportunity for Fashion-forward youth and track ROI, sell-through, and sentiment."
TREND-0047,Minimalist Basics,Back to Campus,Pretoria,Campus shoppers,Denim,55,76,Very High,16.23,High,store feedback,create campaign,customer acquisition,"Use Minimalist Basics to test a tops opportunity for Campus shoppers and track ROI, sell-through, and sentiment."
TREND-0048,Back to Campus Fits,Back to Campus,Pretoria,Occasionwear shoppers,Occasionwear,88,62,High,15.89,Low,competitor scan,create campaign,better campaign ROI,"Use Back to Campus Fits to test a outerwear opportunity for Occasionwear shoppers and track ROI, sell-through, and sentiment."
TREND-0049,Summer Crochet Edit,Autumn,Bloemfontein,Occasionwear shoppers,Bottoms,95,40,Medium-High,9.51,High,search trend,create campaign,reduced markdown risk,"Use Summer Crochet Edit to test a activewear opportunity for Occasionwear shoppers and track ROI, sell-through, and sentiment."
TREND-0050,Affordable Quiet Luxury,Heritage Month,Durban,Campus shoppers,Basics,85,91,High,12.23,Medium,store feedback,expand assortment,customer acquisition,"Use Affordable Quiet Luxury to test a activewear opportunity for Campus shoppers and track ROI, sell-through, and sentiment."
TREND-0051,Resort Neutrals,Heritage Month,Gqeberha,Occasionwear shoppers,Activewear,62,58,Medium,14.16,Low,competitor scan,add to growth register,reduced markdown risk,"Use Resort Neutrals to test a occasionwear opportunity for Occasionwear shoppers and track ROI, sell-through, and sentiment."
TREND-0052,Affordable Occasionwear,Heritage Month,Bloemfontein,Campus shoppers,Outerwear,46,69,Medium-High,4.04,Low,search trend,find collaborators,customer acquisition,"Use Affordable Occasionwear to test a outerwear opportunity for Campus shoppers and track ROI, sell-through, and sentiment."
TREND-0053,Workwear Remix,Summer,East London,Sneaker culture audience,Dresses,57,43,Medium,12.43,Medium,campaign comments,monitor pricing concern,better campaign ROI,"Use Workwear Remix to test a activewear opportunity for Sneaker culture audience and track ROI, sell-through, and sentiment."
TREND-0054,Resort Neutrals,Summer,Kimberley,Young working adults,Footwear,63,52,High,11.99,Medium,campaign comments,expand assortment,customer acquisition,"Use Resort Neutrals to test a footwear opportunity for Young working adults and track ROI, sell-through, and sentiment."
TREND-0055,Bold Graphic Tees,Graduation/Occasionwear,Cape Town,Campus shoppers,Bottoms,67,82,High,5.43,Medium,competitor scan,find collaborators,revenue growth,"Use Bold Graphic Tees to test a basics opportunity for Campus shoppers and track ROI, sell-through, and sentiment."
TREND-0056,Relaxed Cargo Denim,Winter,East London,Fashion-forward youth,Occasionwear,58,85,High,5.51,High,store feedback,create campaign,margin protection,"Use Relaxed Cargo Denim to test a outerwear opportunity for Fashion-forward youth and track ROI, sell-through, and sentiment."
TREND-0057,Earth Tone Basics,Holiday/Festive,Johannesburg,Budget-conscious families,Basics,64,38,Very High,3.17,Low,store feedback,monitor pricing concern,margin protection,"Use Earth Tone Basics to test a activewear opportunity for Budget-conscious families and track ROI, sell-through, and sentiment."
TREND-0058,Affordable Quiet Luxury,Summer,Johannesburg,Occasionwear shoppers,Outerwear,63,68,High,8.07,Low,campaign comments,create campaign,revenue growth,"Use Affordable Quiet Luxury to test a accessories opportunity for Occasionwear shoppers and track ROI, sell-through, and sentiment."
TREND-0059,Monochrome Essentials,Autumn,Gqeberha,Occasionwear shoppers,Bottoms,85,81,Low,3.57,High,competitor scan,create campaign,customer acquisition,"Use Monochrome Essentials to test a accessories opportunity for Occasionwear shoppers and track ROI, sell-through, and sentiment."
TREND-0060,Affordable Occasionwear,Spring,Polokwane,Sneaker culture audience,Outerwear,69,66,High,5.84,High,social listening,expand assortment,better campaign ROI,"Use Affordable Occasionwear to test a bottoms opportunity for Sneaker culture audience and track ROI, sell-through, and sentiment."
TREND-0061,Relaxed Cargo Denim,Spring,East London,Fashion-forward youth,Bottoms,61,80,Low,3.65,Low,historical sales pattern,create campaign,reduced markdown risk,"Use Relaxed Cargo Denim to test a activewear opportunity for Fashion-forward youth and track ROI, sell-through, and sentiment."
TREND-0062,Minimalist Basics,Black Friday,Mbombela,Conscious shoppers,Bottoms,47,52,Medium-High,12.23,High,competitor scan,find collaborators,better campaign ROI,"Use Minimalist Basics to test a occasionwear opportunity for Conscious shoppers and track ROI, sell-through, and sentiment."
TREND-0063,Tech Utility Jackets,Spring,Durban,Holiday shoppers,Bottoms,52,72,Medium,11.3,Medium,social listening,forecast demand,improved sell-through,"Use Tech Utility Jackets to test a occasionwear opportunity for Holiday shoppers and track ROI, sell-through, and sentiment."
TREND-0064,Colour Pop Accessories,Back to Campus,East London,Young professionals,Basics,52,67,Medium-High,12.12,Medium,campaign comments,test capsule collection,revenue growth,"Use Colour Pop Accessories to test a occasionwear opportunity for Young professionals and track ROI, sell-through, and sentiment."
TREND-0065,Utility Cargo Streetwear,Heritage Month,Kimberley,Campus shoppers,Occasionwear,83,54,Low,2.62,High,social listening,add to growth register,better campaign ROI,"Use Utility Cargo Streetwear to test a outerwear opportunity for Campus shoppers and track ROI, sell-through, and sentiment."
TREND-0066,Local Culture Prints,Summer,Kimberley,Budget-conscious families,Accessories,75,71,High,15.49,Low,campaign comments,create campaign,reduced markdown risk,"Use Local Culture Prints to test a footwear opportunity for Budget-conscious families and track ROI, sell-through, and sentiment."
TREND-0067,Bold Graphic Tees,Holiday/Festive,Mbombela,Campus shoppers,Outerwear,87,44,Medium,6.34,High,creator content,add to growth register,customer acquisition,"Use Bold Graphic Tees to test a tops opportunity for Campus shoppers and track ROI, sell-through, and sentiment."
TREND-0068,Resort Neutrals,Autumn,East London,Campus shoppers,Tops,61,58,Low,16.33,Medium,campaign comments,test capsule collection,revenue growth,"Use Resort Neutrals to test a dresses opportunity for Campus shoppers and track ROI, sell-through, and sentiment."
TREND-0069,Retro Sport Luxe,Holiday/Festive,Gqeberha,Occasionwear shoppers,Basics,93,69,High,13.06,Low,historical sales pattern,find collaborators,reduced markdown risk,"Use Retro Sport Luxe to test a activewear opportunity for Occasionwear shoppers and track ROI, sell-through, and sentiment."
TREND-0070,Affordable Quiet Luxury,Summer,East London,Occasionwear shoppers,Accessories,96,53,Medium,6.05,Low,product reviews,forecast demand,revenue growth,"Use Affordable Quiet Luxury to test a activewear opportunity for Occasionwear shoppers and track ROI, sell-through, and sentiment."
TREND-0071,Affordable Quiet Luxury,Winter,Mbombela,Young professionals,Activewear,90,56,Very High,12.2,Medium,competitor scan,test capsule collection,customer acquisition,"Use Affordable Quiet Luxury to test a denim opportunity for Young professionals and track ROI, sell-through, and sentiment."
TREND-0072,Soft Tailoring Basics,Spring,Polokwane,Occasionwear shoppers,Footwear,77,85,Medium,14.68,Medium,store feedback,add to growth register,revenue growth,"Use Soft Tailoring Basics to test a outerwear opportunity for Occasionwear shoppers and track ROI, sell-through, and sentiment."
TREND-0073,Colour Pop Accessories,Back to Campus,East London,Occasionwear shoppers,Activewear,82,80,High,14.7,Medium,search trend,find collaborators,customer acquisition,"Use Colour Pop Accessories to test a basics opportunity for Occasionwear shoppers and track ROI, sell-through, and sentiment."
TREND-0074,Soft Tailoring Basics,Black Friday,Polokwane,Campus shoppers,Tops,57,82,Medium,10.12,Low,search trend,monitor pricing concern,reduced markdown risk,"Use Soft Tailoring Basics to test a accessories opportunity for Campus shoppers and track ROI, sell-through, and sentiment."
TREND-0075,Soft Tailoring Basics,Winter,Pretoria,Young professionals,Activewear,47,46,Very High,16.26,Medium,product reviews,expand assortment,reduced markdown risk,"Use Soft Tailoring Basics to test a tops opportunity for Young professionals and track ROI, sell-through, and sentiment."
TREND-0076,Colour Pop Accessories,Winter,Bloemfontein,Holiday shoppers,Occasionwear,86,47,Low,8.52,Medium,creator content,monitor pricing concern,revenue growth,"Use Colour Pop Accessories to test a footwear opportunity for Holiday shoppers and track ROI, sell-through, and sentiment."
TREND-0077,Summer Crochet Edit,Graduation/Occasionwear,Kimberley,Holiday shoppers,Bottoms,65,78,High,14.81,Low,competitor scan,monitor pricing concern,better campaign ROI,"Use Summer Crochet Edit to test a outerwear opportunity for Holiday shoppers and track ROI, sell-through, and sentiment."
TREND-0078,Earth Tone Basics,Autumn,Gqeberha,Holiday shoppers,Tops,51,86,Low,8.12,High,social listening,find collaborators,revenue growth,"Use Earth Tone Basics to test a outerwear opportunity for Holiday shoppers and track ROI, sell-through, and sentiment."
TREND-0079,Denim Revival,Holiday/Festive,Durban,Holiday shoppers,Denim,54,53,Very High,7.63,High,historical sales pattern,create campaign,customer acquisition,"Use Denim Revival to test a accessories opportunity for Holiday shoppers and track ROI, sell-through, and sentiment."
TREND-0080,Affordable Occasionwear,Spring,Mbombela,Young professionals,Outerwear,82,47,Medium,8.39,Medium,social listening,add to growth register,reduced markdown risk,"Use Affordable Occasionwear to test a outerwear opportunity for Young professionals and track ROI, sell-through, and sentiment."
TREND-0081,Tech Utility Jackets,Graduation/Occasionwear,Polokwane,Budget-conscious families,Outerwear,49,66,Medium-High,16.61,Medium,campaign comments,add to growth register,improved sell-through,"Use Tech Utility Jackets to test a dresses opportunity for Budget-conscious families and track ROI, sell-through, and sentiment."
TREND-0082,Soft Tailoring Basics,Black Friday,Gqeberha,Young working adults,Tops,60,62,Very High,6.8,Medium,creator content,find collaborators,revenue growth,"Use Soft Tailoring Basics to test a occasionwear opportunity for Young working adults and track ROI, sell-through, and sentiment."
TREND-0083,Summer Crochet Edit,Summer,Kimberley,Occasionwear shoppers,Footwear,92,69,Medium-High,13.3,Low,competitor scan,monitor pricing concern,margin protection,"Use Summer Crochet Edit to test a occasionwear opportunity for Occasionwear shoppers and track ROI, sell-through, and sentiment."
TREND-0084,Y2K Streetwear,Winter,Johannesburg,Young working adults,Occasionwear,85,79,Low,6.02,Medium,search trend,monitor pricing concern,margin protection,"Use Y2K Streetwear to test a bottoms opportunity for Young working adults and track ROI, sell-through, and sentiment."
TREND-0085,Back to Campus Fits,Back to Campus,Bloemfontein,Campus shoppers,Basics,92,64,Medium,4.33,High,store feedback,add to growth register,margin protection,"Use Back to Campus Fits to test a outerwear opportunity for Campus shoppers and track ROI, sell-through, and sentiment."
TREND-0086,Back to Campus Fits,Black Friday,Pretoria,Conscious shoppers,Denim,92,93,Medium-High,13.75,Medium,competitor scan,add to growth register,better campaign ROI,"Use Back to Campus Fits to test a accessories opportunity for Conscious shoppers and track ROI, sell-through, and sentiment."
TREND-0087,Summer Crochet Edit,Graduation/Occasionwear,Pretoria,Campus shoppers,Activewear,50,88,High,1.42,High,search trend,monitor pricing concern,better campaign ROI,"Use Summer Crochet Edit to test a outerwear opportunity for Campus shoppers and track ROI, sell-through, and sentiment."
TREND-0088,Local Culture Prints,Heritage Month,East London,Campus shoppers,Footwear,51,81,Medium,8.56,High,competitor scan,monitor pricing concern,revenue growth,"Use Local Culture Prints to test a activewear opportunity for Campus shoppers and track ROI, sell-through, and sentiment."
TREND-0089,Back to Campus Fits,Back to Campus,Mbombela,Holiday shoppers,Bottoms,52,46,Low,15.96,Medium,product reviews,forecast demand,customer acquisition,"Use Back to Campus Fits to test a denim opportunity for Holiday shoppers and track ROI, sell-through, and sentiment."
TREND-0090,Soft Tailoring Basics,Black Friday,Durban,Campus shoppers,Accessories,87,85,Very High,7.74,High,product reviews,add to growth register,reduced markdown risk,"Use Soft Tailoring Basics to test a occasionwear opportunity for Campus shoppers and track ROI, sell-through, and sentiment."
TREND-0091,Bold Graphic Tees,Back to Campus,Bloemfontein,Gen Z students,Bottoms,89,61,Medium,8.12,Low,search trend,expand assortment,better campaign ROI,"Use Bold Graphic Tees to test a footwear opportunity for Gen Z students and track ROI, sell-through, and sentiment."
TREND-0092,Utility Cargo Streetwear,Heritage Month,Kimberley,Conscious shoppers,Tops,57,45,High,2.63,Low,social listening,add to growth register,improved sell-through,"Use Utility Cargo Streetwear to test a dresses opportunity for Conscious shoppers and track ROI, sell-through, and sentiment."
TREND-0093,Campus Sneaker Culture,Spring,Bloemfontein,Young working adults,Denim,93,73,Medium,10.35,Low,social listening,find collaborators,margin protection,"Use Campus Sneaker Culture to test a denim opportunity for Young working adults and track ROI, sell-through, and sentiment."
TREND-0094,Workwear Remix,Back to Campus,Cape Town,Budget-conscious families,Occasionwear,52,80,Low,3.26,Medium,search trend,create campaign,margin protection,"Use Workwear Remix to test a outerwear opportunity for Budget-conscious families and track ROI, sell-through, and sentiment."
TREND-0095,Utility Cargo Streetwear,Winter,East London,Holiday shoppers,Occasionwear,78,45,Low,8.63,Medium,product reviews,test capsule collection,customer acquisition,"Use Utility Cargo Streetwear to test a dresses opportunity for Holiday shoppers and track ROI, sell-through, and sentiment."
TREND-0096,Affordable Occasionwear,Summer,Polokwane,Sneaker culture audience,Accessories,64,67,Low,2.15,Medium,product reviews,test capsule collection,better campaign ROI,"Use Affordable Occasionwear to test a activewear opportunity for Sneaker culture audience and track ROI, sell-through, and sentiment."
TREND-0097,Sustainable Denim Capsule,Autumn,Kimberley,Campus shoppers,Basics,83,47,Low,3.17,High,search trend,test capsule collection,customer acquisition,"Use Sustainable Denim Capsule to test a basics opportunity for Campus shoppers and track ROI, sell-through, and sentiment."
TREND-0098,Heritage Style Drop,Black Friday,East London,Sneaker culture audience,Dresses,83,65,Low,13.57,Low,creator content,test capsule collection,margin protection,"Use Heritage Style Drop to test a accessories opportunity for Sneaker culture audience and track ROI, sell-through, and sentiment."
TREND-0099,Active Street,Black Friday,Gqeberha,Holiday shoppers,Footwear,71,84,Low,6.08,Medium,historical sales pattern,monitor pricing concern,reduced markdown risk,"Use Active Street to test a bottoms opportunity for Holiday shoppers and track ROI, sell-through, and sentiment."
TREND-0100,Sustainable Denim Capsule,Autumn,Johannesburg,Young working adults,Occasionwear,72,44,Medium-High,13.86,High,search trend,monitor pricing concern,revenue growth,"Use Sustainable Denim Capsule to test a accessories opportunity for Young working adults and track ROI, sell-through, and sentiment."
TREND-0101,Denim Revival,Heritage Month,East London,Gen Z students,Dresses,63,76,Medium-High,6.69,High,historical sales pattern,monitor pricing concern,reduced markdown risk,"Use Denim Revival to test a dresses opportunity for Gen Z students and track ROI, sell-through, and sentiment."
TREND-0102,Summer Crochet Edit,Autumn,Cape Town,Campus shoppers,Accessories,80,61,Low,13.1,High,social listening,expand assortment,better campaign ROI,"Use Summer Crochet Edit to test a outerwear opportunity for Campus shoppers and track ROI, sell-through, and sentiment."
TREND-0103,Coastal Summer Linen,Winter,Johannesburg,Conscious shoppers,Denim,89,86,Medium-High,15.58,Medium,historical sales pattern,expand assortment,better campaign ROI,"Use Coastal Summer Linen to test a accessories opportunity for Conscious shoppers and track ROI, sell-through, and sentiment."
TREND-0104,Sustainable Denim Capsule,Winter,Mbombela,Gen Z students,Footwear,50,85,Very High,4.56,Medium,historical sales pattern,find collaborators,improved sell-through,"Use Sustainable Denim Capsule to test a footwear opportunity for Gen Z students and track ROI, sell-through, and sentiment."
TREND-0105,Relaxed Cargo Denim,Autumn,Gqeberha,Gen Z students,Activewear,54,48,Very High,1.98,Low,creator content,test capsule collection,customer acquisition,"Use Relaxed Cargo Denim to test a activewear opportunity for Gen Z students and track ROI, sell-through, and sentiment."
TREND-0106,Bold Graphic Tees,Back to Campus,Gqeberha,Fashion-forward youth,Occasionwear,93,70,Low,6.58,Low,campaign comments,expand assortment,better campaign ROI,"Use Bold Graphic Tees to test a outerwear opportunity for Fashion-forward youth and track ROI, sell-through, and sentiment."
TREND-0107,Utility Cargo Streetwear,Spring,Durban,Holiday shoppers,Outerwear,83,41,Low,4.39,Low,store feedback,find collaborators,revenue growth,"Use Utility Cargo Streetwear to test a tops opportunity for Holiday shoppers and track ROI, sell-through, and sentiment."
TREND-0108,Monochrome Essentials,Heritage Month,East London,Budget-conscious families,Footwear,53,62,Very High,12.18,High,product reviews,test capsule collection,better campaign ROI,"Use Monochrome Essentials to test a tops opportunity for Budget-conscious families and track ROI, sell-through, and sentiment."
TREND-0109,Bold Graphic Tees,Summer,Polokwane,Young professionals,Accessories,49,93,Medium-High,10.18,High,store feedback,create campaign,reduced markdown risk,"Use Bold Graphic Tees to test a tops opportunity for Young professionals and track ROI, sell-through, and sentiment."
TREND-0110,Active Street,Winter,Cape Town,Occasionwear shoppers,Accessories,74,91,Medium-High,2.57,Low,creator content,expand assortment,revenue growth,"Use Active Street to test a accessories opportunity for Occasionwear shoppers and track ROI, sell-through, and sentiment."
TREND-0111,Summer Crochet Edit,Back to Campus,Pretoria,Campus shoppers,Basics,59,59,Medium,2.39,High,competitor scan,add to growth register,improved sell-through,"Use Summer Crochet Edit to test a footwear opportunity for Campus shoppers and track ROI, sell-through, and sentiment."
TREND-0112,Colour Pop Accessories,Winter,Durban,Fashion-forward youth,Bottoms,51,47,Medium-High,4.28,High,historical sales pattern,add to growth register,better campaign ROI,"Use Colour Pop Accessories to test a activewear opportunity for Fashion-forward youth and track ROI, sell-through, and sentiment."
TREND-0113,Resort Neutrals,Black Friday,Bloemfontein,Occasionwear shoppers,Denim,86,78,Very High,6.24,High,campaign comments,create campaign,reduced markdown risk,"Use Resort Neutrals to test a activewear opportunity for Occasionwear shoppers and track ROI, sell-through, and sentiment."
TREND-0114,Oversized Knitwear,Back to Campus,Mbombela,Conscious shoppers,Activewear,82,41,Medium-High,9.11,Medium,social listening,create campaign,improved sell-through,"Use Oversized Knitwear to test a outerwear opportunity for Conscious shoppers and track ROI, sell-through, and sentiment."
TREND-0115,Sustainable Denim Capsule,Autumn,Johannesburg,Occasionwear shoppers,Activewear,83,70,High,8.42,High,competitor scan,find collaborators,customer acquisition,"Use Sustainable Denim Capsule to test a activewear opportunity for Occasionwear shoppers and track ROI, sell-through, and sentiment."
TREND-0116,Retro Sport Luxe,Winter,East London,Gen Z students,Denim,73,44,Medium-High,16.53,Low,social listening,forecast demand,better campaign ROI,"Use Retro Sport Luxe to test a activewear opportunity for Gen Z students and track ROI, sell-through, and sentiment."
TREND-0117,Resort Neutrals,Graduation/Occasionwear,Polokwane,Sneaker culture audience,Accessories,84,48,Medium-High,7.02,Medium,search trend,monitor pricing concern,customer acquisition,"Use Resort Neutrals to test a tops opportunity for Sneaker culture audience and track ROI, sell-through, and sentiment."
TREND-0118,Street Smart Athleisure,Holiday/Festive,Gqeberha,Young working adults,Occasionwear,66,44,Very High,11.78,Medium,historical sales pattern,find collaborators,revenue growth,"Use Street Smart Athleisure to test a occasionwear opportunity for Young working adults and track ROI, sell-through, and sentiment."
TREND-0119,Tech Utility Jackets,Winter,Pretoria,Campus shoppers,Outerwear,64,79,High,3.21,High,creator content,monitor pricing concern,improved sell-through,"Use Tech Utility Jackets to test a denim opportunity for Campus shoppers and track ROI, sell-through, and sentiment."
TREND-0120,Tech Utility Jackets,Graduation/Occasionwear,Bloemfontein,Young working adults,Outerwear,86,80,High,9.13,Low,historical sales pattern,forecast demand,improved sell-through,"Use Tech Utility Jackets to test a activewear opportunity for Young working adults and track ROI, sell-through, and sentiment."
TREND-0121,Winter Layering Essentials,Spring,East London,Budget-conscious families,Basics,54,42,Medium-High,14.37,Low,social listening,monitor pricing concern,improved sell-through,"Use Winter Layering Essentials to test a occasionwear opportunity for Budget-conscious families and track ROI, sell-through, and sentiment."
TREND-0122,Campus Sneaker Culture,Heritage Month,Mbombela,Budget-conscious families,Tops,55,49,Very High,13.82,Low,creator content,find collaborators,better campaign ROI,"Use Campus Sneaker Culture to test a dresses opportunity for Budget-conscious families and track ROI, sell-through, and sentiment."
TREND-0123,Resort Neutrals,Back to Campus,Cape Town,Young professionals,Footwear,59,72,Medium,6.03,Medium,campaign comments,test capsule collection,improved sell-through,"Use Resort Neutrals to test a accessories opportunity for Young professionals and track ROI, sell-through, and sentiment."
TREND-0124,Retro Sport Luxe,Graduation/Occasionwear,Gqeberha,Holiday shoppers,Tops,55,90,Medium,13.7,Low,campaign comments,add to growth register,improved sell-through,"Use Retro Sport Luxe to test a basics opportunity for Holiday shoppers and track ROI, sell-through, and sentiment."
TREND-0125,Back to Campus Fits,Autumn,Mbombela,Sneaker culture audience,Basics,52,56,Low,13.1,Medium,historical sales pattern,add to growth register,reduced markdown risk,"Use Back to Campus Fits to test a bottoms opportunity for Sneaker culture audience and track ROI, sell-through, and sentiment."
TREND-0126,Back to Campus Fits,Spring,Bloemfontein,Young professionals,Dresses,67,39,High,2.03,High,creator content,create campaign,improved sell-through,"Use Back to Campus Fits to test a dresses opportunity for Young professionals and track ROI, sell-through, and sentiment."
TREND-0127,Coastal Summer Linen,Holiday/Festive,Johannesburg,Young working adults,Outerwear,90,79,Medium-High,13.55,Low,campaign comments,monitor pricing concern,margin protection,"Use Coastal Summer Linen to test a activewear opportunity for Young working adults and track ROI, sell-through, and sentiment."
TREND-0128,Resort Neutrals,Summer,Kimberley,Young working adults,Basics,46,54,Medium,14.23,High,creator content,create campaign,improved sell-through,"Use Resort Neutrals to test a dresses opportunity for Young working adults and track ROI, sell-through, and sentiment."
TREND-0129,Heritage Style Drop,Autumn,Mbombela,Gen Z students,Occasionwear,60,64,Very High,8.33,Low,social listening,monitor pricing concern,customer acquisition,"Use Heritage Style Drop to test a occasionwear opportunity for Gen Z students and track ROI, sell-through, and sentiment."
TREND-0130,Earth Tone Basics,Winter,Polokwane,Conscious shoppers,Denim,72,38,Very High,6.7,High,product reviews,expand assortment,improved sell-through,"Use Earth Tone Basics to test a bottoms opportunity for Conscious shoppers and track ROI, sell-through, and sentiment."
TREND-0131,Retro Sport Luxe,Graduation/Occasionwear,Johannesburg,Sneaker culture audience,Accessories,95,70,Very High,1.52,Medium,search trend,find collaborators,better campaign ROI,"Use Retro Sport Luxe to test a tops opportunity for Sneaker culture audience and track ROI, sell-through, and sentiment."
TREND-0132,Denim Revival,Autumn,Bloemfontein,Campus shoppers,Denim,60,84,Low,13.24,High,social listening,find collaborators,customer acquisition,"Use Denim Revival to test a footwear opportunity for Campus shoppers and track ROI, sell-through, and sentiment."
TREND-0133,Elevated Basics,Winter,Mbombela,Young professionals,Tops,89,68,Medium,13.86,Low,store feedback,forecast demand,revenue growth,"Use Elevated Basics to test a dresses opportunity for Young professionals and track ROI, sell-through, and sentiment."
TREND-0134,Weekend Travel Fits,Summer,Mbombela,Campus shoppers,Outerwear,64,70,High,16.63,High,social listening,add to growth register,better campaign ROI,"Use Weekend Travel Fits to test a dresses opportunity for Campus shoppers and track ROI, sell-through, and sentiment."
TREND-0135,Heritage Style Drop,Holiday/Festive,Polokwane,Gen Z students,Accessories,86,59,Medium-High,3.14,Medium,campaign comments,test capsule collection,improved sell-through,"Use Heritage Style Drop to test a denim opportunity for Gen Z students and track ROI, sell-through, and sentiment."
TREND-0136,Monochrome Essentials,Black Friday,Polokwane,Campus shoppers,Bottoms,96,71,Medium-High,13.7,High,creator content,expand assortment,margin protection,"Use Monochrome Essentials to test a basics opportunity for Campus shoppers and track ROI, sell-through, and sentiment."
TREND-0137,Heritage Style Drop,Holiday/Festive,Polokwane,Young working adults,Denim,50,58,Medium-High,5.98,High,campaign comments,find collaborators,reduced markdown risk,"Use Heritage Style Drop to test a tops opportunity for Young working adults and track ROI, sell-through, and sentiment."
TREND-0138,Colour Pop Accessories,Holiday/Festive,Polokwane,Occasionwear shoppers,Footwear,72,55,Low,2.37,High,historical sales pattern,create campaign,margin protection,"Use Colour Pop Accessories to test a occasionwear opportunity for Occasionwear shoppers and track ROI, sell-through, and sentiment."
TREND-0139,Tech Utility Jackets,Black Friday,Bloemfontein,Gen Z students,Accessories,53,42,Medium,13.34,Medium,social listening,expand assortment,margin protection,"Use Tech Utility Jackets to test a activewear opportunity for Gen Z students and track ROI, sell-through, and sentiment."
TREND-0140,Denim Revival,Holiday/Festive,Polokwane,Young professionals,Footwear,93,42,Very High,3.35,Medium,store feedback,forecast demand,revenue growth,"Use Denim Revival to test a tops opportunity for Young professionals and track ROI, sell-through, and sentiment."
TREND-0141,Colour Pop Accessories,Winter,Mbombela,Young professionals,Dresses,78,62,Very High,3.04,Medium,store feedback,monitor pricing concern,reduced markdown risk,"Use Colour Pop Accessories to test a dresses opportunity for Young professionals and track ROI, sell-through, and sentiment."
TREND-0142,Affordable Quiet Luxury,Winter,Bloemfontein,Young working adults,Footwear,73,49,High,16.76,High,product reviews,expand assortment,customer acquisition,"Use Affordable Quiet Luxury to test a outerwear opportunity for Young working adults and track ROI, sell-through, and sentiment."
TREND-0143,Weekend Travel Fits,Back to Campus,Cape Town,Budget-conscious families,Bottoms,90,83,Medium,13.58,High,competitor scan,add to growth register,margin protection,"Use Weekend Travel Fits to test a dresses opportunity for Budget-conscious families and track ROI, sell-through, and sentiment."
TREND-0144,Street Smart Athleisure,Black Friday,Durban,Gen Z students,Occasionwear,68,73,Very High,6.96,High,product reviews,create campaign,improved sell-through,"Use Street Smart Athleisure to test a accessories opportunity for Gen Z students and track ROI, sell-through, and sentiment."
TREND-0145,Minimalist Basics,Black Friday,Durban,Sneaker culture audience,Footwear,71,87,High,14.04,Low,product reviews,test capsule collection,reduced markdown risk,"Use Minimalist Basics to test a basics opportunity for Sneaker culture audience and track ROI, sell-through, and sentiment."
TREND-0146,Denim Revival,Winter,Polokwane,Sneaker culture audience,Basics,85,75,Medium,13.18,Low,social listening,add to growth register,revenue growth,"Use Denim Revival to test a basics opportunity for Sneaker culture audience and track ROI, sell-through, and sentiment."
TREND-0147,Campus Sneaker Culture,Back to Campus,Gqeberha,Budget-conscious families,Bottoms,55,58,Medium,6.6,High,store feedback,forecast demand,better campaign ROI,"Use Campus Sneaker Culture to test a basics opportunity for Budget-conscious families and track ROI, sell-through, and sentiment."
TREND-0148,Y2K Streetwear,Winter,Kimberley,Conscious shoppers,Occasionwear,84,72,Low,9.04,Low,historical sales pattern,forecast demand,better campaign ROI,"Use Y2K Streetwear to test a occasionwear opportunity for Conscious shoppers and track ROI, sell-through, and sentiment."
TREND-0149,Colour Pop Accessories,Holiday/Festive,Kimberley,Occasionwear shoppers,Outerwear,47,90,Low,2.47,High,competitor scan,add to growth register,customer acquisition,"Use Colour Pop Accessories to test a accessories opportunity for Occasionwear shoppers and track ROI, sell-through, and sentiment."
TREND-0150,Affordable Occasionwear,Summer,Mbombela,Young professionals,Dresses,85,72,Medium-High,11.21,Medium,creator content,find collaborators,reduced markdown risk,"Use Affordable Occasionwear to test a bottoms opportunity for Young professionals and track ROI, sell-through, and sentiment."
TREND-0151,Minimalist Basics,Summer,Kimberley,Budget-conscious families,Denim,73,64,High,8.45,Medium,search trend,add to growth register,better campaign ROI,"Use Minimalist Basics to test a footwear opportunity for Budget-conscious families and track ROI, sell-through, and sentiment."
TREND-0152,Colour Pop Accessories,Holiday/Festive,Bloemfontein,Holiday shoppers,Dresses,53,86,Medium-High,9.23,Low,campaign comments,create campaign,improved sell-through,"Use Colour Pop Accessories to test a activewear opportunity for Holiday shoppers and track ROI, sell-through, and sentiment."
TREND-0153,Earth Tone Basics,Winter,Cape Town,Young working adults,Denim,48,56,High,14.68,Medium,search trend,expand assortment,better campaign ROI,"Use Earth Tone Basics to test a footwear opportunity for Young working adults and track ROI, sell-through, and sentiment."
TREND-0154,Winter Layering Essentials,Winter,Johannesburg,Young professionals,Bottoms,77,67,High,14.91,Medium,creator content,expand assortment,reduced markdown risk,"Use Winter Layering Essentials to test a dresses opportunity for Young professionals and track ROI, sell-through, and sentiment."
TREND-0155,Winter Layering Essentials,Holiday/Festive,Mbombela,Gen Z students,Outerwear,48,56,High,10.52,High,social listening,add to growth register,revenue growth,"Use Winter Layering Essentials to test a accessories opportunity for Gen Z students and track ROI, sell-through, and sentiment."
TREND-0156,Campus Sneaker Culture,Back to Campus,Kimberley,Campus shoppers,Basics,93,63,Medium-High,1.91,Low,competitor scan,find collaborators,customer acquisition,"Use Campus Sneaker Culture to test a outerwear opportunity for Campus shoppers and track ROI, sell-through, and sentiment."
TREND-0157,Sustainable Denim Capsule,Heritage Month,Kimberley,Sneaker culture audience,Bottoms,73,86,Very High,5.56,High,historical sales pattern,create campaign,reduced markdown risk,"Use Sustainable Denim Capsule to test a footwear opportunity for Sneaker culture audience and track ROI, sell-through, and sentiment."
TREND-0158,Street Smart Athleisure,Holiday/Festive,Polokwane,Sneaker culture audience,Basics,68,86,Medium,4.31,High,social listening,create campaign,revenue growth,"Use Street Smart Athleisure to test a denim opportunity for Sneaker culture audience and track ROI, sell-through, and sentiment."
TREND-0159,Minimalist Basics,Holiday/Festive,Durban,Young professionals,Footwear,78,67,Medium,10.66,High,search trend,forecast demand,reduced markdown risk,"Use Minimalist Basics to test a occasionwear opportunity for Young professionals and track ROI, sell-through, and sentiment."
TREND-0160,Colour Pop Accessories,Back to Campus,Kimberley,Occasionwear shoppers,Outerwear,66,70,Very High,9.5,High,campaign comments,add to growth register,revenue growth,"Use Colour Pop Accessories to test a footwear opportunity for Occasionwear shoppers and track ROI, sell-through, and sentiment."
TREND-0161,Active Street,Autumn,Kimberley,Holiday shoppers,Occasionwear,82,57,Low,10.51,Medium,competitor scan,monitor pricing concern,revenue growth,"Use Active Street to test a occasionwear opportunity for Holiday shoppers and track ROI, sell-through, and sentiment."
TREND-0162,Monochrome Essentials,Winter,Durban,Sneaker culture audience,Dresses,85,84,Very High,13.28,Medium,social listening,expand assortment,better campaign ROI,"Use Monochrome Essentials to test a bottoms opportunity for Sneaker culture audience and track ROI, sell-through, and sentiment."
TREND-0163,Winter Layering Essentials,Summer,Polokwane,Young professionals,Basics,65,64,Medium,7.64,Low,campaign comments,add to growth register,better campaign ROI,"Use Winter Layering Essentials to test a tops opportunity for Young professionals and track ROI, sell-through, and sentiment."
TREND-0164,Minimalist Basics,Winter,East London,Sneaker culture audience,Accessories,58,73,Medium-High,16.77,Medium,search trend,forecast demand,reduced markdown risk,"Use Minimalist Basics to test a basics opportunity for Sneaker culture audience and track ROI, sell-through, and sentiment."
TREND-0165,Active Street,Graduation/Occasionwear,Cape Town,Campus shoppers,Outerwear,88,87,Medium-High,10.72,Low,store feedback,forecast demand,improved sell-through,"Use Active Street to test a outerwear opportunity for Campus shoppers and track ROI, sell-through, and sentiment."
TREND-0166,Minimalist Basics,Spring,Gqeberha,Young professionals,Outerwear,65,68,Medium-High,9.94,High,product reviews,expand assortment,better campaign ROI,"Use Minimalist Basics to test a basics opportunity for Young professionals and track ROI, sell-through, and sentiment."
TREND-0167,Soft Tailoring Basics,Heritage Month,Pretoria,Campus shoppers,Footwear,94,89,Medium,5.73,Medium,campaign comments,monitor pricing concern,improved sell-through,"Use Soft Tailoring Basics to test a activewear opportunity for Campus shoppers and track ROI, sell-through, and sentiment."
TREND-0168,Winter Layering Essentials,Spring,Kimberley,Sneaker culture audience,Dresses,62,73,Medium-High,3.34,High,competitor scan,create campaign,better campaign ROI,"Use Winter Layering Essentials to test a basics opportunity for Sneaker culture audience and track ROI, sell-through, and sentiment."
TREND-0169,Earth Tone Basics,Spring,Durban,Gen Z students,Tops,51,64,Medium-High,12.39,Low,historical sales pattern,test capsule collection,better campaign ROI,"Use Earth Tone Basics to test a activewear opportunity for Gen Z students and track ROI, sell-through, and sentiment."
TREND-0170,Monochrome Essentials,Spring,Kimberley,Conscious shoppers,Dresses,65,56,Low,15.36,Low,social listening,forecast demand,reduced markdown risk,"Use Monochrome Essentials to test a denim opportunity for Conscious shoppers and track ROI, sell-through, and sentiment."
TREND-0171,Back to Campus Fits,Summer,Johannesburg,Holiday shoppers,Tops,95,69,Medium,15.81,Medium,store feedback,expand assortment,customer acquisition,"Use Back to Campus Fits to test a bottoms opportunity for Holiday shoppers and track ROI, sell-through, and sentiment."
TREND-0172,Back to Campus Fits,Holiday/Festive,East London,Conscious shoppers,Activewear,74,79,Very High,9.38,Low,store feedback,forecast demand,revenue growth,"Use Back to Campus Fits to test a footwear opportunity for Conscious shoppers and track ROI, sell-through, and sentiment."
TREND-0173,Festival Street Style,Black Friday,Kimberley,Conscious shoppers,Dresses,90,49,Low,12.69,Medium,historical sales pattern,expand assortment,better campaign ROI,"Use Festival Street Style to test a accessories opportunity for Conscious shoppers and track ROI, sell-through, and sentiment."
TREND-0174,Elevated Basics,Heritage Month,Durban,Sneaker culture audience,Activewear,65,43,High,11.64,Low,search trend,forecast demand,revenue growth,"Use Elevated Basics to test a outerwear opportunity for Sneaker culture audience and track ROI, sell-through, and sentiment."
TREND-0175,Soft Tailoring Basics,Spring,Kimberley,Young professionals,Tops,93,55,Medium-High,5.91,High,store feedback,monitor pricing concern,improved sell-through,"Use Soft Tailoring Basics to test a dresses opportunity for Young professionals and track ROI, sell-through, and sentiment."
TREND-0176,Utility Cargo Streetwear,Autumn,Gqeberha,Young professionals,Bottoms,64,48,High,11.9,High,store feedback,find collaborators,customer acquisition,"Use Utility Cargo Streetwear to test a dresses opportunity for Young professionals and track ROI, sell-through, and sentiment."
TREND-0177,Earth Tone Basics,Winter,East London,Young professionals,Activewear,54,67,Very High,7.03,High,competitor scan,add to growth register,margin protection,"Use Earth Tone Basics to test a occasionwear opportunity for Young professionals and track ROI, sell-through, and sentiment."
TREND-0178,Summer Crochet Edit,Autumn,Pretoria,Sneaker culture audience,Tops,73,71,Medium-High,2.42,High,competitor scan,expand assortment,customer acquisition,"Use Summer Crochet Edit to test a denim opportunity for Sneaker culture audience and track ROI, sell-through, and sentiment."
TREND-0179,Festival Street Style,Holiday/Festive,Pretoria,Sneaker culture audience,Basics,73,45,Medium,12.38,Medium,campaign comments,add to growth register,revenue growth,"Use Festival Street Style to test a activewear opportunity for Sneaker culture audience and track ROI, sell-through, and sentiment."
TREND-0180,Campus Sneaker Culture,Graduation/Occasionwear,Gqeberha,Holiday shoppers,Tops,74,74,Low,9.92,High,creator content,find collaborators,revenue growth,"Use Campus Sneaker Culture to test a dresses opportunity for Holiday shoppers and track ROI, sell-through, and sentiment."
TREND-0181,Local Culture Prints,Autumn,Pretoria,Gen Z students,Activewear,72,60,Low,9.64,Low,social listening,find collaborators,reduced markdown risk,"Use Local Culture Prints to test a denim opportunity for Gen Z students and track ROI, sell-through, and sentiment."
TREND-0182,Relaxed Cargo Denim,Winter,Polokwane,Holiday shoppers,Bottoms,68,62,High,14.77,Medium,historical sales pattern,monitor pricing concern,improved sell-through,"Use Relaxed Cargo Denim to test a bottoms opportunity for Holiday shoppers and track ROI, sell-through, and sentiment."
TREND-0183,Festival Street Style,Graduation/Occasionwear,Gqeberha,Holiday shoppers,Activewear,78,46,Medium,14.22,Low,creator content,expand assortment,reduced markdown risk,"Use Festival Street Style to test a dresses opportunity for Holiday shoppers and track ROI, sell-through, and sentiment."
TREND-0184,Earth Tone Basics,Black Friday,Pretoria,Campus shoppers,Tops,54,55,Medium,15.82,High,creator content,expand assortment,revenue growth,"Use Earth Tone Basics to test a dresses opportunity for Campus shoppers and track ROI, sell-through, and sentiment."
TREND-0185,Winter Layering Essentials,Autumn,Johannesburg,Young working adults,Dresses,83,40,High,10.53,High,social listening,test capsule collection,reduced markdown risk,"Use Winter Layering Essentials to test a dresses opportunity for Young working adults and track ROI, sell-through, and sentiment."
TREND-0186,Workwear Remix,Spring,Kimberley,Gen Z students,Footwear,53,70,Medium-High,4.85,High,search trend,forecast demand,improved sell-through,"Use Workwear Remix to test a denim opportunity for Gen Z students and track ROI, sell-through, and sentiment."
TREND-0187,Tech Utility Jackets,Graduation/Occasionwear,Durban,Fashion-forward youth,Accessories,71,57,Medium-High,2.15,High,campaign comments,create campaign,improved sell-through,"Use Tech Utility Jackets to test a accessories opportunity for Fashion-forward youth and track ROI, sell-through, and sentiment."
TREND-0188,Street Smart Athleisure,Graduation/Occasionwear,Durban,Campus shoppers,Basics,89,64,High,3.53,Medium,campaign comments,forecast demand,margin protection,"Use Street Smart Athleisure to test a outerwear opportunity for Campus shoppers and track ROI, sell-through, and sentiment."
TREND-0189,Summer Crochet Edit,Winter,East London,Young professionals,Denim,48,73,High,16.3,High,creator content,forecast demand,improved sell-through,"Use Summer Crochet Edit to test a dresses opportunity for Young professionals and track ROI, sell-through, and sentiment."
TREND-0190,Active Street,Autumn,Johannesburg,Young professionals,Outerwear,68,43,Very High,12.5,Low,creator content,monitor pricing concern,customer acquisition,"Use Active Street to test a occasionwear opportunity for Young professionals and track ROI, sell-through, and sentiment."
TREND-0191,Utility Cargo Streetwear,Autumn,Cape Town,Fashion-forward youth,Activewear,96,86,Very High,12.5,High,competitor scan,add to growth register,improved sell-through,"Use Utility Cargo Streetwear to test a outerwear opportunity for Fashion-forward youth and track ROI, sell-through, and sentiment."
TREND-0192,Back to Campus Fits,Summer,Cape Town,Fashion-forward youth,Occasionwear,57,85,Low,12.85,Medium,competitor scan,test capsule collection,margin protection,"Use Back to Campus Fits to test a basics opportunity for Fashion-forward youth and track ROI, sell-through, and sentiment."
TREND-0193,Active Street,Back to Campus,East London,Holiday shoppers,Activewear,74,72,Medium-High,6.01,Medium,campaign comments,create campaign,better campaign ROI,"Use Active Street to test a activewear opportunity for Holiday shoppers and track ROI, sell-through, and sentiment."
TREND-0194,Relaxed Cargo Denim,Holiday/Festive,Durban,Fashion-forward youth,Tops,68,58,High,1.91,Low,store feedback,expand assortment,customer acquisition,"Use Relaxed Cargo Denim to test a occasionwear opportunity for Fashion-forward youth and track ROI, sell-through, and sentiment."
TREND-0195,Colour Pop Accessories,Heritage Month,Cape Town,Conscious shoppers,Activewear,54,50,Medium-High,4.79,High,search trend,find collaborators,reduced markdown risk,"Use Colour Pop Accessories to test a activewear opportunity for Conscious shoppers and track ROI, sell-through, and sentiment."
TREND-0196,Resort Neutrals,Winter,Johannesburg,Campus shoppers,Basics,55,46,Very High,8.82,High,social listening,add to growth register,revenue growth,"Use Resort Neutrals to test a tops opportunity for Campus shoppers and track ROI, sell-through, and sentiment."
TREND-0197,Relaxed Cargo Denim,Summer,Johannesburg,Holiday shoppers,Dresses,53,91,Medium,2.26,Low,campaign comments,find collaborators,revenue growth,"Use Relaxed Cargo Denim to test a occasionwear opportunity for Holiday shoppers and track ROI, sell-through, and sentiment."
TREND-0198,Oversized Knitwear,Black Friday,Johannesburg,Young professionals,Basics,46,38,Very High,9.81,Low,store feedback,expand assortment,improved sell-through,"Use Oversized Knitwear to test a tops opportunity for Young professionals and track ROI, sell-through, and sentiment."
TREND-0199,Retro Sport Luxe,Heritage Month,Kimberley,Budget-conscious families,Basics,51,44,Very High,3.52,Low,store feedback,add to growth register,improved sell-through,"Use Retro Sport Luxe to test a outerwear opportunity for Budget-conscious families and track ROI, sell-through, and sentiment."
TREND-0200,Street Smart Athleisure,Heritage Month,Cape Town,Young working adults,Outerwear,68,63,High,10.01,High,product reviews,monitor pricing concern,better campaign ROI,"Use Street Smart Athleisure to test a tops opportunity for Young working adults and track ROI, sell-through, and sentiment."
TREND-0201,Sustainable Denim Capsule,Heritage Month,Durban,Holiday shoppers,Bottoms,69,73,High,2.08,Low,campaign comments,add to growth register,reduced markdown risk,"Use Sustainable Denim Capsule to test a footwear opportunity for Holiday shoppers and track ROI, sell-through, and sentiment."
TREND-0202,Local Culture Prints,Autumn,Kimberley,Sneaker culture audience,Activewear,47,52,Medium,15.26,High,store feedback,create campaign,revenue growth,"Use Local Culture Prints to test a outerwear opportunity for Sneaker culture audience and track ROI, sell-through, and sentiment."
TREND-0203,Weekend Travel Fits,Graduation/Occasionwear,Johannesburg,Occasionwear shoppers,Dresses,87,40,Medium,15.69,Medium,historical sales pattern,add to growth register,better campaign ROI,"Use Weekend Travel Fits to test a accessories opportunity for Occasionwear shoppers and track ROI, sell-through, and sentiment."
TREND-0204,Back to Campus Fits,Autumn,East London,Conscious shoppers,Footwear,55,74,Medium,10.04,Medium,creator content,add to growth register,better campaign ROI,"Use Back to Campus Fits to test a denim opportunity for Conscious shoppers and track ROI, sell-through, and sentiment."
TREND-0205,Street Smart Athleisure,Autumn,Pretoria,Sneaker culture audience,Footwear,92,60,Low,2.72,Low,creator content,add to growth register,improved sell-through,"Use Street Smart Athleisure to test a tops opportunity for Sneaker culture audience and track ROI, sell-through, and sentiment."
TREND-0206,Oversized Knitwear,Back to Campus,Polokwane,Young professionals,Denim,76,52,Medium-High,9.83,Medium,creator content,create campaign,customer acquisition,"Use Oversized Knitwear to test a outerwear opportunity for Young professionals and track ROI, sell-through, and sentiment."
TREND-0207,Street Smart Athleisure,Spring,Durban,Young working adults,Accessories,50,55,Medium,7.13,High,search trend,find collaborators,revenue growth,"Use Street Smart Athleisure to test a bottoms opportunity for Young working adults and track ROI, sell-through, and sentiment."
TREND-0208,Coastal Summer Linen,Back to Campus,Durban,Young professionals,Accessories,68,86,Medium-High,2.79,Low,campaign comments,expand assortment,customer acquisition,"Use Coastal Summer Linen to test a basics opportunity for Young professionals and track ROI, sell-through, and sentiment."
TREND-0209,Bold Graphic Tees,Autumn,Bloemfontein,Gen Z students,Accessories,50,60,Very High,2.65,High,social listening,find collaborators,reduced markdown risk,"Use Bold Graphic Tees to test a accessories opportunity for Gen Z students and track ROI, sell-through, and sentiment."
TREND-0210,Relaxed Cargo Denim,Autumn,Durban,Sneaker culture audience,Denim,60,74,Very High,3.85,Medium,store feedback,find collaborators,improved sell-through,"Use Relaxed Cargo Denim to test a activewear opportunity for Sneaker culture audience and track ROI, sell-through, and sentiment."
TREND-0211,Campus Sneaker Culture,Autumn,Bloemfontein,Budget-conscious families,Outerwear,72,55,High,5.88,Low,competitor scan,monitor pricing concern,better campaign ROI,"Use Campus Sneaker Culture to test a activewear opportunity for Budget-conscious families and track ROI, sell-through, and sentiment."
TREND-0212,Affordable Occasionwear,Spring,Bloemfontein,Young professionals,Occasionwear,51,46,Medium-High,1.31,Medium,creator content,add to growth register,improved sell-through,"Use Affordable Occasionwear to test a activewear opportunity for Young professionals and track ROI, sell-through, and sentiment."
TREND-0213,Active Street,Heritage Month,Cape Town,Occasionwear shoppers,Activewear,53,57,Medium-High,10.61,High,search trend,forecast demand,reduced markdown risk,"Use Active Street to test a footwear opportunity for Occasionwear shoppers and track ROI, sell-through, and sentiment."
TREND-0214,Heritage Style Drop,Black Friday,Bloemfontein,Occasionwear shoppers,Bottoms,95,53,Medium-High,7.07,Medium,competitor scan,expand assortment,customer acquisition,"Use Heritage Style Drop to test a denim opportunity for Occasionwear shoppers and track ROI, sell-through, and sentiment."
TREND-0215,Tech Utility Jackets,Graduation/Occasionwear,Pretoria,Gen Z students,Accessories,91,67,Medium,8.04,Medium,campaign comments,forecast demand,better campaign ROI,"Use Tech Utility Jackets to test a outerwear opportunity for Gen Z students and track ROI, sell-through, and sentiment."
TREND-0216,Earth Tone Basics,Back to Campus,Mbombela,Budget-conscious families,Occasionwear,90,65,High,2.35,High,creator content,expand assortment,customer acquisition,"Use Earth Tone Basics to test a accessories opportunity for Budget-conscious families and track ROI, sell-through, and sentiment."
TREND-0217,Workwear Remix,Summer,Pretoria,Campus shoppers,Dresses,89,89,Very High,10.46,Low,search trend,forecast demand,better campaign ROI,"Use Workwear Remix to test a occasionwear opportunity for Campus shoppers and track ROI, sell-through, and sentiment."
TREND-0218,Utility Cargo Streetwear,Heritage Month,Cape Town,Campus shoppers,Basics,95,65,Low,1.36,Medium,competitor scan,test capsule collection,improved sell-through,"Use Utility Cargo Streetwear to test a accessories opportunity for Campus shoppers and track ROI, sell-through, and sentiment."
TREND-0219,Resort Neutrals,Graduation/Occasionwear,Pretoria,Budget-conscious families,Bottoms,67,39,High,2.83,Medium,historical sales pattern,find collaborators,improved sell-through,"Use Resort Neutrals to test a footwear opportunity for Budget-conscious families and track ROI, sell-through, and sentiment."
TREND-0220,Resort Neutrals,Spring,Mbombela,Sneaker culture audience,Footwear,75,60,High,2.72,High,product reviews,find collaborators,revenue growth,"Use Resort Neutrals to test a bottoms opportunity for Sneaker culture audience and track ROI, sell-through, and sentiment."
